区市町村名,施設名称,住所,ホームページURL,"クーリングシェルター
の指定",開放可能日等(開館時間等),"受入れ
可能名数","TOKYOクールシェア
スポットの登録","開放可能日等(開館時間等)
※詳細は、各施設ＨＰ等でご確認ください。",対象の場所
千代田区,千代田区役所,千代田区九段南1丁目2－1,https://www.city.chiyoda.lg.jp/koho/kuse/gaiyo/access.html,〇,平日8:30～17:00,50名,〇,平日8:30～17:00,館内
千代田区,麹町出張所,千代田区麹町2丁目8,https://www.city.chiyoda.lg.jp/shisetsu/kuyakusho/kojimachi-shuchojo.html,〇,平日8:30～17:00,10名,〇,平日8:30～17:00,1階ロビー
千代田区,富士見出張所,千代田区富士見1丁目6－7,https://www.city.chiyoda.lg.jp/shisetsu/kuyakusho/fujimi-shuchojo.html,〇,平日8:30～17:00,5名,〇,平日8:30～17:00,1階ロビー
千代田区,東京消防庁スクワール麹町,千代田区麹町6-6,https://www.tfd.metro.tokyo.lg.jp/ts/square/index.html,〇,平日8:30～17:15,15名,〇,平日8:30～17:15,1階エントランス
千代田区,神保町出張所,千代田区神田神保町2丁目40,https://www.city.chiyoda.lg.jp/shisetsu/kuyakusho/jinbocho-shuchojo.html,〇,平日8:30～17:00,10名,〇,平日8:30～17:00,1階ロビー
千代田区,神田公園出張所,千代田区神田司町2丁目2,https://www.city.chiyoda.lg.jp/shisetsu/kuyakusho/kandakoen-shuchojo.html,〇,平日8:30～17:00,6名,〇,平日8:30～17:00,1階ロビー
千代田区,万世橋出張所,千代田区外神田1丁目1－13,https://www.city.chiyoda.lg.jp/shisetsu/kuyakusho/manseibashi-shuchojo.html,〇,平日8:30～17:00,6名,〇,平日8:30～17:00,1階ロビー
千代田区,和泉橋出張所,千代田区神田佐久間町1丁目11－7,https://www.city.chiyoda.lg.jp/shisetsu/kuyakusho/izumibashi-shuchojo.html,〇,平日8:30～17:00,5名,〇,平日8:30～17:00,1階・2階ロビー
千代田区,障害者福祉センターえみふる,千代田区神田駿河台2丁目5,https://emifuru.com/,〇,"平日 09:00～21:00
土日祝 09:00～17:00
休館日：第2土曜日",5名,〇,"平日 09:00～21:00
土日祝 09:00～17:00
休館日：第2土曜日",1階ロビー
千代田区,千代田区障害者よろず相談Light,千代田区一ツ橋1丁目1－1　パレスサイドビル1階,https://hirai-luminal.or.jp/office/light/,〇,"平日 09:00～19:00
土曜 10:00～17:00
休館日：日曜・祝日",5名,〇,"平日 09:00～19:00
土曜 10:00～17:00
休館日：日曜・祝日",入口、フリースペース
千代田区,高齢者総合サポートセンターかがやきプラザ,千代田区九段南1丁目6ー10,https://www.city.chiyoda.lg.jp/koho/kenko/koresha/kore-shisetsu/kagayaki-plaza.html,〇,平日 09:00～17:00,20名,〇,"09:00～17:00
休館日：第1日曜日",1階風ぐるま待合スペース
千代田区,いきいきプラザ一番町,千代田区一番町12,https://www.ichibancho-camellia-kai.com/,〇,"09:00～17:00
休館日：毎月最終日曜日",20名,〇,"09:00～22:00
休館日：毎月最終日曜日",1階ロビー
千代田区,ジロール麹町,千代田区麹町2丁目14－3,,,,,〇,施設の開庁時間,館内
千代田区,ちよだパークサイドプラザ,千代田区神田和泉町1,https://www.city.chiyoda.lg.jp/shisetsu/bunka/parkside.html,〇,"平日・土 09:00～22:00
日祝 09:00～17:00
休館日：第3日曜日",4名,〇,"平日・土 09:00～22:00
日祝 09:00～17:00
休館日：第3日曜日",1階ロビー
千代田区,ちよだプラットフォームスクウェア,千代田区神田錦町3丁目21,,,,,〇,施設の開庁時間,館内
千代田区,千代田保健所,千代田区九段北1丁目2－14,https://www.city.chiyoda.lg.jp/shisetsu/hokenjo/chiyoda-hokenjo.html,〇,平日 08:30～17:00,20名,〇,平日8:30～17:00,館内
千代田区,千代田区立スポーツセンター,千代田区内神田2丁目1－8,https://shisetsu.mizuno.jp/m-7501,〇,"09:00～21:00
休館日：第3月曜日（祝日の場合は翌平日）",5名,〇,"09:00～21:00
休館日：第3月曜日（祝日の場合は翌平日）",1階ロビー
千代田区,四番町図書館,千代田区三番町14－7,https://www.library.chiyoda.tokyo.jp/yonbancho/,〇,"平日 09:00～20:00
土曜 09:00～19:00
日祝 09:00～17:00
休館日：第1日曜日",3名,〇,"平日 09:00～20:00
土曜 09:00～19:00
日祝 09:00～17:00
休館日：第1日曜日",1階カウンター前
千代田区,昌平まちかど図書館,千代田区外神田3丁目4－7,https://www.library.chiyoda.tokyo.jp/shohei/,〇,"09:00～20:00
休館日：第2日曜日",4名,〇,"09:00～20:00
休館日：第2日曜日",1階カウンター前
千代田区,神田まちかど図書館,千代田区神田司町2丁目16,https://www.library.chiyoda.tokyo.jp/kanda/,〇,"09:00～20:00
休館日：第3日曜日",5名,〇,"09:00～20:00
休館日：第3日曜日",1階フロア
千代田区,日比谷図書文化館,千代田区日比谷公園1丁目4,https://www.library.chiyoda.tokyo.jp/hibiya/,〇,"平日 10:00～22:00
土曜 10:00～19:00
日祝 10:00～17:00
休館日：第3月曜日・特別整理期間",20名,〇,"平日 10:00～22:00
土曜 10:00～19:00
日祝 10:00～17:00
休館日：第3月曜日・特別整理期間",1階エントランス
千代田区,Tokyo Innovation Base（TiB）,千代田区丸の内3-8-3,https://tib.metro.tokyo.lg.jp/,〇,"10:00～21:00（最終入場20:30)
土休日10:00～17:00（最終入場16:30)
臨時休館日の場合あり",30名,〇,"10:00～21:00（最終入場20:30)
土休日10:00～17:00（最終入場16:30)
臨時休館日の場合あり",１Fエントランス
千代田区,東京消防庁本部庁舎,千代田区大手町1-3-5,https://www.tfd.metro.tokyo.lg.jp/map/index.html,〇,平日8:30～17:15,30名,〇,平日8:30～17:15,1階エントランス
千代田区,緑と水の市民カレッジ,千代田区日比谷公園1-5,https://www.tokyo-park.or.jp/college/,〇,"平日・土9:00～17:00
休館日：日祝年末年始
※7月1日～9月30日はリニューアル工事のため閉館",60名,〇,"平日・土9:00～17:00
休館日：日祝年末年始
※7月1日～9月30日はリニューアル工事のため閉館",3階　日比谷パークビズ、図書館内
千代田区,九段生涯学習館,千代田区九段南1-5-10,https://www.city.chiyoda.lg.jp/shisetsu/bunka/kudan-gakushu.html,〇,"09:00～20:00
休館日：第3月曜日（祝日の場合は翌平日）",5名,〇,"09:00～20:00
休館日：第3月曜日（祝日の場合は翌平日）",1階ロビー
中央区,中央区観光情報センター,京橋2-2-1「京橋江戸グラン」内,https://centraltokyo-tourism.com/ja-jp/travel_info/learn,〇,"令和8年4月22日から10月21日まで
9:00～21:00（5/23（土）～6/20（土）、7/25（土）、26(日)、9/13（日）、9/14(月)は除く)",21名（涼む目的以外の施設本来の利用状況等により変動あり）,〇,"令和8年4月22日から10月21日まで
9:00～21:00（5/23～6/20は、利用人数制限)
(7/25、7/26、9/13、9/14は、利用不可）",地下1階観光案内所の一部及び1階休憩PRスペース
中央区,環境情報センター「エコノバ」,京橋3-1-1東京スクエアガーデン6階京橋環境ステーション内,https://chuo-eco-noba.jp/,〇,"令和8年4月22日から10月21日まで
9:00～21:00（臨時休業日を除く）",5名（涼む目的以外の施設本来の利用状況等により変動あり）,〇,"令和8年4月22日から10月21日まで
9:00～21:00（臨時休業日を除く）",6階環境情報センター内展示情報コーナー
中央区,本の森ちゅうおう（京橋図書館）,新富1-13-14,https://www.library.city.chuo.tokyo.jp/contents?1&pid=11,〇,"令和8年4月22日から10月21日まで
平日・土曜日は9:00～21:00（休館日除く）
日曜日・祝日は9:00～21:00（休館日除く）
休館日：第3木曜日、臨時休館日",495名（涼む目的以外の施設本来の利用状況等により変動あり）,〇,"令和8年4月22日から10月21日まで
平日・土曜日は9:00～21:00（休館日除く）
日曜日・祝日は9:00～21:00（休館日除く）
休館日：第3木曜日、臨時休館日",1～5階
中央区,男女平等センター「ブーケ21」,湊1-1-1,https://www.city.chuo.lg.jp/bouquet21/index.html,〇,"令和8年4月22日から10月21日まで
9:00～21:00（臨時休館日除く）",30名（涼む目的以外の施設本来の利用状況等により変動あり）,〇,"令和8年4月22日から10月21日まで
9:00～21:00（臨時休館日除く）",館内1階
中央区,中央区保健所,明石町12-1,https://www.city.chuo.lg.jp/a0030/kenkouiryou/kenkou/hokenjo/hokennjyo.html,〇,"令和8年4月22日から10月21日まで
8:30～17:00（閉館日除く）
閉館日：土曜日、日曜日、祝日",10名（涼む目的以外の施設本来の利用状況等により変動あり）,〇,"令和8年4月22日から10月21日まで
8:30～17:00（閉館日除く）
閉館日：土曜日、日曜日、祝日",1階ロビー
中央区,明石町区民館,明石町14-2,https://www.city.chuo.lg.jp/a0013/kurashi/chiikicommunity/kuminkan/syukaisisetu05.html,〇,"令和8年4月22日から10月21日まで
9:00～21:00（臨時休館日除く）",4名（涼む目的以外の施設本来の利用状況等により変動あり）,〇,"令和8年4月22日から10月21日まで
9:00～21:00（臨時休館日除く）",1階ロビー
中央区,中央区役所本庁舎,築地1-1-1,https://www.city.chuo.lg.jp/a0006/kusei/gaiyou/kuyakusho/ku.html,〇,"令和8年4月22日から10月21日まで
8:30～17:00（閉庁日除く）
閉庁日：土曜日、祝日",50名（涼む目的以外の施設本来の利用状況等により変動あり）,〇,"令和8年4月22日から10月21日まで
8:30～17:00（閉庁日除く）
閉庁日：土曜日、祝日",1階ロビー
中央区,築地社会教育会館,築地4-15-2,https://chuo-shakyo.shopro.co.jp/tsukiji,〇,"令和8年4月22日から10月21日まで
9:00～21:00（臨時休館日除く）",30名（涼む目的以外の施設本来の利用状況等により変動あり）,〇,"令和8年4月22日から10月21日まで
9:00～21:00（臨時休館日除く）",2階ロビー
中央区,日本橋図書館,"日本橋人形町1-1-17
日本橋小学校等複合施設　6･7階",https://www.library.city.chuo.tokyo.jp/contents?2&pid=12,〇,"令和8年4月22日から10月21日まで
平日・土曜日：9:00～21:00（休館日除く）
日曜日・祝日：9:00～17:00（休館日除く）
休館日：第4木曜日、臨時休館日",187名（涼む目的以外の施設本来の利用状況等により変動あり）,〇,"令和8年4月22日から10月21日まで
平日・土曜日：9:00～21:00（休館日除く）
日曜日・祝日：9:00～17:00（休館日除く）
休館日：第4木曜日、臨時休館日",6・7階
中央区,日本橋社会教育会館,"日本橋人形町1-1-17
日本橋小学校等複合施設　地下2階",https://chuo-shakyo.shopro.co.jp/nihonbashi,〇,"令和8年4月22日から10月21日まで
9:00～21:00（臨時休館日除く）",28名（涼む目的以外の施設本来の利用状況等により変動あり）,〇,"令和8年4月22日から10月21日まで
9:00～21:00（臨時休館日除く）",地下2階ロビー
中央区,人形町区民館,日本橋人形町2-14-5,https://www.nihonbashi5-chuo.tokyo.jp/ningyou/,〇,"令和8年4月22日から10月21日まで
9:00～21:00（臨時休館日除く）",4名（涼む目的以外の施設本来の利用状況等により変動あり）,〇,"令和8年4月22日から10月21日まで
9:00～21:00（臨時休館日除く）",5階ロビー
中央区,総合スポーツセンター,日本橋浜町2-59-1,https://www.chuo-sports.jp/,〇,"令和8年4月22日から10月21日まで
9:00～21:00（休館日除く）
休館日：第3月曜日 臨時休館日",12名（涼む目的以外の施設本来の利用状況等により変動あり）,〇,"令和8年4月22日から10月21日まで
9:00～21:00（休館日除く）
休館日：第3月曜日 臨時休館日",1階ロビー
中央区,月島スポーツプラザ,月島1-9-2,https://www.chuo-sports.jp/tsukishima/,〇,"令和8年4月22日から10月21日まで
9:00～21:00（休館日除く）
休館日：第3月曜日、臨時休館日",12名（涼む目的以外の施設本来の利用状況等により変動あり）,〇,"令和8年4月22日から10月21日まで
9:00～21:00（休館日除く）
休館日：第3月曜日、臨時休館日",1階ロビー
中央区,月島保健センター,月島2-10-3　3階,https://www.city.chuo.lg.jp/a0030/kenkouiryou/kenkou/hokenjo/tukisimahokennsennta.html,〇,"令和8年4月22日から10月21日まで
8:30～17:00（閉館日除く）
閉館日：土曜日、日曜日、祝日",8名（涼む目的以外の施設本来の利用状況等により変動あり）,〇,"令和8年4月22日から10月21日まで
8:30～17:00（閉館日除く）
閉館日：土曜日、日曜日、祝日",3階ロビー
中央区,月島区民センター,月島4-1-1,https://www.city.chuo.lg.jp/a0018/kusei/gaiyou/kuyakusho/tukishima.html,〇,"令和8年4月22日から10月21日まで
8:30～21:00（臨時休館日除く）",8名（涼む目的以外の施設本来の利用状況等により変動あり）,〇,"令和8年4月22日から10月21日まで
8:30～21:00（臨時休館日除く）",1階エントランスホール
中央区,月島図書館,"月島4-1-1
月島区民センター　3階",https://www.library.city.chuo.tokyo.jp/contents?3&pid=13,〇,"令和8年4月22日から10月21日まで
平日・土曜日：9:00～21:00（休館日除く）
日曜日・祝日：9:00～17:00（休館日除く）
休館日：第4木曜日、臨時休館日",103名（涼む目的以外の施設本来の利用状況等により変動あり）,〇,"令和8年4月22日から10月21日まで
平日・土曜日：9:00～21:00（休館日除く）
日曜日・祝日：9:00～17:00（休館日除く）
休館日：第4木曜日、臨時休館日",3階
中央区,月島社会教育会館,"月島4-1-1
月島区民センター　4･5階",https://chuo-shakyo.shopro.co.jp/tsukishima,〇,"令和8年4月22日から10月21日まで
9:00～21:00（臨時休館日除く）",14名（涼む目的以外の施設本来の利用状況等により変動あり）,〇,"令和8年4月22日から10月21日まで
9:00～21:00（臨時休館日除く）",4階ロビー
中央区,勝どき区民館,勝どき1丁目5番1号,https://www.city.chuo.lg.jp/a0013/kurashi/chiikicommunity/kuminkan/syukaisisetu15.html,〇,"令和8年4月22日から10月21日まで
9:00～21:00（臨時休館日除く）",4名（涼む目的以外の施設本来の利用状況等により変動あり）,〇,"令和8年4月22日から10月21日まで
9:00～21:00（臨時休館日除く）",1階ロビー
中央区,月島社会教育会館晴海分館「アートはるみ」,"晴海1丁目4番1号
月島第三小学校等複合施設地下1階",https://chuo-shakyo.shopro.co.jp/harumi,〇,"令和8年4月22日から10月21日まで
9:00～21:00（臨時休館日除く）",33名（涼む目的以外の施設本来の利用状況等により変動あり）,〇,"令和8年4月22日から10月21日まで
9:00～21:00（臨時休館日除く）",地下1階ロビー
中央区,晴海区民センター,晴海4丁目8番1号,https://www.city.chuo.lg.jp/a0056/kusei/gaiyou/kuyakusyo/harumi.html,〇,"令和8年4月22日から10月21日まで
平日：8:30～21:00（第3木曜日除く）
第3木曜日：8:30～18:00
土曜日：9:00～21:00
日曜日・祝日：9:00～17:00
（臨時休館日除く）",8名（涼む目的以外の施設本来の利用状況等により変動あり）,〇,"令和8年4月22日から10月21日まで
平日：8:30～21:00（第3木曜日除く）
第3木曜日：8:30～18:00
土曜日：9:00～21:00
日曜日・祝日：9:00～17:00
（臨時休館日除く）",1階エントランスホール
中央区,晴海図書館,晴海4丁目8番1号,https://www.city.chuo.lg.jp/a0052/toshobunkazai/harumi20240601.html,〇,"令和8年4月22日から10月21日まで
平日・土曜日：9:00～21:00（休館日除く）
日曜日・祝日：9:00～17:00(休館日除く）
休館日：第3木曜日、臨時休館日",280名（涼む目的以外の施設本来の利用状況等により変動あり）,〇,"令和8年4月22日から10月21日まで
平日・土曜日：9:00～21:00（休館日除く）
日曜日・祝日：9:00～17:00
休館日：第3木曜日、臨時休館日",3・4階
中央区,晴海保健センター,"晴海4丁目8番1号　
晴海区民センター5階",https://www.city.chuo.lg.jp/a0006/harumihoken.html,〇,"令和8年4月22日から10月21日まで
8:30～17:00（閉館日除く）
閉館日：土曜日、日曜日、祝日",20名（涼む目的以外の施設本来の利用状況等により変動あり）,〇,"令和8年4月22日から10月21日まで
8:30～17:00（閉館日除く）
閉館日：土曜日、日曜日、祝日",5階ロビー
中央区,晴海地域交流センター「はるみらい」,晴海5丁目2番3号,https://www.harumirai.jp/,〇,"令和8年4月22日から10月21日まで
9:00～21:00（臨時休館日除く）",42名（涼む目的以外の施設本来の利用状況等により変動あり）,〇,"令和8年4月22日から10月21日まで
9:00～21:00（臨時休館日除く）",館内1階共用部
中央区,いきいき桜川（桜川敬老館）,入船1丁目1番13号　3階,https://www.city.chuo.lg.jp/a0028/shisetsu/genre/fukushi/fukushi00009.html,〇,"令和8年4月22日から10月21日まで
9:00～17:00
(令和8年7月1日から9月13日は9:00～18:00)",30名　60歳以上が利用可（涼む目的以外の施設本来の利用状況等により変動あり）,〇,"令和8年4月22日から10月21日まで
9:00～17:00
(令和8年7月1日から9月13日は9:00～18:00)",3階ロビー
中央区,いきいき浜町（浜町敬老館）,日本橋浜町3丁目37番1号　2階,https://www.city.chuo.lg.jp/a0028/shisetsu/genre/fukushi/fukushi00010.html,〇,"令和8年4月22日から10月21日まで
9:00～17:00
(令和8年7月1日から9月13日は9:00～18:00)",50名　60歳以上が利用可（涼む目的以外の施設本来の利用状況等により変動あり）,〇,"令和8年4月22日から10月21日まで
9:00～17:00
(令和8年7月1日から9月13日は9:00～18:00)",2階ロビー
中央区,いきいき勝どき（勝どき敬老館）,勝どき1丁目5番1号　2階,https://www.city.chuo.lg.jp/a0028/shisetsu/genre/fukushi/fukushi00011.html,〇,"令和8年4月22日から10月21日まで
9:00～17:00
(令和8年7月1日から9月13日は9:00～18:00)",60名　60歳以上が利用可（涼む目的以外の施設本来の利用状況等により変動あり）,〇,"令和8年4月22日から10月21日まで
9:00～17:00
(令和8年7月1日から9月13日は9:00～18:00)",2階ロビー
中央区,シニアセンター,佃1丁目11番1号,https://www.city.chuo.lg.jp/a0028/kenkouiryou/koureikaigo/koureisha-shien/otosiyori/siniasenta.html,〇,"令和8年4月22日から10月21日まで
9:00～21:00（臨時休館日除く）","12名　概ね50歳以上が利用可
（涼む目的以外の施設本来の利用状況等により変動あり）",〇,"令和8年4月22日から10月21日まで
9:00～21:00（臨時休館日除く）",1階情報コーナー
中央区,"日本橋特別出張所
日本橋区民センター",日本橋蛎殻町一丁目31番1号,https://www.city.chuo.lg.jp/a0017/kusei/gaiyou/kuyakusho/nihonbashitokubetu.html,〇,"令和8年4月22日から10月21日まで
9:00～21:00（臨時休館日除く）",,〇,"令和8年4月22日から10月21日まで
9:00～21:00（臨時休館日除く）",1階情報コーナー
中央区,堀留町区民館,日本橋堀留町一丁目1番1号,https://www.city.chuo.lg.jp/a0013/kurashi/chiikicommunity/kuminkan/syukaisisetu08.html,〇,"令和8年4月22日から10月21日まで
9:00～21:00（臨時休館日除く）",,〇,"令和8年4月22日から10月21日まで
9:00～21:00（臨時休館日除く）",1階情報コーナー
中央区,日本橋保健センター,日本橋堀留町一丁目1番1号　4階,https://www.city.chuo.lg.jp/a0030/kenkouiryou/kenkou/hokenjo/nihonnbasihokenn.html,〇,"令和8年4月22日から10月21日まで　　　8時30分から17時（閉館日除く）
閉館日：土曜日、日曜日、祝日","8名　概ね50歳以上が利用可
（涼む目的以外の施設本来の利用状況等により変動あり）",〇,"令和8年4月22日から10月21日まで
9:00～21:00（臨時休館日除く）",4階ロビー
中央区,松屋銀座,中央区銀座3-6-1,,〇,"令和8年5月１日から９月30日まで
午前11時～午後8時
(日曜日もしくは連休最終日は午後7時30まで）",20名,〇,"令和8年5月１日から９月30日まで
午前11時～午後8時
(日曜日もしくは連休最終日は午後7時30まで）","スペースオブギンザエスカレーター脇
休憩スペース　（中２階～中5階）　　　　　　屋上エレベーターホール前休憩スペース"
中央区,銀座三越,中央区銀座4-6-16,,〇,令和8年5月1日から9月30日まで　　　　午前10時～午後8時,20名前後,〇,令和8年5月1日から9月30日まで　　　　午前10時～午後8時,新館９階 銀座テラス
中央区,日本橋髙島屋S.C.　本館,中央区日本橋2-4-1,,〇,令和8年5月1日から9月30日まで　　　　午前10時30分～午後7時30分,200名,〇,令和8年5月1日から9月30日まで　　　　午前10時30分～午後7時30分,日本橋髙島屋S.C.　本館
中央区,日本橋高島屋S.C.　新館,中央区日本橋2-5-1,,〇,"令和8年5月1日から9月30日まで　　　　午前10時30分～午後11時00分
（2階～5階は午後8時まで）",40名,〇,令和8年5月1日から9月30日まで　　　　午前10時30分～午後11時00分　　　　（2階～5階は午後8時まで）,"日本橋高島屋S.C.新館
休憩スペース（2階～7階）"
中央区,日本橋三越本店,中央区日本橋室町1-4-1,,〇,令和8年5月1日から9月30日まで　　　　午前10時～午後7時,20名前後,〇,令和8年5月1日から9月30日まで　　　　　午前10時～午後7時,本館４階　中央　ライトウェル
中央区,"多世代交流スペース
はまるーむ",中央区日本橋浜町3-40-3,,〇,"令和8年5月1日から9月30日まで　　　　毎週月・木・金曜日午前10時～午後6時
（団体活動時、利用できない場合あり）",15名,〇,"令和8年5月1日から9月30日まで　　　　毎週月・木・金曜日午前10時～午後6時
（団体活動時、利用できない場合あり）",多世代交流スペース　はまるーむ
中央区,コレド室町テラス,中央区日本橋室町三丁目２番１号,,〇,令和8年5月1日から9月30日まで　　　　午前11時～午後11時,40名,〇,令和8年5月1日から9月30日まで　　　　午前11時～午後11時,地下１階共用部通路
中央区,コレド室町１,中央区日本橋室町二丁目２番１号,,〇,令和8年5月1日から9月30日まで　　　　　午前11時～午後11時,18名,〇,令和8年5月1日から9月30日まで　　　　午前11時～午後11時,１階共用部通路
中央区,コレド室町２,中央区日本橋室町二丁目３番１号,,〇,令和8年5月1日から9月30日まで　　　　午前11時～午後11時,20名,〇,令和8年5月1日から9月30日まで　　　　午前11時～午後11時,１階共用部通路
中央区,コレド室町３,中央区日本橋室町一丁目５番５号,,〇,令和8年5月1日から9月30日まで　　　　　午前11時～午後11時まで　,15名,〇,令和8年5月1日から9月30日まで　　　　午前11時～午後11時,１階共用部通路
中央区,高知県アンテナショップ　まるごと高知,中央区銀座1-3-13　オーブ プレミア　１F,,〇,令和8年5月1日から9月30日まで　　　　10時30分から19時00分まで（閉店日除く）,10名,〇,令和8年5月1日から9月30日まで　　　　10時30分から19時00分まで（閉店日除く）,1階及び地下
中央区,ダイハツ東京販売株式会社　Dモール月島店,中央区月島２－１５－１,,〇,令和8年5月1日から9月30日まで　　　　午前9時30分～午後6時（定休日を除く）,10名,〇,令和8年5月1日から9月30日まで　　　　午前9時30分～午後6時（定休日を除く）,１階ショールーム
中央区,アイ調剤薬局,中央区日本橋室町4丁目1番6号,,〇,"令和8年5月1日から9月30日まで　　　　平日　月～金　9時30分から18時30分
　　　土曜日　10時から12時",3人,〇,"令和8年5月1日から9月30日まで　　　　平日　月～金　9時30分から18時30分
　　　土曜日　10時から12時",待合室、薬局のお客様の利用に供する部分
中央区,チトセ薬局,"中央区日本橋蛎殻町1丁目19番9号
ルート蛎殻町ビル1階",,〇,"令和8年5月1日から9月30日まで　　　　平日　月～金　9時30分から18時30分
　　　土曜日　10時から13時",2人,〇,"令和8年5月1日から9月30日まで　　　　平日　月～金　9時30分から18時30分
　　　土曜日　10時から13時",待合室、薬局のお客様の利用に供する部分
中央区,川名薬局,中央区東日本橋3丁目7番3号,,〇,令和8年5月1日から9月30日まで　　　　平日　月～金　8時から18時,1人,〇,令和8年5月1日から9月30日まで　　　　平日　月～金　8時から18時,待合室、薬局のお客様の利用に供する部分
中央区,さくらんぼ薬局,中央区日本橋茅場町2丁目2番2号,,〇,"令和8年5月1日から9月30日まで　　　　平日　月～金　9時から18時
　　　土曜日　9時30分から11時30分",3人,〇,令和8年5月1日から9月30日まで　　　　平日　月～金　8時から18時,待合室、薬局のお客様の利用に供する部分
中央区,ひまわり薬局　茅場町店,"中央区日本橋茅場町2丁目6番8号
大湯ビル1階",,〇,"令和8年5月1日から9月30日まで　　　　平日　月曜日　8時から18時30分
　　　火～金　8時から19時30分
　　　土曜日　10時から14時",3人,〇,"令和8年5月1日から9月30日まで　　　　平日　月曜日　8時から18時30分
　　　火～金　8時から19時30分
　　　土曜日　10時から14時",待合室、薬局のお客様の利用に供する部分
中央区,しまづる浜町薬局,中央区日本橋浜町2-31-1　浜町センタ－ビル1F,,〇,令和8年5月1日から9月30日まで　　　　平日　月～金　９時～17時,2人,〇,令和8年5月1日から9月30日まで　　　　平日　月～金　９時～17時,待合室、薬局のお客様の利用に供する部分
中央区,サンローズ薬局日本橋店,中央区日本橋富沢町10-18　ユニゾ東日本橋ビル1F,,〇,令和8年5月1日から9月30日まで　　　　平日　月～金　10時～13時、14時30分～17時30分　土　10時～12時,2-3人,〇,　令和8年5月1日から9月30日まで　　　平日　月～金　10時～17時　　　土　10～12時　,待合室、薬局のお客様の利用に供する部分
中央区,薬局トモズトルナ－レ浜町店,中央区日本橋浜町3-3-1,,〇,令和8年5月1日から9月30日まで　　　　平日　月～金　9時～18時30分　土　9時～18時,1-5人,〇,令和8年5月1日から9月30日まで　　　　平日　月～金　9時～18時30分　土　9時～18時,待合室、薬局のお客様の利用に供する部分
中央区,スタ－薬局,中央区日本橋本石町３－２－１２,,〇,令和8年5月1日から9月30日まで　　　　平日　月～金　8時45分～17時,3人,〇,令和8年5月1日から9月30日まで　　　　平日　月～金　8時45分～17時,待合室、薬局のお客様の利用に供する部分
中央区,テトラ薬局,中央区日本橋人形町1-4-14,,〇,令和8年5月1日から9月30日まで　　　　平日　月～金　9時～17時30分　土　9時～12時30分,3人,〇,令和8年5月1日から9月30日まで　　　　平日　月～金　9時～17時30分　土　9時～12時30分,待合室、薬局のお客様の利用に供する部分
中央区,テトラ薬局人形町２丁目店,中央区日本橋人形町2-9-7　未来堂ビル１F,,〇,令和8年5月1日から9月30日まで　　　　　平日　月～金　10時～17時,2人,〇,令和8年5月1日から9月30日まで　　　　平日　月～金　10時～17時,待合室、薬局のお客様の利用に供する部分　長時間の利用は対応しかねます
中央区,ホリベ薬局人形町店,中央区日本橋蛎殻町1－29－6水天宮前東急１F,,〇,令和8年5月1日から9月30日まで　　　　　平日　月～金　9時30分～13時30分、14時30分～18時30分,3人,〇,令和8年5月1日から9月30日まで　　　　　平日　月～金　9時30分～13時30分、14時30分～18時30分,待合室、薬局のお客様の利用に供する部分　
中央区,れんげ薬局日本橋店,中央区日本橋堀留町1－10－19,,〇,令和8年5月1日から9月30日まで　　　　　平日　月～金　9時～17時30分　　土曜日　9時～13時,2人,〇,令和8年5月1日から9月30日まで　　　　　平日　月～金　9時～17時30分　　　土曜日　9時～13時,待合室、薬局のお客様の利用に供する部分　
中央区,テトラ薬局中央店,中央区日本橋人形町2-7－10エル人形町ビル１F,,〇,令和8年5月1日から9月30日まで　　　　　平日　月～金　9時～18時　　　　　土　9時～16時30分,3人,〇,令和8年5月1日から9月30日まで　　　　平日　月～金　9時～18時　　　　　土9時～16時30分,待合室、薬局のお客様の利用に供する部分　長時間の利
中央区,清心丹薬局,中央区日本橋人形町1－4－10,,〇,令和8年5月1日から9月30日まで　　　　　平日　月～金　9時～19時,3人,〇,令和8年5月1日から9月30日まで　　　　平日　月～金　9時～19時,待合室、薬局のお客様の利用に供する部分　
中央区,トラヤ薬局,中央区築地2-9-6,,〇,令和8年5月1日から9月30日まで　　　　月〜金曜日　9時から18時　土曜日9時〜13時,3人,〇,令和8年5月1日から9月30日まで　　　　月〜金曜日　9時から18時　土曜日9時〜13時,待合室、薬局のお客様の利用に供する部分
中央区,アイン薬局月島店,中央区月島1丁目13-6ウェルネス月島1階,,〇,令和8年5月1日から9月30日まで　　　　月～土　9時から18時,2人,〇,令和8年5月1日から9月30日まで　　　　月～土　9時から18時,待合室、薬局のお客様の利用に供する部分
中央区,近藤薬局,中央区築地2-11-26,,〇,令和8年5月1日から9月30日まで　　　　火•水•木•金　9時から19時　　　　土曜日　9時から13時,20人,〇,令和8年5月1日から9月30日まで　　　　火•水•木•金　9時から19時　　　　土曜日　9時から13時,待合室、薬局のお客様の利用に供する部分
中央区,薬局エスエルファーマシー,中央区明石町8-1聖路加タワー2階,,〇,令和8年5月1日から9月30日まで　　　　月〜金曜日9時〜18時　　　　　　　土曜10時〜14時,5人,〇,令和8年5月1日から9月30日まで　　　　月〜金曜日9時〜18時　　　　　　　土曜10時〜14時,待合室、薬局のお客様の利用に供する部分
中央区,テトラ薬局新富町店,中央区新富町1‐6‐15　サニービル1F,,〇,令和8年5月1日から9月30日まで　　　　月から金　９時から18時　　　　　土　9時から13時,２～３人,〇,令和8年5月1日から9月30日まで　　　　月から金　９時から18時　　　　　土　9時から13時,待合室、薬局のお客様の利用に供する部分
中央区,フレンド薬局,中央区月島1-11-9,,〇,"令和8年5月1日から9月30日まで　　　　平日　9時から18時30分　土曜日　9時から13時30分
日曜祝日休み",1日10人,〇,"令和8年5月1日から9月30日まで　　　　平日　9時から18時30分　土曜日　9時から13時30分
日曜祝日休み",待合室、薬局のお客様の利用に供する部分
中央区,薬局トモズ晴海トリトン店,中央区晴海1−8−16晴海トリトン2階,,〇,令和8年5月1日から9月30日まで　　　　全日　8時30分〜19時,2人,〇,令和8年5月1日から9月30日まで　　　　全日　8時30分〜19時,待合室、薬局のお客様の利用に供する部分
中央区,勝どき一丁目薬局,"中央区勝どき1-3-1
Brillia ist Tower勝どき1階",,〇,"令和8年5月1日から9月30日まで　　　　平日　9時から19時　土曜日　9時から13時
日曜祝日休み（営業時間に準じる）",3〜5人,〇,"令和8年5月1日から9月30日まで　　　　平日　9時から19時　土曜日　9時から13時
日曜祝日休み（営業時間に準じる）",待合室、薬局のお客様の利用に供する部分
中央区,銀座楽天堂薬局,中央区銀座3-14-13,,〇,令和8年5月1日から9月30日まで　　　　月、火、水、金、土曜日９時〜１７時,4人,〇,令和8年5月1日から9月30日まで　　　　月、火、水、金、土曜日９時〜１７時,待合室、薬局のお客様の利用に供する部分
中央区,ヘルス薬局　新富店,"中央区新富2-14-5　
ACN銀座イーストビル1階",,〇,"令和8年5月1日から9月30日まで　　　　月～金曜日　8時30分から18時30分
土曜日　8時30分から13時00分",3人,〇,"令和8年5月1日から9月30日まで　　　　月～金曜日　8時30分から18時30分
土曜日　8時30分から13時00分",待合室、薬局のお客様の利用に供する部分
中央区,越前堀薬局プッシュ,中央区新川2-22-6,,〇,"令和8年5月1日から9月30日まで　　　　月～金 曜日10時から18時　
土曜日9時30分から14時30分",3人前後,〇,"令和8年5月1日から9月30日まで　　　　月～金 曜日10時から18時　
土曜日9時30分から14時30分",待合室、薬局のお客様の利用に供する部分
中央区,アピス薬局勝どき店,中央区勝どき２－１１－１０,,〇,令和8年5月1日から9月30日まで　　　　平日9時から18時30分,2人,〇,令和8年5月1日から9月30日まで　　　　平日9時から18時30分,待合室、薬局のお客様の利用に供する部分
中央区,望星築地薬局,中央区明石町11-15,,〇,"令和8年5月1日から9月30日まで　　　　月・火・水・木・金曜日：8時30分から18時　
土曜日：9時から17時",5人,〇,"令和8年5月1日から9月30日まで　　　　月・火・水・木・金曜日：8時30分から18時　
土曜日：9時から17時",待合室、薬局のお客様の利用に供する部分
中央区,越前堀薬局,中央区新川2-17-12 Eビル1F,,〇,令和8年5月1日から9月30日まで　　　　月〜金　8:00〜19:30   土　8:30〜14:00,3人,〇,令和8年5月1日から9月30日まで　　　　月〜金　8:00〜19:30   土　8:30〜14:00,待合室、薬局のお客様の利用に供する部分
中央区,アポロ薬局,中央区月島2-17-9 1階,,〇,令和8年5月1日から9月30日まで　　　　月、水、木、金曜日　9時から17時,2人,〇,令和8年5月1日から9月30日まで　　　　月、水、木、金曜日　9時から17時,待合室、薬局のお客様の利用に供する部分
中央区,共創未来築地場外場薬局,中央区築地6-26-3,,〇,令和8年5月1日から9月30日まで　　　　月・火・水・木・金,3人,〇,令和8年5月1日から9月30日まで　　　　月・火・水・木・金,待合室、薬局のお客様の利用に供する部分
中央区,銀座清水薬局,中央区銀座5-7-7,,〇,令和8年5月1日から9月30日まで　　　　平日10時から19時、土日祝12時から18時,4人,〇,令和8年5月1日から9月30日まで　　　　平日10時から19時、土日祝12時から18時,待合室、薬局のお客様の利用に供する部分
中央区,田辺薬局　築地市場店,中央区築地4-4-12 OS築地ビル1階,,〇,令和8年5月1日から9月30日まで　　　　月・火・水・木・金9時から18時,2人,〇,令和8年5月1日から9月30日まで　　　　月・火・水・木・金9時から18時,待合室、薬局のお客様の利用に供する部分
中央区,阪神調剤薬局　銀座店,中央区銀座7-2-4ムサシ7ビル1階,,〇,"令和8年5月1日から9月30日まで　　　　月火金:10時から19時、水木:10時から20時
土:10時から16時",3人,〇,"令和8年5月1日から9月30日まで　　　　月火金:10時から19時、水木:10時から20時
土:10時から16時",待合室、薬局のお客様の利用に供する部分
中央区,なの花薬局新川八重洲通り店,中央区新川2－28－2メディカルプライム新川１F,,〇,令和8年5月1日から9月30日まで　　　　月～土の9時～18時,10人前後,〇,令和8年5月1日から9月30日まで　　　　月から土9時から18時,待合室、薬局のお客様の利用に供する部分
中央区,ハピネス薬局　銀座店,中央区銀座4－13－11銀座M＆Sビル地下1階,,〇,令和8年5月1日から9月30日まで　　　　10時から18時,数名程度,〇,令和8年5月1日から9月30日まで　　　　10時から18時,待合室、薬局のお客様の利用に供する部分
中央区,みのり薬局,中央区月島3－13－4善利ビル1階,,〇,"令和8年5月1日から9月30日まで　　　　平日　月～金　9時から19時
土曜日　9時から13時",3人,〇,"令和8年5月1日から9月30日まで　　　　平日　月～金　9時から19時
土曜日　9時から13時",待合室、薬局のお客様の利用に供する部分
中央区,新川調剤薬局FD,中央区新川2－16－11青木ビル1階,,〇,"令和8年5月1日から9月30日まで　　　　平日　月～金　9時から19時
",2人,〇,令和8年5月1日から9月30日まで　　　　平日　月～金　9時から19時,待合室、薬局のお客様の利用に供する部分
中央区,恵愛堂薬局,中央区月島4－3－3,,〇,"令和8年5月1日から9月30日まで　　　　平日　月～金　9時から19時
土曜日　9時から13時",2人,〇,"令和8年5月1日から9月30日まで　　　　平日　月～金　9時から19時
土曜日　9時から13時",待合室、薬局のお客様の利用に供する部分
港区,三田いきいきプラザ,港区芝四丁目1番17号,https://shiba-ikiiki.com/,〇,"月～土 9:00～21:00
日 9:00～17:00",5名,〇,月曜から土曜まで9:00～21:00、日曜9:00～17:00,開放場所は1F浴室前の廊下に設置の椅子
港区,神明いきいきプラザ,港区浜松町一丁目6番7号,https://shiba-ikiiki.com/,〇,"月～土 9:00～21:00
日 9:00～17:00","2名(9:00～17:00)
25名(17:00～21:00)",〇,月曜から土曜まで9:00～21:00、日曜9:00～17:00,開放場所は9:00～17:00は1Fエントランス、17:00以降は1F喫茶スペースも利用可能
港区,虎ノ門いきいきプラザ(とらトピア),港区虎ﾉ門一丁目21番10号,https://shiba-ikiiki.com/,〇,"月～土 9:00～21:00
日 9:00～17:00","8名(9:00～17:00)
26名(17:00～21:00)",〇,月曜から土曜まで9:00～21:00、日曜9:00～17:00,開放場所は9:00～17:00は1Fエントランス、17:00以降は1F喫茶スペースも利用可能
港区,南麻布いきいきプラザ,港区南麻布一丁目5番26号,http://www.central.co.jp/club/franchise/minamiazabu.html,〇,月曜から土曜まで9:00～21:30、日曜日9:00～17:00,10名,〇,月曜から土曜まで9:00～21:30、日曜日9:00～17:00,1階ロビー
港区,虎ノ門ヒルズ森タワー,港区虎ノ門一丁目23番1号,https://www.toranomonhills.com/,〇,月～日 9:00～20:00,4名,,,
港区,ありすいきいきプラザ,港区南麻布四丁目6番7号,http://business.central.co.jp/care/trust/alice/,〇,月曜から土曜まで9:00～21:30、日曜日9:00～20:00,10名,〇,月曜から土曜まで9:00～21:30、日曜日9:00～20:00,3階ロビー
港区,麻布いきいきプラザ,港区元麻布三丁目9番6号,http://www.central.co.jp/club/franchise/azabu.html,〇,月曜から土曜まで9:00～21:30、日曜日9:00～17:00,10名,〇,月曜から土曜まで9:00～21:30、日曜日9:00～17:00,3階ラウンジ
港区,西麻布いきいきプラザ,港区西麻布二丁目13番3号,http://www.central.co.jp/club/franchise/nishiazabu.html,〇,月曜から土曜まで9:00～21:30、日曜日9:00～17:00,10名,〇,月曜から土曜まで9:00～21:30、日曜日9:00～17:00,1階ロビー
港区,飯倉いきいきプラザ,港区東麻布二丁目16番11号,http://www.central.co.jp/club/franchise/iikura.html,〇,月曜から土曜まで9:00～21:30、日曜日9:00～17:00,5名,〇,月曜から土曜まで9:00～21:30、日曜日9:00～17:00,1階ロビー
港区,赤坂いきいきプラザ,港区赤坂六丁目4番8号,http://akasakaarea-ikiikiplaza.com/,〇,月曜から土曜まで9:00～20:00、日曜日9:00～17:00,"①4名
②4名",〇,月曜から土曜まで9:00～20:00、日曜日9:00～17:00,談話室（月～日）、浴室前の廊下(椅子の設置)（月～土）
港区,青山いきいきプラザ,港区南青山二丁目16番5号,http://akasakaarea-ikiikiplaza.com/,〇,月曜から土曜まで9:00～20:00、日曜日9:00～17:00,10名,〇,月曜から土曜まで9:00～20:00、日曜日9:00～17:00,リラクゼ-ションルーム、中央ホール
港区,青南いきいきプラザ,港区南青山四丁目10番1号,http://akasakaarea-ikiikiplaza.com/,〇,月曜から土曜まで9:00～20:00、日曜日9:00～17:00,6名,〇,月曜から土曜まで9:00～20:00、日曜日9:00～17:00,サロン室、リラクゼーション室、受付前の廊下
港区,豊岡いきいきプラザ,港区三田五丁目7番7号,https://www.foryou.or.jp/corp2/ikiikitoyooka/,〇,"月～土 9:00～21:30
日 9:00～17:00
（年末年始、臨時休館日を除く）",10名,〇,月曜から土曜まで9:00～21:30、日曜日9:00～17:00,1階教養娯楽室
港区,高輪いきいきプラザ,港区高輪三丁目18番15号,https://www.foryou.or.jp/corp2/ikiikitakanawa/,〇,"月～土 9:00～21:30
日 9:00～17:00
（年末年始、臨時休館日を除く）",3名,〇,月曜から土曜まで9:00～21:30、日曜日9:00～17:00,3階受付前または3階敬老室
港区,白金いきいきプラザ,港区白金三丁目10番12号,https://www.foryou.or.jp/corp2/ikiikishirokane/,〇,"月～土 9:00～21:30
日 9:00～17:00
（年末年始、臨時休館日を除く）",8名,〇,月曜から土曜まで9:00～21:30、日曜日9:00～17:00,3階サロン室
港区,神応いきいきプラザ,港区白金六丁目9番5号神応ほっとプラザ4階,https://www.foryou.or.jp/corp2/ikiikishinno/,〇,"月～土 9:00～21:30
日 9:00～17:00
（年末年始、臨時休館日を除く）",3名,〇,月曜から土曜まで9:00～21:30、日曜日9:00～17:00,1Fエントランス
港区,港南いきいきプラザ(ゆとりーむ),港区港南四丁目2番1号,http://www.yutori-mu.com/,〇,"月～土 9:00～21:30
日 9:00～17:00",15名,〇,月曜から土曜まで(毎月第4月曜日休館(7月除く))9:00～21:30、日曜日9:00～17:00,ラウンジ
港区,麻布地区総合支所,港区六本木5丁目16番45号,https://www.city.minato.tokyo.jp/azabu/index.html,〇,月曜から金曜まで 8:30～17:15,10名,〇,月曜から金曜まで 8:30～17:15,1Fロビー
港区,赤坂地区総合支所(赤坂コミュニティーぷらざ),港区赤坂4丁目18番13号,https://www.city.minato.tokyo.jp/akasaka/index.html,〇,"①月曜から日曜（全館休館日を除く）　8:30～21:30（大規模改修工事につき、令和11年度まで使用不可）
②月曜から金曜（祝日、年末年始を除く）　8:30～17:15","①4名（大規模改修工事につき、令和11年度まで使用不可）
②10名",〇,"①月曜から日曜（全館休館日を除く）　8:30～21:30（大規模改修工事につき、令和11年度まで使用不可）
②月曜から金曜（祝日、年末年始を除く）　8:30～17:15","①1階エレベーターホール（大規模改修工事につき、令和11年度まで使用不可）
②2階エレベーターホール"
港区,高輪地区総合支所,港区高輪1丁目16番25号,https://www.city.minato.tokyo.jp/takanawa/index.html,〇,月曜から金曜 7:30～22:00（年末年始、臨時休館日曜を除く）,8名,〇,月曜から金曜 7:30～22:00（年末年始、臨時休館日曜を除く）,1階インフォメーションホール
港区,芝浦港南地区総合支所,港区芝浦1丁目16番1号,https://www.city.minato.tokyo.jp/shibaura/index.html,〇,月曜から金曜（全館休館日、年末年始を除く） 8:30～17:00,16名,〇,月曜から金曜（全館休館日、年末年始を除く） 8:30～17:00,区民ギャラリー
港区,芝浦アイランド児童高齢者交流プラザ,港区芝浦四丁目20番1号,https://tokyo.ymca.or.jp/childcare/aipla/index.html,〇,"9:30～20:00（ただし、祝日及び12月29日・30日は9:30～18:15
（年末年始除く）",20名,〇,9:30～20:00（ただし、祝日及び12月29日・30日は9:30～18:15,憩いの部屋、ふれあいラウンジ
港区,麻布区民センター,港区六本木五丁目6番45号,https://www.kissport.or.jp/sisetu/azabu/,〇,月曜から日曜まで　9:00～21:30,16名,〇,月曜から日曜まで　9:00～21:30,2階談話室
港区,赤坂区民センター,港区赤坂四丁目18番13号 赤坂コミュニティーぷらざ3階～5階,https://www.kissport.or.jp/sisetu/akasaka/,〇,月曜から日曜まで（休館日を除く） 9:00～21:30,16名,〇,月曜から日曜まで（休館日を除く） 9:00～21:30,"3階ホワイエ
4階エレベーターホール
5階エレベーターホール"
港区,みなと保健所,港区三田一丁目4番10号,https://www.city.minato.tokyo.jp/shisetsu/hokenjo/hokenjo/00.html,〇,月曜から金曜まで 8:30～17:00,8名,〇,月曜から金曜まで 8:30～17:00,1階情報展示コーナー
港区,介護予防総合センター,港区芝浦一丁目16番1号,https://www.central.co.jp/plaza/rakuccha/,〇,月曜から土曜まで 9:00～21:30、日曜9:00～17:00,8名,〇,月曜から土曜まで 9:00～21:30、日曜9:00～17:00,ラウンジ
港区,みなと科学館,港区虎ノ門三丁目6番9号,https://minato-kagaku.tokyo/,〇,"月曜から日曜まで9:00～20:00
（第2月曜日、年末年始、臨時休館日除く）",15名,〇,"月曜から日曜まで9:00～20:00
（第2月曜日、年末年始、臨時休館日除く）",1階 多目的ロビー
港区,港区役所,港区芝公園一丁目5番25号,https://www.city.minato.tokyo.jp/,〇,月曜から金曜まで 8:00～17:30、水曜8:00～19:15,21名,〇,月曜から金曜まで 8:00～17:30、水曜8:00～19:15,区民ラウンジ
港区,芝浦港南区民センター,港区芝浦四丁目13番1号,https://www.kissport.or.jp/sisetu/shibaura-konan/,〇,"月～日 9:00～21:30
（休館日を除く）",10名,〇,"月～日 9:00～21:30
（休館日を除く）",1階共用スペースの談話コーナーと図書資料コーナー
港区,台場区民センター　　,港区台場一丁目5番1号,https://www.kissport.or.jp/sisetu/daiba/,〇,"月～日 9:00～21:30
（休館日を除く）",3名,〇,"月～日 9:00～21:30
（休館日を除く）",1階ロビー
港区,国際交流スペース,港区北青山一丁目6番3号　都営北青山一丁目アパート3号棟地下1階,https://www.city.minato.tokyo.jp/shisetsu/kankekikan/kankekikan/01.html,〇,"月～金　9:00～12:00、13:00～20:00
土　9:00～12:00、13:00～17:00
日　開放なし",5名,〇,"月～金　9:00～12:00、13:00～20:00
土　9:00～12:00、13:00～17:00
日　開放なし",ふれあい広場
港区,エコプラザ,港区浜松町一丁目13番1号,https://minato-ecoplaza.net/,〇,"月～日 9:30～20:00
（第4月曜を除く)",10名,〇,"月～日 9:30～20:00
（第4月曜を除く)",1階(使用状況による)
港区,郷土歴史館,港区白金台四丁目6番2号　ゆかしの杜,https://www.minato-rekishi.com/,〇,"月～日　9:00～17:00
（第3木曜を除く）",5名,〇,"月～日　9:00～17:00
（第3木曜を除く）",4階休憩スペース
港区,高輪区民センター,港区高輪一丁目16番25号,https://www.foryou.or.jp/corp2/takanawakumin/,〇,"月～日 9:00～21:30
（第2月曜日、年末年始、臨時休館日を除く）",14名,〇,"月～日 9:00～21:30
（第2月曜日、年末年始、臨時休館日を除く）",3階ラウンジ
港区,東京都立中央図書館,港区南麻布5-7-13,https://www.library.metro.tokyo.lg.jp/guide/central_library/,〇,開館時間（ＨＰ参照）,50名,〇,開館時間(HP参照),館内各所
港区,東京港建設事務所,港区港南3-9-56,,〇,"休館日:土・日・休日
利用時間8:00～18:00",100名,〇,"休館日:土・日・休日
利用時間8:00～18:00",1階エントランスホールの一部
港区,お台場海浜公園,港区台場1丁目,https://www.tptc.co.jp/park/01_02,,,,〇,"利用時間:
(日～水曜日)8:30～20:30、(木～土曜日)8:30～22:30",管理事務所1階(水上バス待合所)
港区,竹芝客船ターミナル,港区海岸1-16-3,http://www.tptc.co.jp/terminal/guide/takeshiba,〇,利用時間7:00～22:00,200名程度（待合所の利用状況により変動あり）,〇,利用時間7:00～22:00,待合所
港区,日の出ふ頭2号船客待合所,港区海岸2-7-104,,〇,利用時間10:30～19:00,20名程度（待合所の利用状況により変動あり）,〇,利用時間10:30～19:00,待合所
港区,東京都人権プラザ,港区芝二丁目5-6,https://www.tokyo-hrp.jp/,〇,東京都人権プラザの開館時間内(日曜日を除く9:30～17:30),35名,〇,東京都人権プラザの開館時間内(日曜日を除く9:30～17:30),1階ロビーギャラリー、2階図書資料室
港区,シンボルプロムナード公園 ,"港区台場1･2丁目
江東区青海1･2丁目、有明2･3丁目",https://www.tptc.co.jp/park/01_04/point#p-cont05,,,,〇,〇ミスト4～9月:9:00～19:00、〇滝の働時間(滝の広場自体は終日利用可能)4～9月:9:00～19:00,ミスト、滝の広場
港区,東京都庭園美術館,港区白金台5-21-9,https://www.teien-art-museum.ne.jp/,,,,〇,"10:00〜18:00 
休館日：月曜日（祝日の場合は翌平日）　年末年始　臨時休館日　
※展示替期間は　展示室内にはお入りいただけません",展示室
港区,台場フロンティアビル,港区台場2-3-2,https://www.tokyo-teleport.co.jp/,〇,7:00～23:00,123名,〇,7:00～22:30,1階 エントランス
港区,ニューピア竹芝サウスタワー,港区海岸1-16-1,https://www.tokyo-teleport.co.jp/,〇,7:00～19:00,222名,〇,7:00～19:00,1階 エントランス
港区,ニューピア竹芝ノースタワー,港区海岸1-11-1,https://www.tokyo-teleport.co.jp/,〇,7:00～19:00,152名,〇,7:00～19:00,1階 エントランス
港区,日生薬局広尾店,港区南青山7-14-7西川ビル１階,https://www.merhalsa.jp/yakkyoku/shop/hiroo/index.php,〇,"月～金 9:00～18:00
土　9:00～13:00",2名,,,
港区,西麻布薬局,港区南青山7-14-5　木部ビル１階,なし,〇,月～金 10:00～17:00,3名,,,
港区,霞町薬局,港区西麻布1-8-6　杉下ビル１階,http://www.kasumicho-ph.com/,〇,"月～金 10:00～17:00
土 10:00～12:00",3名,,,
港区,なの花薬局虎ノ門店,港区虎ノ門1-1-18　ヒューリック虎ノ門ビル１階,https://www.nanohana-ph.jp/shop/kanto-koshinetsu/tokyo/minato/toranomon.php,〇,"月～金 10:00～19:00
土 10:00～17:00",3名,,,
港区,日生薬局２号店,港区虎ノ門1-2-17,https://www.merhalsa.jp/yakkyoku/shop/toranomon2/index.php,〇,"月～金 9:00～18:00
土 9:00～13:00",4名,,,
港区,東京ミッドタウン,東京都港区赤坂9-7-3（プラザ共用スペース：ミッドタウン・ウェスト棟）東京都港区赤坂9-7-4（アトリウム：ガーデンサイド棟）,https://www.tokyo-midtown.com/jp/index.html,〇,月～日 11:00～20:00,112名,,,
港区,薬局トモズ 浜松町店,港区浜松町1-29-10,https://shop.tomods.jp/69C,〇,月～土　10:00～19:00,1名,,,
港区,東京タワー,港区芝公園四丁目２番８号,https://www.tokyotower.co.jp/,〇,9:00～22:00（フットタウンの営業日、営業時間に準ずる。）,100名,,,
港区,"トモズ
白金高輪店",港区高輪１丁目３－１プレストタワー白金高輪１階,https://shop.tomods.jp/detail/110/,〇,"月～日
11:00～15:00",5名,,,
港区,"ウエルシア薬局
麻布十番店",港区麻布十番二丁目９番２号,,〇,"月～日9:00～20:00
（祝日を除く）",2名,,,
港区,"ウエルシア薬局
南麻布店",港区南麻布五丁目１番１１号１階,,〇,"月～土9:00～14:00
15:00～19:00
（祝日を除く）",2名,,,
港区,"ウエルシア
田町グランパーク店","港区芝浦三丁目４-１
グランパークB1F",,〇,"①ウエルカフェ 月～日
8:00～22:00
②調剤待合席 月～日
9:30～13:45、14:45～19:00
ただし土日の9:30～10:00を除く","①10名
②3名",,,
港区,オアーゼ芝浦ＭＪビル,港区芝浦二丁目１５番６号,,〇,月～金（祝日を除く）9:00～17:00,8名,,,
港区,六本木ヒルズ森タワー,港区六本木六丁目10番1号,https://www.roppongihills.com/,〇,月～日 9:00～20:00,"①2階ウェストウォーク南エスカレータ脇ベンチ 2名
②4階フリースペース 2名
③6階Cエレベータ前フリースペース4名",,,
港区,虎ノ門ヒルズビジネスタワー,港区虎ノ門一丁目17番1号,https://www.toranomonhills.com/,〇,月～日 9:00～20:00,2名,,,
港区,虎ノ門ヒルズステーションタワー,港区虎ノ門二丁目6番1号,https://www.toranomonhills.com/,〇,月～日 9:00～20:00,4名,,,
港区,麻布台ヒルズ森JPタワー,港区麻布台一丁目3番1号,https://www.azabudai-hills.com/,〇,月～日 9:00～20:00,2名,,,
港区,麻布台ヒルズガーデンプラザ,港区麻布台一丁目2番4号,https://www.azabudai-hills.com/,〇,月～日 9:00～20:00,2名,,,
港区,アークヒルズアーク森ビル,港区赤坂一丁目12番32号,https://www.arkhills.com/,〇,月～日 9:00～20:00,"①2階中央ベンチ 2名
②3階店舗エリアベンチ 4名",,,
港区,城南信用金庫　青山支店,港区北青山二丁目12番14号,https://www.jsbank.co.jp/search/026.html,〇,月～金（祝祭日を除く）9:00～15:00,5名,,,
港区,城南信用金庫　新橋支店,港区新橋三丁目7番7号,https://www.jsbank.co.jp/search/022.html,〇,月～金（祝祭日を除く）9:00～15:00,5名,,,
港区,ラ・ピスタ新橋,港区新橋２丁目７−１,http://www.lapista.co.jp/,〇,月～日（指定の休館日を除く）8：00～20：00,5名,,,
港区,札の辻スクエア,港区芝五丁目36番4号,https://www.city.minato.tokyo.jp/shisetsu/fukugo/fukugo/07.html,〇,"月～日8：00～22：00
（1・2階共用部）",10名,〇,"月～日8：00～22：00
（1・2階共用部）",１階ロビー
港区,薬局トモズ　アークヒルズ店,港区赤坂１丁目１２−３２アーク森ビル２Ｆ,https://shop.tomods.jp/detail/195/,〇,"月～金
9:30～19:00",3名,,,
港区,ナチュラルローソンクオール薬局芝大門1丁目店,港区芝大門１丁目６−３,https://store.qol-net.co.jp/detail/452/,〇,"月～金
9：30～20：30",1名,,,
港区,薬局トモズ虎ノ門ヒルズステーションタワー店,港区虎ノ門２-６-３　虎ノ門ヒルズステーションタワーＢ１Ｆ,https://shop.tomods.jp/detail/253/,〇,"月～金、第３土（その他土、日祝を除く）
9：00～18：00、第３土曜日は8：30～13:30",2名,,,
港区,ナチュラルローソンクオール薬局高輪台駅前店,港区白金台２丁目２６−１０　グリーンオーク高輪台1階,https://store.qol-net.co.jp/detail/355/,〇,"月～土
9:00～20:00",3名,,,
港区,薬局トモズ六本木ヒルズ店,港区六本木６-１０-３　六本木ヒルズウエストウォーク1階,https://shop.tomods.jp/detail/77/,〇,"月～土
10：30～19：00、土は11：00～13：30",1名,,,
港区,キンコーズ　赤坂見附店,港区赤坂3丁目21-2赤坂ロングビーチビル1F,https://www.kinkos.co.jp/store/tokyo/t023/,〇,"月～金（祝祭日を除く）
10:00～　15:00",2名,,,
港区,キンコーズ　虎ノ門店,港区虎ノ門1丁目14-1郵政福祉琴平ビル1F,https://www.kinkos.co.jp/store/tokyo/t001/,〇,"月～金（祝祭日を除く）
10:00～　15:00",2名,,,
港区,キンコーズ　品川店,港区港南2丁目14-1品川インターシティフロント2F,https://www.kinkos.co.jp/store/tokyo/t029/,〇,"月～金（祝祭日を除く）
10:00～　15:00",2名,,,
港区,キンコーズ　田町店,港区芝5丁目29-14田町日工ビル1F,https://www.kinkos.co.jp/store/tokyo/t017/,〇,"月～金（祝祭日を除く）
10:00～　15:00",2名,,,
港区,キンコーズ　汐留店,港区東新橋1丁目6-3汐留タワーB2F,https://www.kinkos.co.jp/store/tokyo/t030/,〇,"月～金（祝祭日を除く）
10:00～　15:00",2名,,,
港区,ナチュラルローソンクオール薬局城山トラストタワー店,港区虎ノ門４丁目３-１　城山トラストタワー１階,,〇,"月～土
8:30～19:00",2名,,,
港区,白金台いきいきプラザ,港区白金台四丁目8番5号,https://www.foryou.or.jp/corp2/ikiikishirokanedai/,〇,"※令和８年７月１日～
月～土 9:00～21:30
日 9:00～17:00
（年末年始、臨時休館日を除く）
※令和８年６月３０日までは大規模かい",10名,〇,"※令和８年７月１日～
月～土 9:00～21:30
日 9:00～17:00
（年末年始、臨時休館日を除く）",1階エントランス
港区,東京ポートシティ竹芝オフィスタワー,港区海岸一丁目７番１号,https://tokyo-portcity-takeshiba.jp/about-us/office-tower/,〇,"月～日
10：00～15：00","1階　6名
2階　43名
3階　12名",,,
港区,薬局トモズ麻布十番店,港区麻布十番3-7-11,https://shop.tomods.jp/detail/100/,〇,"月～金
9:00～18:00",2名,,,
港区,ファミリーマート港南四丁目店,港区港南四丁目７番５５号,https://store.family.co.jp/points/18798,〇,月～日　8:00～18:00,4名,,,
港区,ファミリーマート港南一丁目店,港区港南一丁目７番１８号　Ａ－ＰＬＡＣＥ品川東,https://store.family.co.jp/points/22074,〇,月～日　9:00～18:00,8名,,,
港区,ファミリーマート海岸三丁目店,港区海岸三丁目１８番２１号　ブライトイースト芝,https://store.family.co.jp/points/22776,〇,月～日　8:00～18:00,6名,,,
港区,ファミリーマートオンワードベイパークビル店,港区海岸三丁目９番３２号,https://store.family.co.jp/points/59322,〇,月～日　9:00～17:00,8名,,,
港区,ファミリーマート南山堂竹芝駅前店,港区海岸一丁目１３番３号,https://store.family.co.jp/points/24688,〇,月～日　8:00～18:00,6名,,,
港区,ファミリーマートお台場東京ビーチ店,港区台場一丁目６番１号　デックス東京ビ－チ,https://store.family.co.jp/points/26503,〇,月～日　7:00～22:00,6名,,,
港区,ファミリーマート浜松町一丁目店,港区浜松町一丁目２７番１７号　三和ビル,https://store.family.co.jp/points/18685,〇,月～日　7:00～22:00,8名,,,
港区,ファミリーマート新橋五丁目店,港区新橋五丁目１４番１０号　新橋スクエアビル,https://store.family.co.jp/points/20053,〇,月～日　7:00～21:00,8名,,,
港区,ファミリーマート品川グランパサージュ店,港区港南二丁目１６番５号,https://store.family.co.jp/points/20424,〇,月～日　7:00～21:00,10名,,,
港区,ファミリーマートミヤモトドラッグ御成門店,港区新橋六丁目１７番１５号,https://store.family.co.jp/points/22850,〇,月～日　5:00～21:00,10名,,,
港区,ファミリーマートムスブ田町店,港区芝浦三丁目１番２１号,https://store.family.co.jp/points/24824,〇,月～日　9:00～17:00,8名,,,
港区,ファミリーマート銀座中央通り店,港区新橋一丁目７番１号,https://store.family.co.jp/points/26868,〇,月～日　5:00～24:00,15名,,,
港区,ファミリーマート南山堂第一京浜芝店,港区芝二丁目１４番５号　芝二丁目大広ビル,https://store.family.co.jp/points/57496,〇,月～日　7:00～22:00,16名,,,
港区,ファミリーマート新橋桜田公園前店,港区新橋四丁目１１番１号,https://store.family.co.jp/points/58142,〇,月～日　9:00～18:00,10名,,,
港区,ファミリーマート西新橋一丁目店,港区西新橋一丁目５番１１号,https://store.family.co.jp/points/58218,〇,月～日　9:00～18:00,6名,,,
港区,ファミリーマート芝二丁目店,港区芝二丁目５番１０号,https://store.family.co.jp/points/58220,〇,月～日　7:00～22:00,8名,,,
港区,ファミリーマート芝公園店,港区芝三丁目５番５号,https://store.family.co.jp/points/58541,〇,月～日　6:00～22:00,6名,,,
港区,ファミリーマート新橋日比谷通り店,港区新橋五丁目２番１０号,https://store.family.co.jp/points/58542,〇,月～日　6:00～22:00,5名,,,
港区,ファミリーマート芝大門店,港区芝公園一丁目７番１３号,https://store.family.co.jp/points/58978,〇,月～日　7:00～22:00,12名,,,
港区,ファミリーマート新橋仲通り南店,港区新橋二丁目１０番５号,https://store.family.co.jp/points/59029,〇,月～日　8:00～22:00,10名,,,
港区,ファミリーマート南青山四丁目店,港区南青山四丁目９番２２号　アウラビル,https://store.family.co.jp/points/21276,〇,月～日　8:00～16:00,1名,,,
港区,ファミリーマート麻布運動場前店,港区南麻布三丁目１番１号,https://store.family.co.jp/points/24101,〇,月～日　7:00～22:00,6名,,,
港区,ファミリーマート虎ノ門一丁目店,港区虎ノ門一丁目１２番１号,https://store.family.co.jp/points/24363,〇,月～日　6:00～21:00,7名,,,
港区,ファミリーマート溜池山王駅南店,港区赤坂二丁目１０番１１号,https://store.family.co.jp/points/24646,〇,月～金　7:00～17:00,6名,,,
港区,ファミリーマート地下鉄六本木駅店,港区六本木六丁目１番２４号　ラピロス六本木,https://store.family.co.jp/points/24781,〇,月〜日　7:00～20:00,6名,,,
港区,ファミリーマート赤坂グリーンクロス店,港区赤坂二丁目４番６号　地下１階,https://store.family.co.jp/points/58821,〇,月～日　7:00～21:00,8名,,,
港区,ファミリーマート西新橋二丁目店,港区西新橋二丁目３９番３号,https://store.family.co.jp/points/20457,〇,月～金　7:00～17:00,8名,,,
港区,リヴィエラ薬局,港区芝浦３丁目１１番１０号,,〇,"火～木　10:30～13:30、15:00～16:00
金　　　 9:00～12:00、13:30～16:00
土　　　 9:30～12:00",8名,,,
港区,あさひ薬局虎ノ門ヒルズ店,"港区虎ノ門２丁目９番１号
江戸見坂テラス１階",https://asahi-pharmacy-group.com/,〇,"月～金　9:00～18:00
（祝日を除く）",2～3名,,,
港区,メトロシティ六本木薬局,"港区六本木七丁目１４番１１号
メトロシティ六本木ビル５階",https://hhd-mp.com/stores/metroroppongi/,〇,"月～日　10：00～16：00
（祝日を除く）",3名,,,
港区,子安薬局　広尾ガーデン店,"港区南麻布四丁目１番２９号
広尾ガーデン１階",https://hhd-mp.com/stores/hiroo/,〇,月～日　10:00～18:00,5名,,,
港区,みらくる薬局　品川駅前店,"港区港南二丁目６番７号
大善ビル２階",https://hhd-mp.com/stores/shinagawa/,〇,"月～日　9:00～17:00
（祝日を除く）",5名,,,
港区,トモズ 汐留シティセンター店,"港区東新橋一丁目５番２号
汐留シティセンター地下２階",https://shop.tomods.jp/detail/76/,〇,"月～金　 9:00～19:00
土　　　10:00～18:00
（年末年始・日祝日を除く）",2～3名,,,
港区,トモズ 品川インターシティ店,"港区港南二丁目１５番２号
品川インターシティ２階",https://shop.tomods.jp/detail/19/,〇,"月～金　9:30～19:00
土　　　9:30～17:00
（年末年始・日祝日を除く）",2～3名,,,
新宿区,せせらぎの里公苑,新宿区上落合1-1,,,,,〇,"【開苑時間】
（夏季4月～10月）9:00～18:00
月曜日（祝日の場合は翌日）休苑
ただし 7月・8月は無休
（月曜日（祝日の場合は翌日）は 13:00～18:00まで開苑）",水景施設、管理棟
新宿区,都庁舎,新宿区西新宿2-8-1,https://www.yokoso.metro.tokyo.lg.jp/tenbou/index.html,〇,"展望室の開室日
南展望室：9:30～22:00
※毎月第1及び第3火曜日(祝日の場合は翌平日）は休室日
北展望室：9:30～17:30
※毎月第2及び第4月曜日(祝日の場合は翌平日）は休室日",600名,〇,8:00～18:45,都庁舎1・2Ｆ
新宿区,戸山公園,新宿区大久保3-5-1 (サービスセンター),https://www.tokyo-park.or.jp/park/toyama/,,,,〇,"※水遊びができる屋外のスポットで、屋内施設ではありません。、
未定、※電力ひっ迫時は運用を停止する可能性があります。",じゃぶじゃぶ池(箱根山地区)
新宿区,消防防災資料センター（消防博物館),新宿区四谷3-10,https://www.tfd.metro.tokyo.lg.jp/hp-hkkan/museum.html,,,,〇,"休館日を除く9:30～17:00
休館日:月(祝日の場合は翌日)、年末年始",館内各所
新宿区,区役所第一分庁舎,新宿区歌舞伎町1-5-1,https://www.city.shinjuku.lg.jp/shisetsu/map1-2.html,〇,"8:30～17:00,ただし、土日祝日、12月29日～1月3日を除く",10名,〇,"8:30～17:00,ただし、土日祝日、12月29日～1月3日を除く",1階ロビー
新宿区,エコギャラリー新宿,新宿区西新宿2-11-4,https://www.shinjuku-ecocenter.jp/,〇,10：00～21:00　ただし、毎月第4月曜日及び12月29日～1月3日を除く。※第4月曜日が休日の場合は翌平日を除く。,10名,〇,10：00～21:00　ただし、毎月第4月曜日及び12月29日～1月3日を除く。※第4月曜日が休日の場合は翌平日を除く。,2階情報コーナー
新宿区,新宿リサイクル活動センター,新宿区高田馬場4-10-2,http://www.shinjuku-rc.org/shinjuku/index.html,〇,9:00～17:00　ただし、月曜日及び12月29日～1月3日を除く。※第4月曜日が休日の場合は翌日を除く。,10名,〇,9:00～17:00　ただし、月曜日及び12月29日～1月3日を除く。※第4月曜日が休日の場合は翌日を除く。,2階交流サロン
新宿区,西早稲田リサイクル活動センター,新宿区西早稲田3-19-5,http://www.shinjuku-rc.org/nishiwaseda/,〇,10:00～17:00　ただし、月曜日及び12月29日～1月3日を除く。※第4月曜日が休日の場合は翌日を除く。,5名,〇,10:00～17:00　ただし、月曜日及び12月29日～1月3日を除く。※第4月曜日が休日の場合は翌日を除く。,1階談話コーナー
新宿区,薬王寺地域ささえあい館,市谷薬王寺町20-40,https://www.city.shinjuku.lg.jp/fukushi/file05_01_00017.html,〇,"9:00～18:00,ただし、12月29日～1月3日を除く",10名,〇,"9:00～18:00,ただし、12月29日～1月3日を除く",2階ロビー
新宿区,高田馬場シニア活動館,高田馬場3-39-29,https://www.city.shinjuku.lg.jp/fukushi/file05_01_00016.html,〇,"9:00～18:00,ただし、12月29日～1月3日を除く",13名,〇,"9:00～18:00,ただし、12月29日～1月3日を除く",1階ロビー
新宿区,信濃町シニア活動館,信濃町20,https://www.city.shinjuku.lg.jp/fukushi/file05_01_00016.html,〇,"9:00～18:00,ただし、12月29日～1月3日を除く",4名,〇,"9:00～18:00,ただし、12月29日～1月3日を除く",3階ロビー
新宿区,戸山シニア活動館,戸山2-27-2,https://www.city.shinjuku.lg.jp/fukushi/file05_01_00016.html,〇,"9:00～18:00,ただし、12月29日～1月3日を除く",12名,〇,"9:00～18:00,ただし、12月29日～1月3日を除く",2階ロビー
新宿区,西新宿シニア活動館,西新宿4-8-35,https://www.city.shinjuku.lg.jp/fukushi/file05_01_00016.html,〇,"9:00～18:00,ただし、12月29日～1月3日を除く",20名,〇,"9:00～18:00,ただし、12月29日～1月3日を除く",1階談話室
新宿区,早稲田南町地域交流館,早稲田南町50,https://www.city.shinjuku.lg.jp/fukushi/file05_01_00015.html,〇,"9:00～18:00,ただし、12月29日～1月3日を除く",15名,〇,"9:00～18:00,ただし、12月29日～1月3日を除く",2階娯楽室
新宿区,西早稲田地域交流館,西早稲田1-2-2,https://www.city.shinjuku.lg.jp/fukushi/file05_01_00015.html,〇,"9:00～18:00,ただし、12月29日～1月3日を除く",20名,〇,"9:00～18:00,ただし、12月29日～1月3日を除く",1階ロビー
新宿区,新宿地域交流館,新宿5-3-13,https://www.city.shinjuku.lg.jp/fukushi/file05_01_00015.html,〇,"9:00～18:00,ただし、12月29日～1月3日を除く",10名,〇,"9:00～18:00,ただし、12月29日～1月3日を除く",2階談話室
新宿区,山吹町地域交流館,山吹町342,https://www.city.shinjuku.lg.jp/fukushi/file05_01_00015.html,〇,"9:00～18:00,ただし、12月29日～1月3日を除く",10名,〇,"9:00～18:00,ただし、12月29日～1月3日を除く",1階ロビー
新宿区,上落合地域交流館,上落合2-28-8,https://www.city.shinjuku.lg.jp/fukushi/file05_01_00015.html,〇,"9:00～18:00,ただし、12月29日～1月3日を除く",15名,〇,"9:00～18:00,ただし、12月29日～1月3日を除く",2階休憩室
新宿区,北新宿地域交流館,北新宿2-3-7,https://www.city.shinjuku.lg.jp/fukushi/file05_01_00015.html,〇,"9:00～18:00,ただし、12月29日～1月3日を除く",15名,〇,"9:00～18:00,ただし、12月29日～1月3日を除く",3階娯楽室
新宿区,下落合地域交流館,下落合3-12-33,https://www.city.shinjuku.lg.jp/fukushi/file05_01_00015.html,〇,"9:00～18:00,ただし、12月29日～1月3日を除く",10名,〇,"9:00～18:00,ただし、12月29日～1月3日を除く",1階ロビー
新宿区,百人町地域交流館,百人町2-18-21,https://www.city.shinjuku.lg.jp/fukushi/file05_01_00015.html,〇,"9:00～18:00,ただし、12月29日～1月3日を除く",20名,〇,"9:00～18:00,ただし、12月29日～1月3日を除く",2階談話室
新宿区,東五軒町地域交流館,東五軒町5-24,https://www.city.shinjuku.lg.jp/fukushi/file05_01_00015.html,〇,"9:00～18:00,ただし、12月29日～1月3日を除く",10名,〇,"9:00～18:00,ただし、12月29日～1月3日を除く",1階談話室２
新宿区,中町地域交流館,中町25,https://www.city.shinjuku.lg.jp/fukushi/file05_01_00015.html,〇,"9:00～18:00,ただし、12月29日～1月3日を除く",13名,〇,"9:00～18:00,ただし、12月29日～1月3日を除く",2階娯楽室
新宿区,本塩町地域交流館,四谷本塩町4-9,https://www.city.shinjuku.lg.jp/fukushi/file05_01_00015.html,〇,"9:00～18:00,ただし、12月29日～1月3日を除く",4名,〇,"9:00～18:00,ただし、12月29日～1月3日を除く",1階ロビー
新宿区,北山伏地域交流館,北山伏町2-17,https://www.city.shinjuku.lg.jp/fukushi/file05_01_00015.html,〇,"9:00～18:00,ただし、12月29日～1月3日を除く",15名,〇,"9:00～18:00,ただし、12月29日～1月3日を除く",2階娯楽室
新宿区,中落合地域交流館,中落合2-7-24,https://www.city.shinjuku.lg.jp/fukushi/file05_01_00015.html,〇,"9:00～18:00,ただし、12月29日～1月3日を除く",20名,〇,"9:00～18:00,ただし、12月29日～1月3日を除く",2階談話室
新宿区,北新宿第二地域交流館,北新宿3-20-2,https://www.city.shinjuku.lg.jp/fukushi/file05_01_00015.html,〇,"9:00～18:00,ただし、12月29日～1月3日を除く",4名,〇,"9:00～18:00,ただし、12月29日～1月3日を除く",2階ロビー
新宿区,高田馬場地域交流館,高田馬場1-4-17,https://www.city.shinjuku.lg.jp/fukushi/file05_01_00015.html,〇,"9:00～18:00,ただし、12月29日～1月3日を除く",7名,〇,"9:00～18:00,ただし、12月29日～1月3日を除く",2階ロビー
新宿区,ささえーる中落合,中落合1-7-1,https://www.city.shinjuku.lg.jp/fukushi/file05_01_00021.html,〇,"9:00～18:00,ただし、12月29日～1月3日を除く、日曜日を除く",12名,〇,"9:00～18:00,ただし、12月29日～1月3日を除く、日曜日を除く",1階休憩スペース
新宿区,四谷特別出張所,新宿区内藤町87,https://www.city.shinjuku.lg.jp/soshiki/chiiki01_000104.html,〇,"8:30～17:00
※火曜日のみ19時まで
ただし、土曜日・日曜日・祝日・12月29日～1月3日を除く",36名,〇,"8:30～17:00
※火曜日のみ19時まで
ただし、土曜日・日曜日・祝日・12月29日～1月3日を除く",8階自販機コーナー、9階ラウンジ
新宿区,四谷地域センター,新宿区内藤町87,https://www.city.shinjuku.lg.jp/seikatsu/community01_000104.html,〇,"9：00～20：00
ただし、5月、8月、11月、2月の第3日曜日・12月29日～1月3日を除く",9名,〇,"9：00～20：00
ただし、5月、8月、11月、2月の第3日曜日・12月29日～1月3日を除く",11階談話コーナー
新宿区,箪笥町特別出張所,新宿区箪笥町15,https://www.city.shinjuku.lg.jp/soshiki/chiiki01_000104.html,〇,"8:30～17:00
※火曜日のみ19時まで
ただし、土曜日・日曜日・祝日・12月29日～1月3日を除く",6名,〇,"8:30～17:00
※火曜日のみ19時まで
ただし、土曜日・日曜日・祝日・12月29日～1月3日を除く",1階ロビー
新宿区,牛込箪笥地域センター,新宿区箪笥町15,https://www.city.shinjuku.lg.jp/seikatsu/community01_000104.html,〇,"9：00～21：45
ただし、5月、8月、11月、2月の第2日曜日・12月29日～1月3日を除く",20名,〇,"9：00～21：45
ただし、5月、8月、11月、2月の第2日曜日・12月29日～1月3日を除く",4階談話コーナー
新宿区,榎町特別出張所,新宿区早稲田町85,https://www.city.shinjuku.lg.jp/soshiki/chiiki01_000104.html,〇,"8:30～17:00
※火曜日のみ19時まで
ただし、土曜日・日曜日・祝日・12月29日～1月3日を除く",4名,〇,"8:30～17:00
※火曜日のみ19時まで
ただし、土曜日・日曜日・祝日・12月29日～1月3日を除く",1階ロビー
新宿区,榎町地域センター,新宿区早稲田町85,https://www.city.shinjuku.lg.jp/seikatsu/community01_000104.html,〇,"9：00～20：00
ただし、5月、8月、11月、2月の第4日曜日・12月29日～1月3日を除く",9名,〇,"9：00～20：00
ただし、5月、8月、11月、2月の第4日曜日・12月29日～1月3日を除く",２階談話コーナー
新宿区,若松町特別出張所,新宿区若松町12-6,https://www.city.shinjuku.lg.jp/soshiki/chiiki01_000104.html,〇,"8:30～17:00
※火曜日のみ19時まで
ただし、土曜日・日曜日・祝日・12月29日～1月3日を除く",6名,〇,"8:30～17:00
※火曜日のみ19時まで
ただし、土曜日・日曜日・祝日・12月29日～1月3日を除く",1階ロビー
新宿区,若松地域センター,新宿区若松町12-6,https://www.city.shinjuku.lg.jp/seikatsu/community01_000104.html,〇,"9：00～21：45
ただし、5月、8月、11月、2月の第3日曜日・12月29日～1月3日を除く",10名,〇,"9：00～21：45
ただし、5月、8月、11月、2月の第3日曜日・12月29日～1月3日を除く",2階談話コーナー
新宿区,大久保特別出張所,新宿区大久保2-12-7,https://www.city.shinjuku.lg.jp/soshiki/chiiki01_000104.html,〇,"8:30～17:00
※火曜日のみ19時まで
ただし、土曜日・日曜日・祝日・12月29日～1月3日を除く",5名,〇,"8:30～17:00
※火曜日のみ19時まで
ただし、土曜日・日曜日・祝日・12月29日～1月3日を除く",1階ロビー
新宿区,大久保地域センター,新宿区大久保2-12-7,https://www.city.shinjuku.lg.jp/seikatsu/community01_000104.html,〇,"9：00～17：00
ただし、5月、8月、11月、2月の第3日曜日・12月29日～1月3日を除く",10名,〇,"9：00～17：00
ただし、5月、8月、11月、2月の第3日曜日・12月29日～1月3日を除く",3階談話コーナー
新宿区,戸塚特別出張所,新宿区高田馬場2-18-1,https://www.city.shinjuku.lg.jp/soshiki/chiiki01_000104.html,〇,"8:30～17:00
※火曜日のみ19時まで
ただし、土曜日・日曜日・祝日・12月29日～1月3日を除く",8名,〇,"8:30～17:00
※火曜日のみ19時まで
ただし、土曜日・日曜日・祝日・12月29日～1月3日を除く",5階共有スペース、6階ラウンジ
新宿区,戸塚地域センター,新宿区高田馬場2-18-1,https://www.city.shinjuku.lg.jp/seikatsu/community01_000104.html,〇,"9時～21時45分
ただし、5月、8月、11月、2月の第2日曜日・12月29日～1月3日を除く",5名,〇,"9時～21時45分
ただし、5月、8月、11月、2月の第2日曜日・12月29日～1月3日を除く",4階アトムサロン
新宿区,落合第一特別出張所,新宿区下落合4-6-7,https://www.city.shinjuku.lg.jp/soshiki/chiiki01_000104.html,〇,"8:30～17:00
※火曜日のみ19時まで
ただし、土曜日・日曜日・祝日・12月29日～1月3日を除く",4名,〇,"8:30～17:00
※火曜日のみ19時まで
ただし、土曜日・日曜日・祝日・12月29日～1月3日を除く",1階ロビー
新宿区,落合第一地域センター,新宿区下落合4-6-7,https://www.city.shinjuku.lg.jp/seikatsu/community01_000104.html,〇,"9：00～21：45
ただし、5月、8月、11月、2月の第3日曜日・12月29日～1月3日を除く",9名,〇,"9：00～21：45
ただし、5月、8月、11月、2月の第3日曜日・12月29日～1月3日を除く",3階談話コーナー
新宿区,落合第二特別出張所,新宿区中落合4-17-13,https://www.city.shinjuku.lg.jp/soshiki/chiiki01_000104.html,〇,"8:30～17:00
※火曜日のみ19時まで
ただし、土曜日・日曜日・祝日・12月29日～1月3日を除く",4名,〇,"8:30～17:00
※火曜日のみ19時まで
ただし、土曜日・日曜日・祝日・12月29日～1月3日を除く",1階ロビー
新宿区,落合第二地域センター,新宿区中落合4-17-13,https://www.city.shinjuku.lg.jp/seikatsu/community01_000104.html,〇,"9：00～21：45
ただし、5月、8月、11月、2月の第4日曜日・12月29日～1月3日を除く",6名,〇,"9：00～21：45
ただし、5月、8月、11月、2月の第4日曜日・12月29日～1月3日を除く",2階談話コーナー
新宿区,柏木特別出張所,新宿区北新宿2-3-7,https://www.city.shinjuku.lg.jp/soshiki/chiiki01_000104.html,〇,"8:30～17:00
※火曜日のみ19時まで
ただし、土曜日・日曜日・祝日・12月29日～1月3日を除く",5名,〇,"8:30～17:00
※火曜日のみ19時まで
ただし、土曜日・日曜日・祝日・12月29日～1月3日を除く",1階ロビー
新宿区,柏木地域センター,新宿区北新宿2-3-7,https://www.city.shinjuku.lg.jp/seikatsu/community01_000104.html,〇,"9：00～19：00
ただし、5月、8月、11月、2月の第2日曜日・12月29日～1月3日を除く",5名,〇,"9：00～19：00
ただし、5月、8月、11月、2月の第2日曜日・12月29日～1月3日を除く",1階談話室
新宿区,角筈特別出張所,新宿区西新宿4-33-7,https://www.city.shinjuku.lg.jp/soshiki/chiiki01_000104.html,〇,"8:30～17:00
※火曜日のみ19時まで
ただし、土曜日・日曜日・祝日・12月29日～1月3日を除く",5名,〇,"8:30～17:00
※火曜日のみ19時まで
ただし、土曜日・日曜日・祝日・12月29日～1月3日を除く",1階ロビー
新宿区,角筈地域センター,新宿区西新宿4-33-7,https://www.city.shinjuku.lg.jp/seikatsu/community01_000104.html,〇,"9：00～17：00
ただし、5月、8月、11月、2月の第4日曜日・12月29日～1月3日を除く",20名,〇,"9：00～17：00
ただし、5月、8月、11月、2月の第4日曜日・12月29日～1月3日を除く",7階談話コーナー
新宿区,四谷スポーツスクエア,新宿区四谷1－6－4,https://www.city.shinjuku.lg.jp/kanko/260500community_00014.html,〇,"9:00～22:00
ただし、毎月第２月曜日（休日にあたる場合は翌平日が休館日）・12月29日～1月3日・７月第３土曜日（コモレ四谷休館日）を除く",18名,〇,"9:00～22:00
ただし、毎月第２月曜日（休日にあたる場合は翌平日が休館日）・12月29日～1月3日・７月第３土曜日（コモレ四谷休館日）を除く",地下2階受付前
新宿区,新宿スポーツセンター,新宿区大久保3-5-1,https://www.city.shinjuku.lg.jp/kanko/260500community_00014.html,〇,"9:00～22:00
ただし、毎月第4月曜日（休日にあたる場合は翌平日が休館日）・12月29日～1月3日を除く",20名,〇,"9:00～22:00
ただし、毎月第4月曜日（休日にあたる場合は翌平日が休館日）・12月29日～1月3日を除く",1階休憩スペース
新宿区,"新宿ここ・から広場
多目的運動広場",新宿区新宿7－3－29,https://www.city.shinjuku.lg.jp/kodomo/kokokarahiroba.html,〇,"9:00～17:00
ただし、12月29日～1月3日を除く",10名,〇,"9:00～17:00
ただし、12月29日～1月3日を除く",１階談話室
新宿区,新宿コズミックスポーツセンター,新宿区大久保３－１－２,https://www.city.shinjuku.lg.jp/kanko/260500community_00014.html,〇,"9:00～22:00
ただし、毎月第２月曜日・（第２月曜日が祝休日の場合は、翌日）・12月29日～1月3日を除く",20名,〇,"9:00～22:00
ただし、毎月第２月曜日・（第２月曜日が祝休日の場合は、翌日）・12月29日～1月3日を除く",1階ロビー
新宿区,大久保スポーツプラザ,新宿区大久保３－７－４２,https://www.city.shinjuku.lg.jp/kanko/260500community_00014.html,〇,"9:00～22:00
ただし、毎月第３月曜日（第３月曜日が祝休日の場合は、翌日）・12月29日～1月3日を除く",20名,〇,"9:00～22:00
ただし、毎月第３月曜日（第３月曜日が祝休日の場合は、翌日）・12月29日～1月3日を除く",3階ロビー
新宿区,戸山生涯学習館,新宿区戸山２－１１－１０１,https://www.city.shinjuku.lg.jp/kanko/community01_000001.html,〇,"9:00～22:00
ただし、毎月第４月曜日（第４月曜日が祝休日の場合は、翌日）・12月29日～1月3日を除く",5名,〇,"9:00～22:00
ただし、毎月第４月曜日（第４月曜日が祝休日の場合は、翌日）・12月29日～1月3日を除く",1階受付前
新宿区,赤城生涯学習館,新宿区赤城元町１－３,https://www.city.shinjuku.lg.jp/kanko/community01_000001.html,〇,"9:00～22:00
ただし、毎月第２月曜日・12月29日～1月3日を除く",6名,〇,"9:00～22:00
ただし、毎月第２月曜日・12月29日～1月3日を除く",１階ロビー
新宿区,住吉町生涯学習館,新宿区住吉町１３－３,https://www.city.shinjuku.lg.jp/kanko/community01_000001.html,〇,"9:00～19:00
ただし、毎月第２月曜日・12月29日～1月3日を除く",8名,〇,"9:00～19:00
ただし、毎月第２月曜日・12月29日～1月3日を除く","地下1階
情報・交流コーナー"
新宿区,新宿区立新宿文化センター,新宿区新宿6-14-1,https://www.city.shinjuku.lg.jp/shisetsu/map2-1.html,〇,"9:00～22:00
ただし、原則毎月第2火曜日・12月29日～1月3日を除く",15名,〇,"9:00～22:00
ただし、原則毎月第2火曜日・12月29日～1月3日を除く",１階共用ロビー
新宿区,新宿歴史博物館,新宿区四谷三栄町12-16,https://www.city.shinjuku.lg.jp/kanko/shisetu_3.html,〇,"9:30～17:30
ただし、第2,4月曜日（祝休日にあたる場合は翌平日が休館日）・12月29日～1月3日を除く",15名,〇,"9:30～17:30
ただし、第2,4月曜日（祝休日にあたる場合は翌平日が休館日）・12月29日～1月3日を除く",地下1階ホワイエ
新宿区,漱石山房記念館,新宿区早稲田南町7,https://www.city.shinjuku.lg.jp/kanko/shisetu_3.html,〇,"10:00～18:00
ただし、毎週月曜日（祝休日にあたる場合は翌平日が休館日）・12月29日～1月3日を除く
※その他、設備維持のため等の臨時休館日を除く",20名,〇,"10:00～18:00
ただし、毎週月曜日（祝休日にあたる場合は翌平日が休館日）・12月29日～1月3日を除く
※その他、設備維持のため等の臨時休館日を除く",１階ブックカフェ
新宿区,百人町高齢者在宅サービスセンター,百人町3-30-2,https://www.city.shinjuku.lg.jp/fukushi/file05_02_00015.html,〇,"11:00～15:00
ただし、日曜日を除く",5名,〇,"11:00～15:00
ただし、日曜日を除く",1階受付
新宿区,新宿区立障害者福祉センター,戸山1-22-2,https://www.city.shinjuku.lg.jp/fukushi/file06_06_00007.html,〇,"9:00～17:00
ただし、土曜日、祝日及び第３日曜日を除く",16名,〇,"9:00～17:00
ただし、土曜日、祝日及び第３日曜日を除く",１階ロビー
新宿区,元気館,新宿区戸山３－１８－１,https://www.city.shinjuku.lg.jp/kenkou/kenko01_002180.html,〇,"9：00～21：00
ただし、毎月第２月曜日（第２月曜日が休日の場合は翌日）・12月29日～1月3日を除く",16名,〇,"9：00～21：00
ただし、毎月第２月曜日（第２月曜日が休日の場合は翌日）・12月29日～1月3日を除く",１階娯楽談話室
新宿区,中央図書館,新宿区大久保３－１－１,https://www.city.shinjuku.lg.jp/library/index.html,〇,"平日・土曜日：9：00～21：45
日曜日・祝日：9：00～18：00
ただし、月曜日・毎月第３木曜日・特別図書整理期間・12月29日～1月3日を除く
※毎週の休館日・館内整理日が祝休日と重なる場合は開館し、原則として翌日が休館日を除く",10名,〇,"平日・土曜日：9：00～21：45
日曜日・祝日：9：00～18：00
ただし、月曜日・毎月第３木曜日・特別図書整理期間・12月29日～1月3日を除く
※毎週の休館日・館内整理日が祝休日と重なる場合は開館し、原則として翌日が休館日を除く",館内
新宿区,こども図書館,新宿区大久保３－１－１,https://www.city.shinjuku.lg.jp/library/index.html,〇,"9：00～18：00
ただし、月曜日・毎月第３木曜日・特別図書整理期間・12月29日～1月3日を除く
※毎週の休館日・館内整理日が祝休日と重なる場合は開館し、原則として翌日が休館日を除く",10名,〇,"9：00～18：00
ただし、月曜日・毎月第３木曜日・特別図書整理期間・12月29日～1月3日を除く
※毎週の休館日・館内整理日が祝休日と重なる場合は開館し、原則として翌日が休館日を除く",館内
新宿区,四谷図書館,新宿区内藤町８７,https://www.city.shinjuku.lg.jp/library/index.html,〇,"平日・土曜日：9：00～21：45
日曜日・祝日：9：00～18：00
ただし、火曜日・毎月第２木曜日・5・8・11・2月の第３日曜日・特別図書整理期間・12月29日～1月3日を除く
※毎週の休館日・館内整理日が祝休日と重なる場合は開館し、原則として翌日が休館日を除く",5名,〇,"平日・土曜日：9：00～21：45
日曜日・祝日：9：00～18：00
ただし、火曜日・毎月第２木曜日・5・8・11・2月の第３日曜日・特別図書整理期間・12月29日～1月3日を除く
※毎週の休館日・館内整理日が祝休日と重なる場合は開館し、原則として翌日が休館日を除く",館内
新宿区,鶴巻図書館,新宿区早稲田鶴巻町５２１,https://www.city.shinjuku.lg.jp/library/index.html,〇,"平日：9：00～19：00
土曜日・日曜日・祝日：9：00～18：00
ただし、火曜日・毎月第３木曜日・特別図書整理期間・12月29日～1月3日を除く
※毎週の休館日・館内整理日が祝休日と重なる場合は開館し、原則として翌日が休館日を除く",5名,〇,"平日：9：00～19：00
土曜日・日曜日・祝日：9：00～18：00
ただし、火曜日・毎月第３木曜日・特別図書整理期間・12月29日～1月3日を除く
※毎週の休館日・館内整理日が祝休日と重なる場合は開館し、原則として翌日が休館日を除く",館内
新宿区,西落合図書館,新宿区西落合４－１３－１７,https://www.city.shinjuku.lg.jp/library/index.html,〇,"平日：9：00～19：00
土曜日・日曜日・祝日：9：00～18：00
ただし、月曜日・毎月第３木曜日・特別図書整理期間・12月29日～1月3日を除く
※毎週の休館日・館内整理日が祝休日と重なる場合は開館し、原則として翌日が休館日を除く",5名,〇,"平日：9：00～19：00
土曜日・日曜日・祝日：9：00～18：00
ただし、月曜日・毎月第３木曜日・特別図書整理期間・12月29日～1月3日を除く
※毎週の休館日・館内整理日が祝休日と重なる場合は開館し、原則として翌日が休館日を除く",館内
新宿区,戸山図書館,新宿区戸山２－１１－１０１,https://www.city.shinjuku.lg.jp/library/index.html,〇,"平日：9：00～19：00
土曜日・日曜日・祝日：9：00～18：00
ただし、月曜日・毎月第３木曜日・特別図書整理期間・12月29日～1月3日を除く
※毎週の休館日・館内整理日が祝休日と重なる場合は開館し、原則として翌日が休館日を除く",5名,〇,"平日：9：00～19：00
土曜日・日曜日・祝日：9：00～18：00
ただし、月曜日・毎月第３木曜日・特別図書整理期間・12月29日～1月3日を除く
※毎週の休館日・館内整理日が祝休日と重なる場合は開館し、原則として翌日が休館日を除く",館内
新宿区,北新宿図書館,新宿区北新宿３－２０－２,https://www.city.shinjuku.lg.jp/library/index.html,〇,"平日：9：00～19：00
土曜日・日曜日・祝日：9：00～18：00
ただし、火曜日・毎月第３木曜日・特別図書整理期間・５月の連休・12月29日～1月3日を除く
※毎週の休館日・館内整理日が祝休日と重なる場合は開館し、原則として翌日が休館日を除く",5名,〇,"平日：9：00～19：00
土曜日・日曜日・祝日：9：00～18：00
ただし、火曜日・毎月第３木曜日・特別図書整理期間・５月の連休・12月29日～1月3日を除く
※毎週の休館日・館内整理日が祝休日と重なる場合は開館し、原則として翌日が休館日を除く",館内
新宿区,中町図書館,新宿区中町２５,https://www.city.shinjuku.lg.jp/library/index.html,〇,"平日：9：00～19：00
土曜日・日曜日・祝日：9：00～18：00
ただし、月曜日・毎月第３木曜日・特別図書整理期間・12月29日～1月3日を除く
※毎週の休館日・館内整理日が祝休日と重なる場合は開館し、原則として翌日が休館日を除く",5名,〇,"平日：9：00～19：00
土曜日・日曜日・祝日：9：00～18：00
ただし、月曜日・毎月第３木曜日・特別図書整理期間・12月29日～1月3日を除く
※毎週の休館日・館内整理日が祝休日と重なる場合は開館し、原則として翌日が休館日を除く",館内
新宿区,角筈図書館,新宿区西新宿４－３３－７,https://www.city.shinjuku.lg.jp/library/index.html,〇,"平日・土曜日：9：00～21：45
日曜日・祝日：9：00～18：00
ただし、月曜日・毎月第２木曜日・
5・8・11・2月の第４日曜日・特別図書整理期間・12月29日～1月3日を除く
※毎週の休館日・館内整理日が祝休日と重なる場合は開館し、原則として翌日が休館日を除く",5名,〇,"平日・土曜日：9：00～21：45
日曜日・祝日：9：00～18：00
ただし、月曜日・毎月第２木曜日・
5・8・11・2月の第４日曜日・特別図書整理期間・12月29日～1月3日を除く
※毎週の休館日・館内整理日が祝休日と重なる場合は開館し、原則として翌日が休館日を除く",館内
新宿区,大久保図書館,新宿区大久保２－１２－７,https://www.city.shinjuku.lg.jp/library/index.html,〇,"平日・土曜日：9：00～21：45
日曜日・祝日：9：00～18：00
ただし、火曜日・毎月第２木曜日・5・8・11・2月の第３日曜日・特別図書整理期間・12月29日～1月3日を除く
※毎週の休館日・館内整理日が祝休日と重なる場合は開館し、原則として翌日が休館日を除く",5名,〇,"平日・土曜日：9：00～21：45
日曜日・祝日：9：00～18：00
ただし、火曜日・毎月第２木曜日・5・8・11・2月の第３日曜日・特別図書整理期間・12月29日～1月3日を除く
※毎週の休館日・館内整理日が祝休日と重なる場合は開館し、原則として翌日が休館日を除く",館内
新宿区,下落合図書館,新宿区下落合１－９－８,https://www.city.shinjuku.lg.jp/library/index.html,〇,"平日・土曜日：9：00～21：45
日曜日・祝日：9：00～18：00
ただし、火曜日・毎月第３木曜日・特別図書整理期間・12月29日～1月3日を除く
※毎週の休館日・館内整理日が祝休日と重なる場合は開館し、原則として翌日が休館日を除く",5名,〇,"平日・土曜日：9：00～21：45
日曜日・祝日：9：00～18：00
ただし、火曜日・毎月第３木曜日・特別図書整理期間・12月29日～1月3日を除く
※毎週の休館日・館内整理日が祝休日と重なる場合は開館し、原則として翌日が休館日を除く",館内
新宿区,グラム薬局　下落合店,新宿区下落合4-6-14 ,,,,,〇,"月～土：9:00～17:00
毎月第3木曜日：9:00~17:00
定休日：日曜日・祝日",待合室
新宿区,ひな薬局,新宿区百人町2-6-7,,,,,〇,"月～金：9:00～17:00
定休日：土曜日・日曜日・祝日、年末年始",待合室
新宿区,中川薬局　　西落合店,新宿区西落合3-1-22 そはらビルB1F,,,,,〇,"月～水、金　9:00～18:30
木　9:00～17:00
土　9:00～13:00
定休日　日曜日・祝日",待合室
文京区,文京シビックセンター,文京区春日1-16-21,https://www.city.bunkyo.lg.jp/kuseijouhou/shisetsu/civiccenter/index.html,〇,7:30～22:00,33名,〇,7:30～22:00,B2F区民ひろば
文京区,礫川地域活動センター,文京区小石川2-18-18,https://www.city.bunkyo.lg.jp/b011/p006656.html,〇,月～金　9:00～20:00、土・日・祝日　9:00～17:00,10名,〇,月～金　9:00～20:00、土・日・祝日　9:00～17:00,1Fロビー
文京区,大原地域活動センター,文京区千石1-4-3,https://www.city.bunkyo.lg.jp/b011/p006657.html,〇,月～金　9:00～20:00、土・日・祝日 　9:00～17:00,13名,〇,月～金　9:00～20:00、土・日・祝日 　9:00～17:00,施設ロビー
文京区,大塚地域活動センター,文京区大塚1-4-1 中央大学茗荷谷ｷｬﾝﾊﾟｽ内2階,https://www.city.bunkyo.lg.jp/b011/p006658/index.html,〇,毎日　9:00～21:30（施設法定点検日の8月30日を除く）,15名程度,〇,毎日　9:00～21:30まで（施設法定点検日の8月30日を除く）,ロビー、オープンスペース
文京区,音羽地域活動センター,文京区音羽1-22-14,https://www.city.bunkyo.lg.jp/b011/p006660/index.html,〇,月～金　9:00～20:00、土・日・祝日　9:00～17:00,14名,〇,月～金　9:00～20:00、土・日・祝日　9:00～17:00,"1階立ち寄りスペース
2階ホール"
文京区,向丘地域活動センター,向丘1-20-8,https://www.city.bunkyo.lg.jp/b011/p006665/index.html,〇,日～月　8:30～21:30,9名,〇,日～月　8:30～21:30,1Fロビー・エントランス
文京区,湯島地域活動センター,文京区本郷7-1-2,https://www.city.bunkyo.lg.jp/b011/p006662/index.html,〇,月～金　8:30～20:00、土・日・祝日　8:30～17:00,4名,〇,月～金　8:30～20:00、土・日・祝日　8:30～17:00,1Fロビー
文京区,汐見地域活動センター,文京区千駄木3-2-6,https://www.city.bunkyo.lg.jp/b011/p006669/index.html,〇,"月～金　9:00～20:00
土・日・祝日　9:00～17:00",21名,〇,月～金　9:00～20:00、土・日・祝日　9:00～17:00,"1Fロビー
2F交流スペース"
文京区,駒込地域活動センター,文京区本駒込3-22-4,https://www.city.bunkyo.lg.jp/b011/p006671/index.html,〇,"月～金　9:00～20:00
土・日・祝日　9:00～17:00",26名,〇,"月～金　9:00～20:00
土・日・祝日　9:00～17:00",1Fふれあいサロン駒込立ち寄りコーナー
文京区,不忍通りふれあい館（根津地域活動センター）,文京区文京区根津2-20-7,https://www.city.bunkyo.lg.jp/b011/p006686/index.html,〇,"月～日　9:00～21:30
毎月第3月曜日休館",9名,〇,月～日　9:00～21:30、毎月第3月曜日休館,1Fロビー
文京区,白山交流館,文京区白山4-27-11,https://www.bunkyo-koryukan.jp/,〇,毎日　9:00～20:00,3名,〇,毎日　9:00～20:00,1F交流スペース
文京区,目白台交流館,文京区目白台3-18-7,https://www.nihonhoiku.co.jp/blog/mejirodaikouryukan/,〇,毎日　9:00～20:00,8名,〇,毎日　9:00～20:00,1F交流スペース
文京区,根津交流館,文京区根津1-14-3,https://www.nihonhoiku.co.jp/blog/nezukouryukan/,〇,毎日　9:00～20:00,15名,〇,毎日　9:00～20:00,1Ｆフロア
文京区,千駄木交流館,文京区千駄木3-42-20,https://www.bunkyo-koryukan.jp/,〇,毎日　9:00～20:00,6名,〇,毎日　9:00～20:00,1F交流スペース
文京区,文京ふるさと歴史館,文京区本郷4-9-29,http://www.city.bunkyo.lg.jp/rekishikan/index.html,〇,火～日（第4火曜日、月曜日と第4火曜日が祝日にあたり開館した場合の翌日は休館）　10:00～17:00,2名,〇,火～日（第4火曜日、月曜日と第4火曜日が祝日にあたり開館した場合の翌日は休館）　10:00～17:00,1Fロビー・エントランス
文京区,森鷗外記念館,文京区千駄木1-23-4,https://moriogai-kinenkan.jp/,〇,月～日（毎月第4火曜日、祝日の場合は開館し翌日休館、第4月曜日・水曜日が休館の場合あり、展示替え期間は休館）　10:00～18:00（最終入館は17:30まで）　,"―
(開放の場所に椅子なし)",〇,月～日（毎月第4火曜日、祝日の場合は開館し翌日休館、第4月曜日・水曜日が休館の場合あり、展示替え期間は休館）　10:00～18:00（最終入館は17:30まで）　,1Fロビー・エントランス
文京区,スポーツセンター,文京区大塚3‐29‐2,https://www.shisetsu-tds.jp/tokyo-bunkyo-sportscenter/,〇,日～土　9:00～22:30、※夏季期間7:30～開館,20名,〇,日～土　9:00～22:30、※夏季期間7:30～開館,1F・2Fギャラリー
文京区,総合体育館,文京区本郷7‐1‐2,https://www.shisetsu-tds.jp/tokyo-bunkyo-sogotaiikukan/,〇,日～土　8:30～22:30,30名,〇,日～土 8:30～22:30,1F ギャラリー、2F リフレッシュコーナー
文京区,江戸川橋体育館,文京区小日向1-7-4,https://www.shisetsu-tds.jp/tokyo-bunkyo-edogawabashitaiikukan/,〇,日～土　9:00～21:30,5名程度,〇,日～土　9:00～21:30,1Fロビー
文京区,目白台運動公園　パークセンター,文京区目白台1-19,https://mejirodaipark.com/,〇,"6月～8月　7:30～18:30
9月～10月 7:30～17:00
※夏季の休園日なし",20名,〇,"6月～8月　7:30～18:30
9月～10月 7:30～17:00
※夏季の休園日なし",集会室(利用がない時）
文京区,肥後細川庭園　松聲閣,文京区目白台1-1-22,https://higo-hosokawa-bunkyo.jp/,〇,9:00～17:00（夏季の休園日なし）,20名,〇,9:00～17:00（夏季の休園日なし）,集会室(利用がない時）
文京区,文京福祉センター江戸川橋,文京区小日向2-16-15,https://care-net.biz/13/lien/,〇,9:00～18:00,8名,〇,9:00～18:00,1階エントランス一画の「談話コーナー」部分
文京区,文京区教育センター,文京区湯島4-7-10,https://www.bunkyo-tky.ed.jp/ed-center/,〇,月～土　8:30～17:15,26名,〇,月～土　8:30～17:15まで,1階エントランス
文京区,真砂中央図書館,文京区本郷4-8-15,https://www.lib.city.bunkyo.tokyo.jp/,〇,"平日・土曜　9:00～21:00
日曜・祝日・12/29　9:00～19:00
休館日はホームページ等でご確認ください","―
（座席は時間制限あり）",〇,"平日・土曜　9:00～21:00
日曜・祝日・12/29　9:00～19:00
休館日はホームページ等でご確認ください",全館
文京区,本郷図書館,文京区千駄木3-2-6,https://www.lib.city.bunkyo.tokyo.jp/,〇,"平日・土曜　9:00～21:00
日曜・祝日・12/29　9:00～19:00
休館日はホームページ等でご確認ください","―
（座席は時間制限あり）",〇,"平日・土曜　9:00～21:00
日曜・祝日・12/29　9:00～19:00
休館日はホームページ等でご確認ください",全館
文京区,小石川図書館,文京区小石川5-9-20,https://www.lib.city.bunkyo.tokyo.jp/,〇,"平日・土曜　9:00～21:00
日曜・祝日・12/29　9:00～19:00
休館日はホームページ等でご確認ください","―
（座席は時間制限あり）",〇,"平日・土曜　9:00～21:00
日曜・祝日・12/29　9:00～19:00
休館日はホームページ等でご確認ください",全館
文京区,水道端図書館,文京区水道2-16-14,https://www.lib.city.bunkyo.tokyo.jp/,〇,"平日・土曜　9:00～21:00
日曜・祝日・12/29　9:00～19:00
休館日はホームページ等でご確認ください","―
（座席は時間制限あり）",〇,"平日・土曜　9:00～21:00
日曜・祝日・12/29　9:00～19:00
休館日はホームページ等でご確認ください",全館
文京区,目白台図書館,文京区関口3-17-9,https://www.lib.city.bunkyo.tokyo.jp/,〇,"平日・土曜　9:00～21:00
日曜・祝日・12/29　9:00～19:00
休館日はホームページ等でご確認ください","―
（座席は時間制限あり）",〇,"平日・土曜　9:00～21:00
日曜・祝日・12/29　9:00～19:00
休館日はホームページ等でご確認ください",全館
文京区,千石図書館,文京区千石1-25-3,https://www.lib.city.bunkyo.tokyo.jp/,〇,"平日・土曜　9:00～20:00
日曜・祝日・12/29　9:00～19:00
休館日はホームページ等でご確認ください","―
（座席は時間制限あり）",〇,"平日・土曜　9:00～20:00
日曜・祝日・12/29　9:00～19:00
休館日はホームページ等でご確認ください",全館
文京区,湯島図書館,文京区本郷3-10-18,https://www.lib.city.bunkyo.tokyo.jp/,〇,"平日・土曜　9:00～21:00
日曜・祝日・12/29　9:00～19:00
休館日はホームページ等でご確認ください","―
（座席は時間制限あり）",〇,"平日・土曜　9:00～21:00
日曜・祝日・12/29　9:00～19:00
休館日はホームページ等でご確認ください",全館
文京区,根津図書室,文京区根津2-20-7,https://www.lib.city.bunkyo.tokyo.jp/,〇,"平日・土曜　9:00～21:00
日曜・祝日・12/29　9:00～19:00
休館日はホームページ等でご確認ください","―
（座席は時間制限あり）",〇,"平日・土曜　9:00～21:00
日曜・祝日・12/29　9:00～19:00
休館日はホームページ等でご確認ください",全館
文京区,大塚公園みどりの図書室,文京区大塚4-49-2,https://www.lib.city.bunkyo.tokyo.jp/,〇,"平日・土曜　9:00～21:00
日曜・祝日・12/29　9:00～19:00
休館日はホームページ等でご確認ください","―
（座席は時間制限あり）",〇,"平日・土曜　9:00～21:00
日曜・祝日・12/29　9:00～19:00
休館日はホームページ等でご確認ください",全館
文京区,アカデミー湯島,文京区湯島2-28-14,https://www.b-academy.jp/rental/ac-yushima/index.html,〇,9:00～21:30,12名,〇,9:00～21:30,5Fロビー
文京区,アカデミー音羽,文京区大塚5-40-15,https://www.b-academy.jp/rental/ac-otowa/index.html,〇,9:00～21:30,15名,〇,9:00～21:30,1F～3Fロビー
文京区,アカデミー千石,文京区千石1-25-3,https://www.b-academy.jp/rental/ac-sengoku/index.html,〇,9:00～17:00,4名,〇,9:00～17:00,1Fロビー
文京区,アカデミー茗台,文京区春日2-9-5,https://www.b-academy.jp/rental/ac-meidai/index.html,〇,9:00～21:30,8名,〇,9:00～21:30,1Fロビー
文京区,アカデミー向丘,向丘1-20-8,https://www.city.bunkyo.lg.jp/b014/p006736.html,〇,日～月　9:00～21:30,9名,〇,日～月　9:00～21:30,1階ロビー・エントランス
文京区,文京区勤労福祉会館,文京区本駒込4-35-15,https://www.bunkyo-kinrou-fukushi.info/,〇,"9:00～21:30
※年末年始を除く",6名,〇,"9:00～21:30
※年末年始を除く",1Fロビー
文京区,元町ウェルネスパーク,文京区本郷1-1-19東館,https://www.city.bunkyo.lg.jp/b011/p007822.html,〇,9:00～22:00（年末年始及び施設点検日を除く）,2名,〇,9:00～22:00（年末年始及び施設点検日を除く）,1Fエントランス
文京区,本富士生活あんしん拠点（本富士地区地域生活支援拠点）,文京区本郷2-21-3青木ビル1階,,〇,"月～金　
10:30～17:30
（ただし状況によっては利用できない場合あり）",4名,〇,"月～金　
10:30～17:30
（ただし状況によっては利用できない場合あり）",サロン
文京区,富坂生活あんしん拠点（富坂地区地域生活支援拠点）,文京区千石1-15-5千石文化苑ビル101号,,〇,"月～金　
10:00～17:30",15名,〇,"月～金　
10:00～17:30",サロン
文京区,大塚生活あんしん拠点（大塚地区地域生活支援拠点）,文京区水道2-3-17グラングスト文京101号,,〇,"月～金　
10:00～17:30",8名,〇,"月～金　
10:00～17:30",サロン
文京区,男女平等センター　エガリテ,文京区本郷4-8-3,https://www.bunkyo-danjo.jp/,〇,"9:00～21:30
年末年始及び全館清掃日を除く",34名,〇,"9:00～21:30
年末年始及び全館清掃日を除く",交流コーナー・ロビー
文京区,東京都水道歴史館,文京区本郷2-7-1,https://www.suidorekishi.jp/,〇,"開館時間:9:30～17:00(入館は16:30まで)
休館日:毎月第4月曜日(月曜日が休日の場合はその翌日)
年末年始(12月28日から1月4日まで)",40名程度,〇,"開館時間:9:30～17:00(入館は16:30まで)
休館日:毎月第4月曜日(月曜日が休日の場合はその翌日)
年末年始(12月28日から1月4日まで)",館内各所
文京区,東京都戦没者霊苑,文京区春日1-14-4,https://www.fukushi.metro.tokyo.lg.jp/seikatsu/senso/reien.html,〇,午前9時から午後5時まで(12月29日から1月3日までを除く),50名,〇,午前9時から午後5時まで(12月29日から1月3日までを除く),一階休憩室、遺品展示室
文京区,トーキョーアーツアンドスペース本郷,文京区本郷2-4-16,https://www.tokyoartsandspace.jp/location/hongo.html,,,,〇,11:00～19:00休館日:月曜日(祝日の場合は翌平日)・展示替期間・年末年始,展示室(無料)
文京区,中川薬局　　本駒込店,文京区本駒込2-28-38 オーナーズプラザ本郷8,,,,,〇,"月～水、金　9:00～19:00
木　9:00～17:00
土　9:00～13:00
定休日　日曜日・祝日",待合室
文京区,中川薬局　　茗荷谷店,文京区小日向4-5-16,,,,,〇,月～金9:00～18:30・土9:00～18:00　日・祝休み,薬局待合室
台東区,台東一丁目区民館,台東1丁目25番5号,https://www.city.taito.lg.jp/kusei/shisetsu/hall/kuminkan/kuminkan1.html,〇,平日8:30～17:15,10名,〇,平日8:30～17:15,1階ロビーEV前
台東区,上野区民館,池之端1丁目1番12号,https://www.city.taito.lg.jp/kusei/shisetsu/hall/kuminkan/kumikan3.html,〇,平日8:30～17:15,10名,〇,平日8:30～17:15,1階ロビー
台東区,入谷区民館,入谷1丁目15番6号,https://www.city.taito.lg.jp/kusei/shisetsu/hall/kuminkan/kuminkan4.html,〇,平日8:30～17:15,10名,〇,平日8:30～17:15,1階ロビー
台東区,浅草橋区民館,浅草橋2丁目8番7号,https://www.city.taito.lg.jp/kusei/shisetsu/hall/kuminkan/kuminkan8.html,〇,平日8:30～17:15,10名,〇,平日8:30～17:15,1階ロビー
台東区,台東区民会館,花川戸2丁目6番5号,https://www.city.taito.lg.jp/kusei/shisetsu/hall/kuminkan/riyouannai.html,〇,"8:00～20:00
休館日：第2月曜日（祝日にあたる場合は翌日休館）",10名,〇,"8:00～20:00
休館日：第2月曜日（祝日にあたる場合は翌日休館）",1階ロビー
台東区,谷中防災コミュニティセンター,谷中5丁目6番5号,https://www.city.taito.lg.jp/kusei/shisetsu/hall/kuminkan/01575392.html,〇,月～土9:00～18:00,10名,〇,月～土9:00～18:00,防災啓発・展示コーナー
台東区,三ノ輪福祉センター,三ノ輪1丁目27番11号,https://taitoswc.org,〇,平日9:00～17:00,8名,〇,平日9:00～17:00,1階エントランスホール
台東区,特別養護老人ホーム竜泉,竜泉2丁目10番8号,https://ryusen.taitoswc.org,〇,平日9:00～17:00,30名,〇,平日9:00～17:00,1階地域交流スペース
台東区,竜泉福祉センター「いきいきてらす」,竜泉2丁目10番5号,https://taitoswc.com,〇,"9;00～17:00
休館日：第1月曜日（祝日にあたる場合は翌日休館）",30名,〇,"9;00～17:00
休館日：第1月曜日（祝日にあたる場合は翌日休館）",3階交流ラウンジ
台東区,社会教育センター,東上野6丁目16番8号,https://www.taito-shakyo.com/center-ts/act/#sec01_ttl,〇,"9:00～22:00
※第1・3・5月曜日は13:00～22:00
休館日：第1・3・5月曜日（祝日にあたる場合は翌日休館）",10名,〇,"9:00～22:00
※第1・3・5月曜日は13:00～22:00
休館日：第1・3・5月曜日（祝日にあたる場合は翌日休館）",3階
台東区,千束社会教育館,浅草4丁目24番13号,https://www.taito-shakyo.com/center-ts/act/#sec02_ttl,〇,"9:00～22:00
休館日：月曜の午前中・祝日",10名,〇,"9:00～22:00
休館日：月曜の午前中・祝日",3階
台東区,根岸社会教育館,根岸5丁目18番13号,https://www.taito-shakyo.com/center-ts/act/#sec04_ttl,〇,"9:00～22:00
休館日：月曜の午前中・祝日",7名,〇,"9:00～22:00
休館日：月曜の午前中・祝日",1階
台東区,今戸社会教育館,今戸2丁目26番12号,https://www.taito-shakyo.com/center-ts/act/#sec05_ttl,〇,"9:00～22:00
休館日：月曜の午前中・祝日",10名,〇,"9:00～22:00
休館日：月曜の午前中・祝日",2階
台東区,リバーサイドスポーツセンター,今戸1丁目1番10号,https://www.taitogeibun.net/riverside/,〇,"8:40～21:00
※開館する月曜日は8:40～18:00
休館日：月曜日（第1月曜日・祝日の場合を除く）",4名,〇,"8:40～21:00
※開館する月曜日は8:40～18:00
休館日：月曜日（第1月曜日・祝日の場合を除く）",1階
台東区,台東保健所,東上野4丁目22番8号,https://www.city.taito.lg.jp/kusei/shisetsu/hoken/taitohokenjo.html,〇,平日8:30～17:15,10名,〇,平日8:30～17:15,1階ロビー
台東区,江戸たいとう伝統工芸館,浅草2丁目22番13号,https://www.city.taito.lg.jp/bunka_kanko/tiikidentou/tradition/kogeikan/index.html,〇,"10:00～18:00
休館日：第2・4火曜日（祝日にあたる場合は翌日休館）",10名,〇,"10:00～18:00
休館日：第2・4火曜日（祝日にあたる場合は翌日休館）",2階休憩スペース
台東区,浅草文化観光センター,雷門2丁目18番9号,https://www.city.taito.lg.jp/bunka_kanko/kankoinfo/info/oyakudachi/kankocenter/index.html,〇,9:00～20:00,20名,〇,9:00～20:00,6階多目的スペース
台東区,台東清掃事務所（清川清掃車庫を含む）,今戸1丁目6番26号,https://www.city.taito.lg.jp/kusei/shisetsu/kankyo.html,〇,平日8:30～17:15,20名,〇,平日8:30～17:15,1階エントランス
台東区,台東区役所　本庁舎,東上野4丁目5番6号,https://www.city.taito.lg.jp/kusei/shisetsu/kuyakusho/chosha.html,〇,"平日8:30～17:15
※水曜日8:30～19:00
※第2日曜日9:00～17:00",30名,〇,"平日8:30～17:15
※水曜日8:30～19:00
※第2日曜日9:00～17:00",1階正面玄関付近
台東区,台東区社会福祉協議会,下谷1丁目2番11号,https://taitoshakyo.com/,〇,平日8:30～17:15,10名,〇,平日8:30～17:15,1階ロビー
台東区,"公益財団法人東京都福祉保健財団
城北労働・福祉センター",日本堤2丁目2番11号,https://www.fukushizaidan.jp/401johoku/,〇,月～土9:00～20:00,60名,,,
台東区,東京都美術館,台東区上野公園8-36,https://www.tobikan.jp/,〇,"9:30～17:30
休館日：第1・3月曜日（祝日の場合は翌平日）、年末年始、臨時休館日、館内の混雑状況等により、ご入場いただけない場合もございます",52名,〇,"9:30～17:30
休館日:第1・3月曜日(祝日の場合は翌平日)、年末年始、臨時休館日、館内の混雑状況等により、ご入場いただけない場合もございます",佐藤慶太郎記念アートラウンジ
台東区,朝日信用金庫　西町支店,台東区東上野1丁目2番1号,https://www.asahi-shinkin.co.jp,〇,平日　9:00～15:00,4名,,,
台東区,朝日信用金庫　浅草支店,台東区浅草4丁目49番12号,https://www.asahi-shinkin.co.jp,〇,平日　9:00～11:30 12:30～15:00,2名,,,
台東区,朝日信用金庫　浅草橋支店,台東区浅草橋3丁目17番7号,https://www.asahi-shinkin.co.jp,〇,平日　9:00～11:30 12:30～15:00,2名,,,
台東区,"ナチュラルローソン
クオール薬局東上野五丁目店",台東区東上野5丁目2番2号,https://store.qol-net.co.jp/detail/394/,〇,月～土　9:00～21:00,3名,〇,月～土　9:00～21:00,待合所
墨田区,墨田区役所本庁舎,東京都墨田区吾妻橋一丁目23番20号,https://www.city.sumida.lg.jp/,〇,"月～金、開放除外日:祝日・年末年始
8:30～17:00（毎月第1・3水曜日は19:00まで（一部の窓口のみ））",50名,〇,"月～金、開放除外日:祝日・年末年始
8:30～17:00（毎月第1・3水曜日は19:00まで（一部の窓口のみ））",施設全館
墨田区,すみだ共生社会推進センター,東京都墨田区押上二丁目12番7-111号,https://www.city.sumida.lg.jp/sisetu_info/tamokuteki/sumida_zyoseicenter/index.html,〇,"月～金、開放除外日:祝日・年末年始
9:00～17:00",5名,〇,"月～金、開放除外日:祝日・年末年始
9:00～17:00",3階ロビー
墨田区,社会福祉会館,東京都墨田区東墨田二丁目7番1号,https://www.city.sumida.lg.jp/sisetu_info/hukusisisetu/syakaihukusikaikan/index.html,〇,"月～日、開放除外日:第3月曜日・祝日・年末年始
9:00～17:00",5名,〇,"月～日、開放除外日:第3月曜日・祝日・年末年始
9:00～17:00",1階ロビー
墨田区,文花出張所,東京都墨田区文花一丁目32番1-102号,https://www.city.sumida.lg.jp/sisetu_info/syuttyouzyo/bunka_syuttyouzyo.html,〇,"月～金、開放除外日:祝日・年末年始
8:30～17:00",5名,〇,月～金、開放除外日:祝日・年末年始 8:30～17:00,施設全館
墨田区,みどりｺﾐｭﾆﾃｨｾﾝﾀｰ,東京都墨田区緑三丁目7番3号,https://www.sumidaku-midoricc.com/,〇,月～土、開放除外日:第3月曜日（祝日の場合は翌平日）、祝日・年末年始 9:00～16:00まで,10名,〇,"月～土開放除外日:第3月曜日（祝日の場合は翌平日）、祝日・年末年始
9:00～16:00まで",2階　集会室
墨田区,東駒形ｺﾐｭﾆﾃｨ会館,東京都墨田区東駒形四丁目14番1号,https://r.goope.jp/tonkoma/,〇,月～日、開放除外日:（全館:第3木曜日（祝日の場合は翌平日）、年末年始、特別整理期間（年間10日以内））、（図書室:6/4～7)月～土:9:00～20:00、日・祝:9:00～17:00,5名,〇,月～日、開放除外日:（全館:第3木曜日（祝日の場合は翌平日）、年末年始、特別整理期間（年間10日以内））、（図書室:6/4～7)月～土:9:00～20:00、日・祝:9:00～17:00,図書室2階閲覧コーナー
墨田区,横川ｺﾐｭﾆﾃｨ会館,東京都墨田区横川五丁目9番1号,https://www.yokokomi.ashita-ba.co.jp/index.html,〇,月～日、開放除外日:第3木曜日（祝日の場合は翌平日）・年末年始・特別整理期間（年間10日以内）月～土:9:00～20:00、日・祝:9:00～17:00,5名,〇,月～日、開放除外日:第3木曜日（祝日の場合は翌平日）・年末年始・特別整理期間（年間10日以内）月～土:9:00～20:00、日・祝:9:00～17:00,2階図書室
墨田区,梅若橋ｺﾐｭﾆﾃｨ会館,東京都墨田区堤通二丁目9番1号,https://sumida-umecomi.net/,〇,月～日、開放除外日:第3木曜日（祝日の場合は翌平日）・年末年始、月～土:9:00～20:00、日・祝:9:00～17:00,5名,〇,月～日、開放除外日:第3木曜日（祝日の場合は翌平日）・年末年始、月～土:9:00～20:00、日・祝:9:00～17:00,1階ロビー
墨田区,菊川分室,東京都墨田区菊川三丁目21番6-102号,,〇,"月～土、開放除外日:祝日・年末年始
9:00～16:00",5名,〇,"月～土、開放除外日:祝日・年末年始
9:00～16:00",1階　和室
墨田区,横川三丁目集会所,東京都墨田区横川三丁目12番12号,https://www.sumida-machi.or.jp/facilities/list/details_12.html,〇,"月～土、開放除外日:祝日・年末年始
9:00～16:00",10名,〇,"月～土、開放除外日:祝日・年末年始
9:00～16:00","2階　和室
※エレベーターなし"
墨田区,東向島集会所,東京都墨田区東向島四丁目8番12号,https://www.sumida-machi.or.jp/facilities/list/details_9.html,〇,"月～土、開放除外日:祝日・年末年始
9:00～16:00",10名,〇,"月～土、開放除外日:祝日・年末年始
9:00～16:00",1階　和室
墨田区,京島会館,東京都墨田区京島二丁目15番5号,,〇,月、水、木、土、開放除外日:祝日・年末年始、9:00～16:00,5名,〇,月、水、木、土、開放除外日:祝日・年末年始、9:00～16:00,"2階　和室
※エレベーターなし"
墨田区,本所地域プラザ,東京都墨田区本所一丁目13番4号,https://hcpbs.jp/wp/,〇,月～日、開放除外日:第3月曜日（祝日の場合は翌平日）・年末年始、9:00～21:00,17名,〇,月～日、開放除外日:第3月曜日（祝日の場合は翌平日）・年末年始、9:00～21:00,2階レクリエーションコーナー
墨田区,八広地域プラザ,東京都墨田区八広四丁目35番17号,http://www.azumanosato.com/,〇,"月～日、開放除外日:第3月曜日（祝日の場合は翌平日）、年末年始
9:00～21:00",10名,〇,"月～日、開放除外日:第3月曜日（祝日の場合は翌平日）、年末年始
9:00～21:00",施設全館
墨田区,すみだ生涯学習ｾﾝﾀｰ,東京都墨田区東向島二丁目38番7号,https://www.yutoriya.jp/,〇,月～日、開放除外日:第4月曜日（祝日の場合は翌平日）・年末年始、9:00～21:00,5名,〇,月～日、開放除外日:第4月曜日（祝日の場合は翌平日）・年末年始、9:00～21:00,Ｂ棟2階学習相談コーナー
墨田区,曳舟文化ｾﾝﾀｰ,東京都墨田区京島一丁目38番11号,https://www.hikifune-bunka.jp/,〇,月～日、開放除外日:年末年始、9:00～21:00,7名,〇,月～日、開放除外日:年末年始、9:00～21:00,1階ロビー
墨田区,墨田区総合体育館,東京都墨田区錦糸四丁目15番1号,http://www.sumidacity-gym.com/,〇,月～日、開放除外日:第3月曜日（祝日の場合は翌平日）、8:30～23:00,20名,〇,月～日、開放除外日:第3月曜日（祝日の場合は翌平日）、8:30～23:00,2Fエントランスホール
墨田区,墨田区総合運動場,東京都墨田区堤通二丁目11番1号,https://sumidacity-ground.com/,〇,月～日、開放除外日:第2火曜日（祝日の場合は翌平日）、年末年始、9:00～21:00,8名,〇,月～日、開放除外日:第2火曜日（祝日の場合は翌平日）、年末年始、9:00～21:00,1階ロビー
墨田区,すみだｽﾎﾟｰﾂ健康ｾﾝﾀｰ,東京都墨田区東墨田一丁目6番1号,https://www.sumispo.com/,〇,月、火、木～日、開放除外日:年末年始、10:00～17:00まで,10名程度,〇,月、火、木～日、開放除外日:年末年始、10:00～17:00,2階廊下
墨田区,東墨田会館,東京都墨田区東墨田二丁目12番9号,https://www.city.sumida.lg.jp/sisetu_info/tamokuteki/east_sumida.html,〇,"月～土、開放除外日:祝日・年末年始、
9:00～21:00",10名,〇,月～土、開放除外日:祝日・年末年始、9:00～21:00,2階　談話室
墨田区,いきいきﾌﾟﾗｻﾞ,東京都墨田区文花一丁目32番2号,https://www.foryou.or.jp/corp2/sumidaikiiki/,〇,月～日、開放除外日:第3水曜日（祝日の場合は翌平日）、年末年始、9:00～17:00,10名,〇,月～日、開放除外日:第3水曜日（祝日の場合は翌平日）、年末年始、9:00～17:00,施設全館
墨田区,梅若ゆうゆう館,東京都墨田区墨田一丁目4番4号,https://sumida-jigyodan.or.jp/silverplazaumewaka/?page_id=50,〇,月～日、開放除外日:年末年始、9:00～17:00,5名程度,〇,月～日、開放除外日:年末年始、9:00～17:00,サロン（玄関入って右側スペース）
墨田区,立花ゆうゆう館,東京都墨田区立花六丁目8番1-102号,https://www.foryou.or.jp/corp2/yuyutachibana/,〇,月～日、開放除外日:年末年始、9:00～17:00,"10名程度
※空いているお部屋があれば上記以上可能",〇,月～日、開放除外日:年末年始、9:00～17:00,施設全館
墨田区,ぶんか高齢者支援総合センター,東京都墨田区文花一丁目29番5号都営文花一丁目アパート5号棟1階,https://www.city.sumida.lg.jp/sisetu_info/hukusisisetu/zaitakukaigosien/bunka_houkatsu.html,〇,"月～土、開放除外日:祝日・年末年始、
9:00～18:00",5名,〇,月～土、開放除外日:祝日・年末年始、9:00～18:00,玄関スペース
墨田区,八広はなみずき高齢者支援総合センター,東京都墨田区八広五丁目18番23号,https://www.city.sumida.lg.jp/sisetu_info/hukusisisetu/zaitakukaigosien/hanamizuki_houkatsu.html,〇,月～土、開放除外日:祝日・年末年始、9:00～18:00,15名,〇,月～土、開放除外日:祝日・年末年始、9:00～18:00,ふれあい交流スペース
墨田区,みどり高齢者支援総合センター,墨田区緑一丁目11番2号　両国Ｍ-1Garden２階,https://www.city.sumida.lg.jp/sisetu_info/hukusisisetu/zaitakukaigosien/midori_houkatsu.html,〇,"月～土
開放除外日：祝日、年末年始
午前9時から午後6時まで",5名,〇,"月～土
開放除外日：祝日、年末年始
午前9時から午後6時まで",会議室又は相談室
墨田区,すみだ福祉保健センター,東京都墨田区向島三丁目36番7号 ,https://www.city.sumida.lg.jp/sisetu_info/hukusisisetu/koureisyazaitaku/sumidahukusihoken.html,〇,月～土、開放除外日:祝日・年末年始、9:00～17:00,10名程度,〇,月～土、開放除外日:祝日・年末年始、9:00～17:00,1階ロビー・1階駐車スペース出入口横ソファー
墨田区,ひきふね図書館,東京都墨田区京島一丁目36番5号,https://www.library.sumida.tokyo.jp/contents;jsessionid=D04CA5E6DB6C1D82C4392707E4DFA951?0&pid=28,〇,月～日、開放除外日:第3木曜日（祝日の場合は翌平日）、年末年始、特別整理期間（年間10日以内）、月～土（祝除く）:9:00～21:00（こどもとしょしつは午後6時まで）、日・祝:9:00～17:00,16名,〇,月～日、開放除外日:第3木曜日（祝日の場合は翌平日）、年末年始、特別整理期間（年間10日以内）、月～土（祝除く）:9:00～21:00（こどもとしょしつは午後6時まで）、日・祝:9:00～17:00,施設全館
墨田区,緑図書館,東京都墨田区緑二丁目24番5号,https://www.library.sumida.tokyo.jp/contents?1&pid=29,〇,月～日、開放除外日:第3木曜日（祝日の場合は翌平日）、年末年始、特別整理期間（年間10日以内）、月～土（祝除く）:9:00～20:00、日・祝:9:00～17:00,7名,〇,月～日、開放除外日:第3木曜日（祝日の場合は翌平日）、年末年始、特別整理期間（年間10日以内）、月～土（祝除く）:9:00～20:00、日・祝:9:00～17:00,施設全館
墨田区,立花図書館,東京都墨田区立花六丁目8番1号 都営立花六丁目アパート1号棟101,https://www.library.sumida.tokyo.jp/contents?2&pid=31,〇,月～日、開放除外日:第3木曜日（祝日の場合は翌平日）、年末年始、特別整理期間（年間10日以内）、月～土（祝除く）:9:00～20:00、日・祝:9:00～17:00,9名,〇,月～日、開放除外日:第3木曜日（祝日の場合は翌平日）、年末年始、特別整理期間（年間10日以内）、月～土（祝除く）:9:00～20:00、日・祝:9:00～17:00,施設全館
墨田区,八広図書館,東京都墨田区八広五丁目10番1-104号、都営八広五丁目アパート1Ｆ,https://www.library.sumida.tokyo.jp/contents?3&pid=30,〇,月～日、開放除外日:第3木曜日（祝日の場合は翌平日）、年末年始、特別整理期間（年間10日以内）、月～土（祝除く）:9:00～20:00、日・祝:9:00～17:00,10名,〇,月～日、開放除外日:第3木曜日（祝日の場合は翌平日）、年末年始、特別整理期間（年間10日以内）、月～土（祝除く）:9:00～20:00、日・祝:9:00～17:00,施設全館
墨田区,八広児童館,東京都墨田区東墨田一丁目2番6号,https://yahiro-jidoukan.jp/,〇,"月～日、開放除外日：年末年始、館内整理日（月1回不定日）
月～金：午前9時から午後8時まで
土、日、祝：午前9時から午後7時まで",10名,〇,"月～日、開放除外日：年末年始、館内整理日（月1回不定日）
月～金：午前9時から午後8時まで
土、日、祝：午前9時から午後7時まで",1階コミュニティラウンジ
墨田区,本所都民防災教育センター（本所防災館）,東京都墨田区横川4-6-6,https://www.tfd.metro.tokyo.lg.jp/taiken/honjo/index.html,〇,"休館日を除く9:00～17:00
※休館日：水曜日、第3木曜日（祝日の場合は直後の平日）、年末年始",60名,〇,"休館日を除く9:00～17:00
※休館日:水曜日、第3木曜日(祝日の場合は直後の平日)、年末年始",館内各所
墨田区,すみだ保健子育て総合センター,東京都墨田区横川五丁目7番4号,https://www.city.sumida.lg.jp/sisetu_info/hoken_iryousisetu/hokenksodatesc/hkscgaiyou.html,〇,"月～金
開放除外日：祝日、年末年始
午前9時から午後5時まで",5名以上,〇,"月～金
開放除外日：祝日、年末年始
午前9時から午後5時まで",1階ロビー・1階区民ラウンジ
墨田区,すみだボランティアセンター,東京都墨田区東向島二丁目17番14号,https://www.city.sumida.lg.jp/sisetu_info/hukusisisetu/volunteer/sumida_volunteer.html,〇,"月～金
開放除外日：祝日、年末年始
午前9時から午後5時30分まで",5名,〇,"月～金
開放除外日：祝日、年末年始
午前9時から午後5時30分まで",玄関スペース
墨田区,すみだリサイクルセンター,東京都墨田区横川五丁目10番1号,https://www.city.sumida.lg.jp/kurashi/gomi_recycle/3r_torikumi/recycle_center/3r-recycle-center-1.html,〇,"月～土
開放除外日：年末年始",5名,〇,"月～土：午前9時から午後5時まで
",
墨田区,東京都江戸東京博物館,東京都墨田区横網一丁目4番1号,https://www.edo-tokyo-museum.or.jp/information/access/,〇,"火～日
開放除外日：年末年始",20名,〇,"午前9時30分から午後5時30分まで
（土は午後7時30分まで）",１階エントランス及び休憩コーナー
江東区,男女共同参画推進センター,江東区扇橋3-22-2,https://www.city.koto.lg.jp/055201/shisetsuannai/kokyo/omonashisetsu/shisetsu/16794.html,〇,9:00～22:00、休館日除く。休館日:第2・4月曜日(祝日の場合は開館),40名,〇,9:00～22:00、休館日除く。休館日:第2・4月曜日(祝日の場合は開館),1F展示・交流コーナー、2F情報資料室
江東区,江東区産業会館,江東区東陽4-5-18,https://koto-sangyokaikan.jp/,〇,8:30～21:45、休館日除く。休館日:第2・4日曜日,10名,〇,8:30～21:45、休館日除く。休館日:第2・4日曜日,ロビー展示室
江東区,江東区文化センター,江東区東陽4-11-3,https://www.kcf.or.jp/koto/,〇,9:00～21:00、休館日除く。休館日:第2・4月曜日(祝日の場合は開館),100名,〇,9:00～21:00、休館日除く。休館日:第2・4月曜日(祝日の場合は開館),2F談話ロビー
江東区,森下文化センター,江東区森下3-12-17,https://www.kcf.or.jp/morishita/,〇,9:00～21:00　休館日除く。休館日：第1・3月曜日（祝日の場合は開館）,"各10名
（計20名）",〇,9:00～21:00　休館日除く。休館日：第1・3月曜日（祝日の場合は開館）,1階談話ロビー・1階アートスペース
江東区,古石場文化センター,江東区古石場2-13-2,https://www.kcf.or.jp/furuishiba/,〇,9:00～21:00、休館日除く。休館日:第1・3月曜日(祝日の場合は開館),50名,〇,9:00～21:00、休館日除く。休館日:第1・3月曜日(祝日の場合は開館),1F談話ロビー
江東区,豊洲文化センター,江東区豊洲2-2-18,https://www.kcf.or.jp/toyosu/,〇,9:00～21:00、休館日除く。休館日:第2・4月曜日(祝日の場合は開館),20名,〇,9:00～21:00休館日除く。休館日:第2・4月曜日(祝日の場合は開館),1階ギャラリー入口エリア、(トイレ前スペース)
江東区,亀戸文化センター,江東区亀戸2-19-1,https://www.kcf.or.jp/kameido/,〇,9:00～21:00、休館日除く。休館日:第2・4月曜日(祝日の場合は開館),10名,〇,9:00～21:00、休館日除く。休館日:第2・4月曜日(祝日の場合は開館),1F・2Fロビー
江東区,東大島文化センター,江東区大島8-33-9,https://www.kcf.or.jp/higashiojima/,〇,9:00～21:00休館日除く。休館日:第1・3月曜日(祝日の場合は開館),10名,〇,9:00～21:00休館日除く。休館日:第1・3月曜日(祝日の場合は開館),1Fロビー
江東区,砂町文化センター,江東区北砂5-1-7,https://www.kcf.or.jp/sunamachi/,〇,9:00～21:00休館日除く。休館日:第1・3月曜日(祝日の場合は開館),8名,〇,9:00～21:00休館日除く。休館日:第1・3月曜日(祝日の場合は開館),2Fロビー
江東区,深川江戸資料館,江東区白河1-3-28,https://www.kcf.or.jp/fukagawa/,〇,9:00～17:00休館日除く。休館日:第2・4月曜日(祝日の場合は開館)・臨時休館日,約10名,〇,9:00～17:00休館日除く。休館日:第2・4月曜日(祝日の場合は開館)・臨時休館日,1Fロビー
江東区,芭蕉記念館,江東区常盤1-6-3,https://www.kcf.or.jp/basho/,〇,9:00～17:00休館日除く。休館日:第2・4月曜日(祝日の場合は開館し翌日休館)・臨時休館日,約5名,〇,9:00～17:00休館日除く。休館日:第2・4月曜日(祝日の場合は開館し日休館)・臨時休館日,1Fロビー
江東区,中川船番所資料館,江東区大島9-1-15,https://www.kcf.or.jp/nakagawa/,〇,9:00～17:00休館日除く。休館日:月曜日(祝日の場合は開館し翌日休館)・臨時休館日,6名(立ったままであれば20～30名程度可能),〇,9:00～17:00休館日除く。休館日:月曜日(祝日の場合は開館し翌日休館)・臨時休館日,1Fロビー
江東区,スポーツ会館,江東区北砂1-2-9,https://www.koto-hsc.or.jp/centerlist/sports_center1/#gsc.tab=0,〇,"9:00～17:00　休館日除く
休館日：月曜日（祝日の場合は開館し翌日休館）、臨時休館日",15名,〇,"9:00～17:00　休館日除く
休館日：月曜日（祝日の場合は開館し翌日休館）、臨時休館日",1F休憩所
江東区,深川スポーツセンター,江東区越中島1-2-18,https://www.koto-hsc.or.jp/sports_center2/,〇,8:30～22:00休館日除く。休館日:第2・4月曜日(祝日の場合は開館し翌日休館),15名,〇,8:30～22:00休館日除く。休館日:第2・4月曜日(祝日の場合は開館し翌日休館),1Fロビー奥
江東区,亀戸スポーツセンター,江東区亀戸8-22-1,https://www.koto-hsc.or.jp/sports_center3/,〇,8:30～22:00休館日除く。休館日:第2・4月曜日(祝日の場合は開館し翌日休館),15名,〇,8:30～22:00休館日除く。休館日:第2・4月曜日(祝日の場合は開館し翌日休館),1F自販機コーナー
江東区,有明スポーツセンター,江東区有明2-3-5,https://www.koto-hsc.or.jp/sports_center4/,〇,8:30～22:00休館日除く。休館日:第2・4月曜日(祝日の場合は開館し翌日休館),70名,〇,8:30～22:00休館日除く。休館日:第2・4月曜日(祝日の場合は開館し翌日休館),7F展望回廊
江東区,東砂スポーツセンター,江東区東砂4-24-1,https://www.koto-hsc.or.jp/sports_center5/,〇,8:30～22:00休館日除く。休館日:第2・4月曜日(祝日の場合は開館し翌日休館),30名,〇,8:30～22:00休館日除く。休館日:第2・4月曜日(祝日の場合は開館し翌日休館),1Fギャラリー
江東区,深川北スポーツセンター,江東区平野3-2-20,https://www.koto-hsc.or.jp/sports_center6/,〇,8:30～22:00休館日除く。休館日:第2・4月曜日(祝日の場合は開館し翌日休館),15名,〇,8:30～22:00休館日除く。休館日:第2・4月曜日(祝日の場合は開館し翌日休館),1Fロビー、談話コーナー
江東区,夢の島競技場,江東区夢の島1-1-2,https://www.di-ksp.jp/facility/yumenoshima_k,〇,9:00～21:00休場日除く。休場日:第2・4月曜日(祝日の場合は開館し翌日休館),3名,〇,9:00～21:00休場日除く。休場日:第2・4月曜日(祝日の場合は開館し翌日休館),医務室
江東区,夢の島野球場,江東区夢の島1-1-1,https://www.di-ksp.jp/facility/yumenoshima_u,〇,(4/24～10/20)8:00～21:00、(10/21～10/23)8:00～16:00休場日除く。休場日:第2・4月曜日(祝日の場合は開館し翌日休館),10名,〇,(4/24～10/20)8:00～21:00、(10/21～10/23)8:00～16:00休場日除く。休場日:第2・4月曜日(祝日の場合は開館し翌日休館),エントランス
江東区,夢の島スケ-トボ-ドパ-ク,江東区夢の島1-1,https://www.di-ksp.jp/facility/yumenoshima_s,〇,9:00～20:00休場日除く。休場日:第2・4月曜日(祝日の場合は開館し翌日休館),2名,〇,9:00～20:00休場日除く。休場日:第2・4月曜日(祝日の場合は開館し翌日休館),クラブハウス
江東区,潮見野球場・庭球場,江東区潮見1-1-1,https://www.di-ksp.jp/facility/shiomi,〇,(4/24～10/20)8:00～21:00、(10/21～10/23)8:00～17:00、休場日除く。休場日:第2・4月曜日(祝日の場合は開館し翌日休館),10名,〇,(4/24～10/20)8:00～21:00、(10/21～10/23)8:00～17:00、休場日除く。休場日:第2・4月曜日(祝日の場合は開館し翌日休館),会議室
江東区,新砂運動場,江東区新砂3-9-1,https://www.di-ksp.jp/facility/shinsuna,〇,9:00～21:00休場日除く。休場日:第2・4月曜(祝日の場合は開館し翌日休館),10名,〇,9:00～21:00休場日除く。休場日:第2・4月曜(祝日の場合は開館し翌日休館),エントランス
江東区,深川庭球場,江東区富岡1-17-9,https://www.di-ksp.jp/facility/fukagawa,〇,(4/24～9/15)8:00～18:00、(9/16～10/23)8:00～17:00、休場日除く。休場日:第2・4月曜日(祝日の場合は開館し翌日休館),2名,〇,(4/24～9/15)8:00～18:00、(9/16～10/23)8:00～17:00休場日除、休場日:第2・4月曜日(祝日の場合は開館し翌日休館),エントランス
江東区,豊住庭球場,江東区東陽6-1-13,https://www.di-ksp.jp/facility/toyozumi,〇,(4/24～9/15)8:00～18:00、(9/16～10/23)8:00～17:00、休場日除く。休場日:第2・4月曜日(祝日の場合は開館し翌日休館),6名,〇,(4/24～9/15)8:00～18:00、(9/16～10/23)8:00～17:00休場日除く。休場日:第2・4月曜日(祝日の場合は開館し翌日休館),エントランス
江東区,東砂庭球場,江東区東砂1-2-13,https://www.di-ksp.jp/facility/higashisuna,〇,(4/24～9/15)8:00～18:00、(9/16～10/23)8:00～17:00、休場日除く。休場日:第2・4月曜日(祝日の場合は開館し翌日休館),1名,〇,(4/24～9/15)8:00～18:00、(9/16～10/23)8:00～17:00、休場日除く。休場日:第2・4月曜日(祝日の場合は開館し翌日休館),エントランス
江東区,荒川・砂町庭球場,江東区東砂3-28-13,https://www.di-ksp.jp/facility/arakawa,〇,(4/24～9/15)8:00～18:00、(9/16～10/23)8:00～17:00、休場日除く。休場日:第2・4月曜日(祝日の場合は開館し翌日休館),4名,〇,(4/24～9/15)8:00～18:00、(9/16～10/23)8:00～17:00、休場日除く。休場日:第2・4月曜日(祝日の場合は開館し翌日休館),エントランス
江東区,豊洲シビックセンター,江東区豊洲2-2-18,https://www.city.koto.lg.jp/060901/shisetsuannai/kokyo/omonashisetsu/shisetsu/93863.html,〇,8:30～17:00、(水曜日)8:30～19:00,10名,〇,8:30～17:00、(水曜日)8:30～19:00,11F区民広場
江東区,環境学習情報館、えこっくる江東,江東区潮見1-29-7,https://www.city.koto.lg.jp/machizukuri/kankyo/ekokkuru/index.html,〇,9:30～17:00、休館日除く。休館日:月曜日(祝日の場合は開館し、以後直近の休日でない日が休館),20名,〇,9:30～17:00、休館日除く。休館日:月曜日(祝日の場合は開館し、以後直近の休日でない日が休館),1F常設展示室、2F企画展示コーナー
江東区,江東図書館,江東区南砂6-7-52,https://www.koto-lib.tokyo.jp/,〇,(月～土)9:00～20:00、(日・祝日)9:00～19:00、休館日:毎月第3金曜日,23名,〇,(月～土)9:00～20:00、(日・祝日)9:00～19:00、休館日:毎月第3金曜日,新聞・雑誌コーナー
江東区,深川図書館,江東区清澄3-3-39,https://www.koto-lib.tokyo.jp/,〇,(月～土)9:00～20:00、(日・祝日)9:00～19:00、休館日:毎月第3金曜日,9名,〇,(月～土)9:00～20:00、(日・祝日)9:00～19:00、休館日:毎月第3金曜日,新聞・雑誌コーナー
江東区,東陽図書館,江東区東陽2-3-6,https://www.koto-lib.tokyo.jp/,〇,(月～土)9:00～21:00、(日・祝日)9:00～19:00、休館日:毎月第3金曜日,35名,〇,(月～土)9:00～21:00、(日・祝日)9:00～19:00、休館日:毎月第3金曜日,新聞・雑誌コーナー
江東区,豊洲図書館,江東区豊洲2-2-18,https://www.koto-lib.tokyo.jp/,〇,(月～土)9:00～21:00、(日・祝日)9:00～19:00、休館日:毎月第3金曜日,4名,〇,(月～土)9:00～21:00、(日・祝日)9:00～19:00、休館日:毎月第3金曜日,新聞・雑誌コーナー
江東区,東雲図書館,江東区東雲2-7-5-201,https://www.koto-lib.tokyo.jp/,〇,(月～土)9:00～20:00、(日・祝日)9:00～19:00、休館日:毎月第3金曜日,11名,〇,(月～土)9:00～20:00、(日・祝日)9:00～19:00、休館日:毎月第3金曜日,新聞・雑誌コーナー
江東区,古石場図書館,江東区古石場2-13-2,https://www.koto-lib.tokyo.jp/,〇,(月～土)9:00～20:00、(日・祝日)9:00～19:00、休館日:毎月第1・第3月曜日(祝日の場合は開館)、毎月第3金曜日,6名,〇,(月～土)9:00～20:00、(日・祝日)9:00～19:00、休館日:毎月第1・第3月曜日(祝日の場合は開館)、毎月第3金曜日,新聞・雑誌コーナー
江東区,城東図書館,江東区大島4-5-1,https://www.koto-lib.tokyo.jp/,〇,(月～土)9:00～21:00、(日・祝日)9:00～19:00、休館日:毎月第3金曜日,19名,〇,(月～土)9:00～21:00、(日・祝日)9:00～19:00、休館日:毎月第3金曜日,新聞・雑誌コーナー
江東区,亀戸図書館,江東区亀戸7-39-9,https://www.koto-lib.tokyo.jp/,〇,(月～土)9:00～20:00、(日・祝日)9:00～19:00、休館日:毎月第3金曜日,8名,〇,(月～土)9:00～20:00、(日・祝日)9:00～19:00、休館日:毎月第3金曜日,新聞・雑誌コーナー
江東区,砂町図書館,江東区北砂5-1-7,https://www.koto-lib.tokyo.jp/,〇,(月～土)9:00～20:00、(日・祝日)9:00～19:00、休館日:毎月第1・第3月曜日(祝日の場合は開館)、毎月第3金曜日,21名,〇,(月～土)9:00～20:00、(日・祝日)9:00～19:00、休館日:毎月第1・第3月曜日(祝日の場合は開館)、毎月第3金曜日,新聞・雑誌コーナー
江東区,東大島図書館,江東区大島9-4-2-101,https://www.koto-lib.tokyo.jp/,〇,(月～土)9:00～20:00、(日・祝日)9:00～19:00、休館日:毎月第3金曜日,9名,〇,(月～土)9:00～20:00、(日・祝日)9:00～19:00、休館日:毎月第3金曜日,新聞・雑誌コーナー
江東区,こどもプラザ図書館,江東区住吉1-9-8,https://www.koto-lib.tokyo.jp/,〇,(月～土)9:00～20:00、(日・祝日)9:00～19:00、休館日:毎月第3金曜日,3名,〇,(月～土)9:00～20:00、(日・祝日)9:00～19:00、休館日:毎月第3金曜日,読書サロン
江東区,有明こども図書館,江東区有明2-3-5,https://www.koto-lib.tokyo.jp/,〇,(月～土)9:00～20:00、(日・祝日)9:00～19:00、休館日:毎月第2・第4月曜日(祝日の場合は翌日)、毎月第3金曜日,9名,〇,(月～土)9:00～20:00、(日・祝日)9:00～19:00、休館日:毎月第2・第4月曜日(祝日の場合は翌日)、毎月第3金曜日,新聞・雑誌コーナー
江東区,豊洲市場（管理施設棟）,江東区豊洲6-6-1,https://www.shijou.metro.tokyo.lg.jp/,〇,利用時間:5:00～17:00、※市場休業日を除く(中央卸売市場HPを確認),48名,〇,利用時間:5:00～17:00、※市場休業日を除く(中央卸売市場HPを確認),管理施設棟　1階団体見学待合室、３階 PRコーナー前
江東区,豊洲市場（水産仲卸売場棟）,江東区豊洲6-5-1 ,https://www.shijou.metro.tokyo.lg.jp/,〇,利用時間:5:00～17:01、※市場休業日を除く(中央卸売市場HPを確認),20名,〇,利用時間:5:00～17:01、※市場休業日を除く(中央卸売市場HPを確認),水産仲卸売場棟　中央エスカレータ前
江東区,豊洲市場（青果棟）,江東区豊洲6-3-1 ,https://www.shijou.metro.tokyo.lg.jp/,〇,利用時間:5:00～17:02、※市場休業日を除く(中央卸売市場HPを確認),18名,〇,利用時間:5:00～17:02、※市場休業日を除く(中央卸売市場HPを確認),青果棟3階　エントランスホール
江東区,東京都水の科学館,江東区有明3-1-8,https://www.mizunokagaku.jp/,〇,休館日:月曜日(ただし、休日に当たる場合はその翌日)、年末年始(12月28日から1月4日まで)、開館時間:9:30～17:00、(入館は16:30まで),800名程度,〇,休館日:月曜日(ただし、休日に当たる場合はその翌日)、年末年始(12月28日から1月4日まで)、開館時間:9:30～17:00、(入館は16:30まで),館内各所
江東区,東京都虹の下水道館,江東区有明2-3-5、有明水再生センター5階,https://www.nijinogesuidoukan.jp/,〇,【開館日】火曜日～日曜日、9:30～16:30(入館は16:00)、【休館日】月曜日、年末年始(12月29日～1月3日)、※月曜日が祝休日の場合は開館し、その翌日が休館、※夏休み期間は無休、※下水道の日(9月1日)と都民の日(10月1日)は開館,100名,〇,【開館日】火曜日～日曜日、9:30～16:30(入館は16:00)、【休館日】月曜日、年末年始(12月29日～1月3日)、※月曜日が祝休日の場合は開館し、その翌日が休館、※夏休み期間は無休、※下水道の日(9月1日)と都民の日(10月1日)は開館,館内各所
江東区,水素情報館、東京スイソミル,江東区潮見1-3-2,https://www.tokyo-suisomiru.jp/,〇,火～日:9:00～17:00、(最終入館、16:30),30名程度,〇,火～日:9:00～17:00、(最終入館、16:30),館内各所
江東区,東京都環境科学研究所,江東区新砂1-7-5,https://www.tokyokankyo.jp/kankyoken/,〇,平日:9:00～16:00,16名程度,〇,平日:9:00～16:00,1階玄関ホール
江東区,東京国際クルーズターミナル,江東区青海2丁目地先,https://www.tptc.co.jp/terminal/guide/cruise,〇,原則9:00～17:00(客船寄港時やイベント利用時等を除く),130名(椅子の利用状況によって変動あり),〇,原則9:00～17:00(客船寄港時やイベント利用時等を除く),館内各所
江東区,東京夢の島マリーナ,江東区夢の島3-2-1,https://www.yumenoshima-marina.com/,〇,【営業時間】休館日:火(7月、8月は無休)、利用時間:9:00～18:00(5、6、9月の土日祝日は20:00、7、8月は平日、9:00～19:00、土日祝日、8:00～20:00),80名程度,〇,【営業時間】休館日:火(7月、8月は無休)、利用時間:9:00～18:00(5、6、9月の土日祝日は20:00、7、8月は平日、9:00～19:00、土日祝日、8:00～20:00),クラブハウス(アトリウム)
江東区,辰巳の森海浜公園,江東区辰巳2-1-35,https://www.tptc.co.jp/park/03_01/other/01_1,〇,利用時間:8:30～17:30,20名,〇,利用時間:8:30～17:30,管理事務所1階(エントランス)
江東区,有明客船ターミナル,江東区有明3-12-13,http://www.tptc.co.jp/terminal/guide/ariake,〇,利用時間:9:00～17:00,20名程度(待合所の利用状況により変動あり),〇,利用時間:9:00～17:00,待合所
江東区,テレコムセンタービル,江東区青海2-5-10,https://www.tokyo-teleport.co.jp/,,,,〇,7:00～20:00,1階、エントランス
江東区,東京都現代美術館,江東区三好4-1-1,https://www.mot-art-museum.jp/,〇,"10:00～18:00
※休館日：月曜日（祝日の場合は翌平日）、展示替期間、年末年始",44名,〇,"10:00～18:00
※休館日:月曜日(祝日の場合は翌平日)、展示替期間、年末年始",エントランスホール等
江東区,海の森水上競技場,江東区海の森3-6-44,https://www.uminomori.tokyo/,〇,"9:00～17:00
※休館日及び専用利用（貸切）時はご利用頂けませんので、事前に施設にお問い合わせください。",140名,〇,"9:00～17:00
※休館日及び専用利用(貸切)時はご利用頂けませんので事前に施設にお問い合わせください",食堂
江東区,有明テニスの森テニス施設,江東区有明2-2-22,https://www.tptc.co.jp/park/02_03,〇,"8:30～21:00
※お車でのご来場はできません
※専用利用（貸切）時はご利用頂けませんので、事前に施設にお問い合わせください。",143名,〇,"8:30～21:00
※お車でのご来場はできません。
※専用利用(貸切)時はご利用頂けませんので事前に施設にお問い合わせください",クラブハウスホール
江東区,東京アクアティクスセンター,江東区辰巳2-2-1,https://www.tef.or.jp/tac/index.html,〇,"9:00～21:00
※休館日及び専用利用（貸切）時はご利用頂けませんので、事前に施設にお問い合わせください。",374名,〇,"9:00～21:00
※休館日及び専用利用(貸切)時はご利用頂けませんので事前に施設にお問い合わせください",1階エントランス及び2階エントランス
江東区,木場公園,江東区平野4-6-1,https://www.tokyo-park.or.jp/park/format/index020.html,〇,木場ミドリアム開館時間：9時～16時30分、無料（月曜休館）（月曜日が国民の祝日や振替休日、都民の日の場合はその翌日が休園日）,40名,〇,"木場ミドリアム開館時間：9時～16時30分、無料（月曜休館）（月曜日が国民の祝日や振替休日、都民の日の場合はその翌日が休園日）
じゃぶじゃぶ池開場期間：未定　※電力ひっ迫時は運用を停止する可能性があります。",木場ミドリアム
江東区,猿江恩賜公園,江東区毛利2-13-7,https://tokyo-eastpark.com/parksearch/sarueonshi,,,,〇,"※水遊びができる屋外のスポットで、屋内施設ではありません。
未定、※電力ひっ迫時は運用を停止する可能性があります。",じゃぶじゃぶ池
江東区,"東京臨海部広報展示室 
TOKYOミナトリエ",江東区青海2-4-24　青海フロンティアビル20階,https://www.tokyo-minatorie.com/,,,,〇,"火曜日～木曜日、日曜日10:00～18:00
金曜日、土曜日、祝前日10:00～21:00
（最終入室は閉室時間の30分前まで、月曜、年末年始は休館）",館内各所
江東区,青海フロンティアビル,江東区青海2-4-24,https://www.tokyo-teleport.co.jp/,,,,〇,7:00～22:00,1階 エントランス
江東区,有明フロンティアビル,江東区有明3-7-26,https://www.tokyo-teleport.co.jp/,,,,〇,7:00～23:00,1階 エントランス
江東区,亀戸中央公園,江東区亀戸9-37-28,https://tokyo-eastpark.com/parksearch/kameido,,,,〇,"※水遊びができる屋外のスポットで、屋内施設ではありません。
未定、※電力ひっ迫時は運用を停止する可能性があります。",じゃぶじゃぶ池
江東区,ダイエー南砂スナモ店,江東区新砂3-4-31,https://www.daiei.co.jp/stores/d0855/,〇,"利用時間：9:00～21:00
※休業日：年末年始",20人,〇,"利用時間：9:00～21:00
※休業日：年末年始",イートインコーナー
江東区,アイン薬局門前仲町店,江東区富岡1-26-20　NMTビル1階,https://store.ainj.co.jp/detail/1101082/,〇,"開放時間：9:00～18:00
定休日：日曜日・祝日・年末年始",10人,〇,"開放時間：9:00～18:00
定休日：日曜日・祝日・年末年始",調剤待合室
江東区,イースト21調剤薬局,江東区東陽6-3-2　イースト21モール203A,https://thpharmacy.co.jp/list/east21/,〇,"開放時間：平日　9:30～18:30、土曜日　9:30～17:00
定休日：日曜日・祝日・年末年始（12/30～1/3）",2人,〇,"開放時間：平日　9:30～18:30、土曜日9:30～17:00
定休日：日曜日・祝日・年末年始（12/30～1/3）",調剤待合室
江東区,木場薬局,江東区木場5-3-8　内藤ビル2階,https://thpharmacy.co.jp/list/kiba/,〇,"開放時間：平日　9:00～18:30、土曜日　9:00～17:30
定休日：日曜日・祝日・年末年始（12/30～1/3）",2人,〇,"開放時間：平日　9:00～18:30、土曜日9:00～17:30
定休日：日曜日・祝日・年末年始（12/30～1/3）",調剤待合室
江東区,くるみ薬局,江東区富岡1-13-11　翼ビル,https://forall.jp/pharm/kurumi,〇,"開放時間：平日　9:00～17:00、土曜日　9:00～13:00
定休日：日曜日・祝日",3人,〇,"開放時間：平日　9:00～17:00、土曜日9:00～13:00
定休日：日曜日・祝日",薬局の待合室
江東区,さかい川薬局,江東区北砂4-4-14,https://www.sakaigawa-p.jp/,〇,"開放時間：平日　9:00～18:00、土曜日　9:00～13:00
定休日：日曜日・祝日・夏季休暇（8/10～8/17）・年末年始",5人,〇,"開放時間：平日　9:00～18:00、土曜日　9:00～13:00
定休日：日曜日・祝日・夏季休暇（8/10～8/17）・年末年始",調剤待合室
江東区,サン薬局,江東区亀戸6-12-1,https://www.monet-ph.com/,〇,"開放時間：平日　9:00～18:00、土曜日　9:00～13:00
定休日：日曜日・祝日",2人,〇,"開放時間：平日　9:00～18:00、土曜日　9:00～13:00
定休日：日曜日・祝日",待合室のみ
江東区,そうごう薬局,江東区北砂2-6-6　松岡ビル1階,https://shop.sogo-pharmacy.jp/detail/750/,〇,"開放時間：平日　9:00～18:30、土曜日　9:00～13:30
定休日：日曜日・祝日",5人,〇,"開放時間：平日　9:00～18:30、土曜日　9:00～13:30
定休日：日曜日・祝日",調剤待合室
江東区,高橋薬局　ファミロード店,江東区高橋14-25,https://www.e-classa.net/famiyaku/index.html,〇,"開放時間：平日　9:00～18:30、土曜日　9:00～15:00
定休日：日曜日・祝日",5人,〇,"開放時間：平日　9:00～18:30、土曜日　9:00～15:00
定休日：日曜日・祝日",薬局内
江東区,高橋薬局　森下店,江東区森下2-31-13　吉田ビル101,,〇,"開放時間：9:00～12:00、15:30～18:30
定休日：木曜日、土曜日午後、日曜日・祝日・夏季休暇・年末年始",5人,〇,"開放時間：9:00～12:00、15:30～18:30
定休日：木曜日、土曜日午後、日曜日・祝日・夏季休暇・年末年始",薬局内
江東区,たんぽぽ薬局大島店,江東区大島5-7-2,https://tanpopo-yakkyoku.jimdofree.com/,〇,"開放時間：月・火・木・金　9:00～18:00、水　9:00～17:00、土　9:00～13:00
定休日：日曜日・祝日・お盆休み・年末年始",3人,〇,"開放時間：月・火・木・金　9:00～18:00、水　9:00～17:00、土　9:00～13:00
定休日：日曜日・祝日・お盆休み・年末年始",調剤待合室
江東区,遠山薬局,江東区富岡1-9-10,,〇,"開放時間：10:00～19:00
定休日：日曜日・祝日・年末年始",3人,〇,"開放時間：10:00～19:00
定休日：日曜日・祝日・年末年始",処方せん待合スペース
江東区,とまと薬局,江東区大島6-9-11,https://forall.jp/pharm/tomato,〇,"開放時間：平日　9:00～18:30、土曜日　9:00～13:00
定休日：日曜日・祝日",10人,〇,"開放時間：平日　9:00～18:30、土曜日　9:00～13:00
定休日：日曜日・祝日",調剤待合室
江東区,外山薬局,江東区北砂2-1-20,https://toyamaph.com/,〇,"開放時間：平日　9:00～18:00、土曜日　9:00～17:00
定休日：日曜日・祝日・年末年始（12/30～1/3）",6人,〇,"開放時間：平日　9:00～18:00、土曜日　9:00～17:00
定休日：日曜日・祝日・年末年始（12/30～1/3）",薬局店舗（調剤室を除く）
江東区,外山薬局南砂,江東区南砂1-10-2,https://toyamaph.com/%E5%8D%97%E7%A0%82%E6%94%AF%E5%BA%97/,〇,"開放時間：平日　9:00～13:00 15:00～18:00、土曜日　9:00～13:00
定休日：日曜日・祝日・年末年始",2人,〇,"開放時間：平日　9:00～13:00 15:00～18:00、土曜日　9:00～13:00
定休日：日曜日・祝日・年末年始",薬局待合室
江東区,なの花薬局亀戸店,江東区亀戸4-18-4　亀戸メディカルビル2階,https://www.nanohana-ph.jp/shop/kanto-koshinetsu/tokyo/koto/kameido.php,〇,"開放時間：平日　9:00～19:00、土曜日　9:00～14:00
定休日：日曜日・祝日・年末年始",6人,〇,"開放時間：平日　9:00～19:00、土曜日　9:00～14:00
定休日：日曜日・祝日・年末年始",エレベーターホールと通路（椅子あり）
江東区,長谷川薬局,江東区森下2-2-3　カサグランデ市川1階,https://thpharmacy.co.jp/list/hasegawa/,〇,"開放時間：平日　9:00～19:00、土曜日　9:00～17:00
定休日：日曜日・祝日・年末年始",3人,〇,"開放時間：平日　9:00～19:00、土曜日　9:00～17:00
定休日：日曜日・祝日・年末年始",調剤待合室
江東区,ひかり薬局,江東区大島7-1-1,https://forall.jp/pharm/hikari,〇,"開放時間：10:00～17:00
定休日：日曜日・祝日・年末年始・第三土曜日13時以降",3人,〇,"開放時間：10:00～17:00
定休日：日曜日・祝日・年末年始・第三土曜日13時以降",薬局内
江東区,ファミリー薬局東陽町店,江東区南砂2-6-3　サンライズ東陽ビル地下1階,https://www.ken-ei.co.jp/shop/%E3%83%95%E3%82%A1%E3%83%9F%E3%83%AA%E3%83%BC%E8%96%AC%E5%B1%80%E6%9D%B1%E9%99%BD%E7%94%BA%E5%BA%97/,〇,"開放時間：10:00～16:00
定休日：日曜日・祝日・年末年始",2人,〇,"開放時間：10:00～16:00
定休日：日曜日・祝日・年末年始",調剤待合室
江東区,松田薬局,江東区大島8-5-2,,〇,"開放時間：9:00～16:00
定休日：日曜日・祝日・年末年始・夏季休暇等",3人,〇,"開放時間：9:00～16:00
定休日：日曜日・祝日・年末年始・夏季休暇等",入口付近熱中症対策エリア
江東区,マルハチ薬局,江東区南砂6-4-6-102,https://maruhachimedical.com/?page_id=57,〇,"開放時間：月・火・水・金　11:00～17:00、土　11:00～13:00
定休日：木曜日・日曜日・祝日・お盆休み・年末年始",2人,〇,"開放時間：月・火・水・金　11:00～17:00、土　11:00～13:00
定休日：木曜日・日曜日・祝日・お盆休み・年末年始",待合室
江東区,三木青雲堂薬局,江東区東陽3-15-2,,〇,"開放時間：9:00～17:00
定休日：日曜日・祝日",10人,〇,"開放時間：9:00～17:00
定休日：日曜日・祝日",薬局内
江東区,イオン東雲店,江東区東雲1-9-10,https://www.aeon.com/store/%E3%82%A4%E3%82%AA%E3%83%B3/%E3%82%A4%E3%82%AA%E3%83%B3%E6%9D%B1%E9%9B%B2%E5%BA%97/,〇,開放時間：月～日　24時間,20人,〇,開放時間：月～日　24時間,1階サービスカウンター前休憩スペース
江東区,イオンスタイル南砂,江東区南砂6-7-15,https://www.aeon.com/store/%E3%82%A4%E3%82%AA%E3%83%B3/%E3%82%A4%E3%82%AA%E3%83%B3%E3%82%B9%E3%82%BF%E3%82%A4%E3%83%AB%E5%8D%97%E7%A0%82/,〇,開放時間：月～日　10:00～20:00,20人,〇,開放時間：月～日　10:00～20:00,2階専門店前休憩スペース
江東区,イトーヨーカドーアリオ北砂,江東区北砂2-17-1,https://kitasuna.ario.jp/,〇,開放時間：月～日（一部定休日あり）10:00～22:00（2階と3階は21時まで）,50人,〇,開放時間：月～日（一部定休日あり）10:00～22:00（2階と3階は21時まで）,各階休憩所
江東区,イトーヨーカドー木場店,江東区木場1-5-30,https://stores.itoyokado.co.jp/209,〇,開放時間：月～日（一部定休日あり）10:00～22:00（2階と3階は21時まで）,100人,〇,開放時間：月～日（一部定休日あり）10:00～22:00（2階と3階は21時まで）,各階休憩所
江東区,東京東信用金庫　亀戸支店,江東区亀戸5-14-2,https://pkg.navitime.co.jp/higashin/spot/detail?code=0013200050&vw=eNrLTM7ILErMAwALagLf,〇,開放時間：平日9：00～11：30、12：30～15：00,5名,〇,開放時間：平日9：00～11：30、12：30～15：00,ロビー
江東区,東京東信用金庫　深川支店,江東区木場2-19-15,https://pkg.navitime.co.jp/higashin/spot/detail?code=0013201040&vw=eNrLTM7ILErMAwALagLf,〇,開放時間：平日9：00～11：30、12：30～15：00,5名,〇,開放時間：平日9：00～11：30、12：30～15：00,ロビー
江東区,東京東信用金庫　住吉支店,江東区住吉1-15-14,https://pkg.navitime.co.jp/higashin/spot/detail?code=0013201250&vw=eNrLTM7ILErMAwALagLf,〇,開放時間：平日9：00～11：30、12：30～15：00,5名,〇,開放時間：平日9：00～11：30、12：30～15：00,ロビー
江東区,東京東信用金庫　江東中央支店,江東区北砂4-7-41,https://pkg.navitime.co.jp/higashin/spot/detail?code=0013201410&vw=eNrLTM7ILErMAwALagLf,〇,開放時間：平日9：00～11：30、12：30～15：00,5名,〇,開放時間：平日9：00～11：30、12：30～15：00,ロビー
江東区,東京東信用金庫　深川北支店,江東区三好3-11-11,https://pkg.navitime.co.jp/higashin/spot/detail?code=0013201430&vw=eNrLTM7ILErMAwALagLf,〇,開放時間：平日9：00～11：30、12：30～15：00,5名,〇,開放時間：平日9：00～11：30、12：30～15：00,ロビー
江東区,東京東信用金庫　東砂支店,江東区東砂4-17-13,https://pkg.navitime.co.jp/higashin/spot/detail?code=0013201500&vw=eNrLTM7ILErMAwALagLf,〇,開放時間：平日9：00～11：30、12：30～15：00,5名,〇,開放時間：平日9：00～11：30、12：30～15：00,ロビー
江東区,東京東信用金庫　森下駅前支店,江東区森下2-1-3,https://pkg.navitime.co.jp/higashin/spot/detail?code=0013201620&vw=eNrLTM7ILErMAwALagLf,〇,開放時間：平日9：00～11：30、12：30～15：00,5名,〇,開放時間：平日9：00～11：30、12：30～15：00,ロビー
江東区,東京シティ信用金庫　深川支店,江東区扇橋3-14-6,https://www.shinkin.co.jp/to-city/tenpo/tenpo.html#tag06,〇,開放時間：平日9：00～15：00,5名,〇,開放時間：平日9：00～15：00,ロビー
江東区,東京シティ信用金庫　砂町支店,江東区東砂8-5-3,https://www.shinkin.co.jp/to-city/tenpo/tenpo.html#tag06,〇,開放時間：平日9：00～15：00,5名,〇,開放時間：平日9：00～15：00,ロビー
江東区,城北信用金庫　深川支店,江東区門前仲町1-13-9,https://www.johokubank.jp/branch/index.html,〇,開放時間：平日9：00～15：00,5名,〇,開放時間：平日9：00～15：00,ロビー
江東区,城北信用金庫　豊洲支店,江東区豊洲6-3-5,https://www.johokubank.jp/branch/index.html,〇,"開放時間：平日9：00～15：00
＊豊洲市場全体が休業日には休業",5名,〇,"開放時間：平日9：00～15：00
＊豊洲市場全体が休業日には休業",ロビー
江東区,クオール薬局亀戸店,江東区亀戸6-28-2　ドゥーエ亀戸1階,https://store.qol-net.co.jp/detail/1159/,〇,"開放時間：平日9：00～18：00、土曜日9：00～14：00
定休日：日曜日・祝日・年末年始",2名,〇,"開放時間：平日9：00～18：00、土曜日9：00～14：00
定休日：日曜日・祝日・年末年始",調剤待合室
江東区,ひとは薬局,江東区東雲1-9-22-102,https://www.xn--o9joh2795b3j4b.com/,〇,"開放時間：平日9：00～19：00、土曜日9：00～18：00
定休日：日曜日・祝日",2名,〇,"開放時間：平日9：00～19：00、土曜日9：00～18：00
定休日：日曜日・祝日",調剤待合室
江東区,薬局日本メディカルシステム木場店,江東区木場1-4-3,https://www.jmsys.co.jp/pharmacy/shop-detail_320/,〇,"開放時間：平日9：00～18：00、土曜日9：00～13：00
定休日：日曜日・祝日・お盆（8/14）",5名,〇,"開放時間：平日9：00～18：00、土曜日9：00～13：00
定休日：日曜日・祝日・お盆（8/14）",調剤待合室
江東区,多世代交流ひろば「パルひろば辰巳」,江東区辰巳1-1-34　パルシステム東京辰巳ビル2階,https://npo-en.com/palplus/,〇,開放時間：火・木・金12：00～14：00、月・水10：00～16：00,24名,〇,開放時間：火・木・金12：00～14：00、月・水10：00～16：00,多世代交流ひろば「パルひろば辰巳」
江東区,アーバンドック　ららぽーと豊洲,江東区豊洲2-4-9,https://mitsui-shopping-park.com/lalaport/toyosu/,〇,開放時間：月曜日～日曜日10：00～21：00,100名,〇,開放時間：月曜日～日曜日10：00～21：00,ららぽーと1・2共用部　ファニチャー
江東区,ダイバーシティ東京プラザ,江東区青海1-1-10,https://mitsui-shopping-park.com/divercity-tokyo/,〇,"開放時間：平日10：00～20：00、土日祝日10：00～21：00
※ダイバーシティ東京プラザの営業時間に準ずる",100名,〇,"開放時間：平日10：00～20：00、土日祝日10：00～21：00
※ダイバーシティ東京プラザの営業時間に準ずる","共用部ファニチャー
※従業員スペース、フードコート座席を除く"
江東区,ナチュラルローソンクオール薬局豊洲三丁目店,江東区豊洲3-5-21,https://store.qol-net.co.jp/detail/258/,〇,"開放時間：月曜日～土曜日9:00～21:00、日曜日9:00～18:00
定休日：祝日・年末年始",5名,〇,"開放時間：月曜日～土曜日9:00～21:00、日曜日9:00～18:00
定休日：祝日・年末年始",調剤待合室
江東区,ダイハツ東京販売亀戸店,江東区亀戸4-12-7,https://daihatsu-tokyo.co.jp/Shop/kameido,〇,"開放時間：9：30～18：00
定休日：火曜日・第１、３水曜日",2名,〇,"開放時間：9：30～18：00
定休日：火曜日・第１、３水曜日",店内
江東区,くらしケアクリニック城東,江東区亀戸6-28-2　ドゥーエ亀戸1階,https://kurashi-care-joto.com/,〇,"開放時間：平日9:00～13:00・15:00～17:30
定休日：土日祝日、臨時休業日もあり",5名,〇,"開放時間：平日9:00～13:00・15:00～17:30
定休日：土日祝日、臨時休業日もあり",待合室
江東区,studio4,江東区大島4-1-1　大島四丁目団地1号棟106,https://nook.or.jp/hp/,〇,開放時間：木曜日・金曜日（そのほか不定期開室）、13:00～17:00,15名,〇,開放時間：木曜日・金曜日（そのほか不定期開室）、13:00～17:00,ライブラリー
品川区,品川第一地域センター,品川区北品川3-11-16,https://www.city.shinagawa.tokyo.jp/PC/shisetsu/shisetsu-kuyakusyo/shisetsu-kuyakusyo-chiiki/shisetsu-kuyakusyo-chiiki-shina1/index.html,〇,平日8:30～17:00,2名,〇,平日8:30～17:00,1F窓口待合所
品川区,品川第二地域センター,品川区南品川5-3-20,https://www.city.shinagawa.tokyo.jp/PC/shisetsu/shisetsu-kuyakusyo/shisetsu-kuyakusyo-chiiki/shisetsu-kuyakusyo-chiiki-shina2/index.html,〇,平日8:30～17:00,5名,〇,平日8:30～17:00,1Fロビー
品川区,大崎第一地域センター,品川区西五反田3-6-3,https://www.city.shinagawa.tokyo.jp/PC/shisetsu/shisetsu-kuyakusyo/shisetsu-kuyakusyo-chiiki/shisetsu-kuyakusyo-chiiki-oosaki1/index.html,〇,平日8:30～17:00,2名,〇,平日8:30～17:00,1F窓口待合所
品川区,大崎第二地域センター,品川区大崎2-9-4,https://www.city.shinagawa.tokyo.jp/PC/shisetsu/shisetsu-kuyakusyo/shisetsu-kuyakusyo-chiiki/shisetsu-kuyakusyo-chiiki-oosaki2/index.html,〇,平日8:30～17:00,3名,〇,平日8:30～17:00,1F窓口待合所
品川区,大井第一地域センター,品川区南大井1-12-6,https://www.city.shinagawa.tokyo.jp/PC/shisetsu/shisetsu-kuyakusyo/shisetsu-kuyakusyo-chiiki/shisetsu-kuyakusyo-chiiki-ooi1/index.html,〇,平日8:30～17:00,2名,〇,平日8:30～17:00,1F窓口待合所
品川区,大井第二地域センター,品川区大井2-27-20,https://www.city.shinagawa.tokyo.jp/PC/shisetsu/shisetsu-kuyakusyo/shisetsu-kuyakusyo-chiiki/shisetsu-kuyakusyo-chiiki-ooi2/index.html,〇,平日8:30～17:00,5名,〇,平日8:30～17:00,2Fロビー
品川区,大井第三地域センター,品川区西大井2-10-3,https://www.city.shinagawa.tokyo.jp/PC/shisetsu/shisetsu-kuyakusyo/shisetsu-kuyakusyo-chiiki/shisetsu-kuyakusyo-chiiki-ooi3/index.html,〇,平日8:30～17:00,2名,〇,平日8:30～17:00,1F窓口待合所
品川区,荏原第一地域センター,品川区小山3-14-1,https://www.city.shinagawa.tokyo.jp/PC/shisetsu/shisetsu-kuyakusyo/shisetsu-kuyakusyo-chiiki/shisetsu-kuyakusyo-chiiki-eba1/index.html,〇,"月曜日から金曜日・日曜日(第一・第三のみ)　8:30-17:00
※火曜日は8:30-19:00
祝日を除く",2名,〇,"月曜日から金曜日・日曜日(第一・第三のみ)　8:30-17:00
※火曜日は8:30-19:00
祝日を除く",2Fロビー
品川区,荏原第二地域センター,品川区荏原6-17-12,https://www.city.shinagawa.tokyo.jp/PC/shisetsu/shisetsu-kuyakusyo/shisetsu-kuyakusyo-chiiki/shisetsu-kuyakusyo-chiiki-eba2/index.html,〇,平日8:30～17:00,3名,〇,平日8:30～17:00,1Fロビー
品川区,荏原第三地域センター,品川区平塚1-13-8,https://www.city.shinagawa.tokyo.jp/PC/shisetsu/shisetsu-kuyakusyo/shisetsu-kuyakusyo-chiiki/shisetsu-kuyakusyo-chiiki-eba3/index.html,〇,平日8:30～17:00,2名,〇,平日8:30～17:00,1F窓口待合所
品川区,荏原第四地域センター,品川区中延5-3-12,https://www.city.shinagawa.tokyo.jp/PC/shisetsu/shisetsu-kuyakusyo/shisetsu-kuyakusyo-chiiki/shisetsu-kuyakusyo-chiiki-eba4/index.html,〇,平日8:30～17:00,2名,〇,平日8:30～17:00,1F窓口待合所
品川区,荏原第五地域センター,品川区二葉1-1-2,https://www.city.shinagawa.tokyo.jp/PC/shisetsu/shisetsu-kuyakusyo/shisetsu-kuyakusyo-chiiki/shisetsu-kuyakusyo-chiiki-eba5/index.html,〇,平日8:30～17:00,2名,〇,平日8:30～17:00,1F窓口待合所
品川区,八潮地域センター,品川区八潮5-10-27,https://www.city.shinagawa.tokyo.jp/PC/shisetsu/shisetsu-kuyakusyo/shisetsu-kuyakusyo-chiiki/shisetsu-kuyakusyo-chiiki-yashio/index.html,〇,平日8:30～17:00,5名,〇,平日8:30～17:00,1Fロビー
品川区,五反田文化センター,品川区西五反田6-5-1,,〇,月曜日から土曜日8:30～21:30、日曜・祝日8:30～17:00、休館日を除く,7名,〇,月曜日から土曜日8:30～21:30、日曜・祝日8:30～17:00、休館日を除く,1Fエントランス
品川区,荏原文化センター,品川区中延1-9-15,,〇,月曜日から土曜日、8:30～21:30、日曜・祝日8:30～17:00、休館日を除く,10名,〇,月曜日から土曜日8:30～21:30、日曜・祝日8:30～17:00、休館日を除く,1Fロビー
品川区,旗の台文化センター,品川区旗の台5-19-5,,〇,月曜日から土曜日、8:30～21:30、日曜・祝日8:30～17:00、休館日を除く,5名,〇,月曜日から土曜日8:30～21:30、日曜・祝日8:30～17:00、休館日を除く,2Fロビー
品川区,東品川児童センター,品川区東品川1-34-9,https://shinagawa-pocket.city-hc.jp/nursery/detail/S017,〇,月曜日から土曜日9:00～18:00,3名,〇,月曜日から土曜日9:00～18:00,相談室
品川区,北品川児童センター,品川区北品川2-7-21,https://shinagawa-pocket.city-hc.jp/nursery/detail/S007,〇,月曜日から土曜日9:00～18:00,2名,〇,月曜日から土曜日9:00～18:00,3階事務室前
品川区,東大井児童センター,品川区東大井1-22-16,https://shinagawa-pocket.city-hc.jp/nursery/detail/S015,〇,月曜日から土曜日9:00～18:00,3名,〇,月曜日から土曜日9:00～18:00,"ワイワイ
ひろば"
品川区,南品川児童センター,品川区南品川4-5-28,https://shinagawa-pocket.city-hc.jp/nursery/detail/S023,〇,"月曜日から土曜日9:00～18:00
※令和8年8月末まで",3名,〇,"月曜日から土曜日9:00～18:00
※令和8年8月末まで",2階工作室
品川区,中原児童センター,品川区小山1-4-1,https://shinagawa-pocket.city-hc.jp/nursery/detail/S012,〇,月曜日から土曜日9:00～18:00,3名,〇,月曜日から土曜日9:00～18:00,集会室
品川区,東五反田児童センター,"品川区東五反田5-24-1
※R8.8～西五反田6-6-18",https://shinagawa-pocket.city-hc.jp/nursery/detail/S016,〇,月曜日から土曜日9:00～18:00,3名,〇,月曜日から土曜日9:00～18:00,4階キッズルーム
品川区,三ツ木児童センター,品川区西品川2-6-13,https://shinagawa-pocket.city-hc.jp/nursery/detail/S021,〇,月曜日から土曜日9:00～18:00,4名,〇,月曜日から土曜日9:00～18:00,1F集会室
品川区,小関児童センター,品川区北品川5-8-15,https://shinagawa-pocket.city-hc.jp/nursery/detail/S008,〇,月曜日から土曜日9:00～18:00,4名,〇,月曜日から土曜日9:00～18:00,1Fロビー
品川区,水神児童センター,品川区南大井5-13-19,https://shinagawa-pocket.city-hc.jp/nursery/detail/S009,〇,月曜日から土曜日9:00～18:00,5名,〇,月曜日から土曜日9:00～18:00,工作室
品川区,南大井児童センター,品川区南大井3-7-13,https://shinagawa-pocket.city-hc.jp/nursery/detail/S022,〇,月曜日から土曜日、9:00～18:00,5名,〇,月曜日から土曜日、9:00～18:00,5Fロビー・多目的室
品川区,滝王子児童センター,品川区大井5-19-14,https://shinagawa-pocket.city-hc.jp/nursery/detail/S010,〇,月曜日から土曜日、9:00～18:00,15名,〇,月曜日から土曜日、9:00～18:00,2F、ほっとサロン
品川区,伊藤児童センター,品川区西大井6-13-1,https://shinagawa-pocket.city-hc.jp/nursery/detail/S002,〇,月曜日から土曜日、9:00～18:00,5名,〇,月曜日から土曜日、9:00～18:00,3Fレクルーム
品川区,大井倉田児童センター,品川区大井4-11-34,https://shinagawa-pocket.city-hc.jp/nursery/detail/S005,〇,月曜日から土曜日、9:00～18:00,10名,〇,月曜日から土曜日、9:00～18:00,2F、ニコニコルーム
品川区,一本橋児童センター,品川区大井2-25-1,https://shinagawa-pocket.city-hc.jp/nursery/detail/S001,〇,月曜日から土曜日、9:00～18:00,5名,〇,月曜日から土曜日、9:00～18:00,3F、図書室または集会室
品川区,平塚児童センター,品川区平塚2-2-3,https://shinagawa-pocket.city-hc.jp/nursery/detail/S019,〇,月曜日から土曜日、9:00～18:00,5名,〇,月曜日から土曜日、9:00～18:00,フリールーム
品川区,後地児童センター,品川区小山2-9-19,https://shinagawa-pocket.city-hc.jp/nursery/detail/S004,〇,月曜日から土曜日、9:00～18:00,5名,〇,月曜日から土曜日、9:00～18:00,2階エンジョイルーム
品川区,東中延児童センター,品川区東中延2-5-10,https://shinagawa-pocket.city-hc.jp/nursery/detail/S018,〇,月曜日から土曜日、9:00～18:00,3名,〇,月曜日から土曜日、9:00～18:00,3階ゲ-ム室
品川区,中延児童センター,品川区西中延1-6-16,https://shinagawa-pocket.city-hc.jp/nursery/detail/S011,〇,月曜日から土曜日、9:00～18:00,5名,〇,月曜日から土曜日、9:00～18:00,4階クラブ室
品川区,旗の台児童センター,品川区旗の台5丁目19番5号,https://shinagawa-pocket.city-hc.jp/nursery/detail/S014,〇,月曜日から土曜日、9:00～18:00,5名,〇,月曜日から土曜日、9:00～18:00,2Fフリールーム
品川区,西中延児童センター,品川区西中延3-8-5,https://shinagawa-pocket.city-hc.jp/nursery/detail/S013,〇,月曜日から土曜日、9:00～18:00,10名,〇,月曜日から土曜日、9:00～18:00,3Fキッズルーム、4F図書室
品川区,冨士見台児童センター,品川区西大井6-1-8、3F,https://shinagawa-pocket.city-hc.jp/nursery/detail/S020,〇,月曜日から土曜日、10:00～18:00,3名,〇,月曜日から土曜日、10:00～18:00,3階集会室
品川区,大原児童センター,品川区戸越6-16-1、2F,https://shinagawa-pocket.city-hc.jp/nursery/detail/S006,〇,月曜日から土曜日、10:00～18:00,3名,〇,月曜日から土曜日、10:00～18:00,2階ふれあいの間
品川区,ゆたか児童センター,品川区豊町1-18-15,"https://shinagawa-pocket.city-hc.jp/nursery/detail/S026
",〇,月曜日から土曜日、9:00～18:00,3名,〇,月曜日から土曜日、9:00～18:00,2Fさんさんルーム
品川区,南ゆたか児童センター,品川区豊町4-17-21,"https://shinagawa-pocket.city-hc.jp/nursery/detail/S024
",〇,月曜日から土曜日、9:00～18:00,3名,〇,月曜日から土曜日、9:00～18:00,3F集会室
品川区,八潮児童センター,品川区八潮5‐10‐27,https://shinagawa-pocket.city-hc.jp/nursery/detail/S025,〇,月曜日から土曜日、9:00～18:00,3名,〇,月曜日から土曜日、9:00～18:00,1階ラウンジ
品川区,五反田シルバーセンター,東五反田2-15-6,,〇,月曜日から土曜日、9:00～17:00,2名,〇,月曜日から土曜日、9:00～17:00,玄関
品川区,西五反田シルバーセンター,西五反田3-9-10,,〇,月曜日から土曜日、9:00～17:00,2名,〇,月曜日から土曜日、9:00～17:00,玄関
品川区,上大崎シルバーセンター,上大崎1-3-12,,〇,月曜日から土曜日、9:00～17:00,2名,〇,月曜日から土曜日、9:00～17:00,玄関
品川区,南大井シルバーセンター,南大井3-7-13,,〇,月曜日から土曜日、9:00～17:00,2名,〇,月曜日から土曜日、9:00～17:00,玄関
品川区,ゆたかシルバーセンター,豊町3-2-15,,〇,月曜日から土曜日、9:00～17:00,2名,〇,月曜日から土曜日、9:00～17:00,玄関
品川区,旗の台シルバーセンター,旗の台4-13-1,,〇,月曜日から土曜日、9:00～17:00,2名,〇,月曜日から土曜日、9:00～17:00,玄関
品川区,小山シルバーセンター,小山5-17-18,,〇,月曜日から土曜日、9:00～17:00,2名,〇,月曜日から土曜日、9:00～17:00,玄関
品川区,関ケ原シルバーセンター,東大井6-11-11,,〇,月曜日から土曜日、9:00～17:00,2名,〇,月曜日から土曜日、9:00～17:00,玄関
品川区,後地シルバーセンター,小山2-9-19,,〇,月曜日から土曜日、9:00～17:00,2名,〇,月曜日から土曜日、9:00～17:00,玄関
品川区,南品川シルバーセンター,南品川5-10-3,,〇,月曜日から土曜日、9:00～17:00,2名,〇,月曜日から土曜日、9:00～17:00,玄関
品川区,大崎高齢者多世代交流支援施設,大崎2-7-13,https://tsenior.net/osakiyuyu/,〇,月曜日から土曜日、9:00～17:00,20名,〇,月曜日から土曜日、9:00～17:00,1Fロビー
品川区,平塚橋高齢者多世代交流支援施設,西中延1-2-8,https://santokukai.com/yuyuplaza/,〇,月曜日から土曜日、9:00～17:00,25名,〇,月曜日から土曜日、9:00～17:00,1Fロビー
品川区,平塚高齢者多世代交流支援施設,平塚2-10-20,https://www.fukueikai.or.jp/facility/children/02.html,〇,月曜日から土曜日、9:00～17:00,2名,〇,月曜日から土曜日、9:00～17:00,玄関
品川区,東品川高齢者多世代交流支援施設,東品川3-32-10,https://www.fukueikai.or.jp/facility/children/03.html,〇,月曜日から土曜日、9:00～17:00,30名,〇,月曜日から土曜日、9:00～17:00,1Fロビー
品川区,北品川高齢者多世代交流支援施設,北品川1-29-12,,〇,月曜日から土曜日、9:00～17:00,8名,〇,月曜日から土曜日、9:00～17:00,1Fロビー
品川区,西大井いきいきセンター,西大井2-5-21,http://www.city.shinagawa.tokyo.jp/PC/kenkou/kenkou-koureisya/kenkou-koureisya-silvercenter/index.html,〇,月曜日から土曜日、9:00～17:00,2名,〇,月曜日から土曜日、9:00～17:00,玄関
品川区,大井三丁目高齢者憩いの場,品川区大井3-17-16,,〇,月曜日から土曜日、9:00～17:00,1名,〇,月曜日から土曜日の9:00～17:00,1階玄関
品川区,品川保健センター,品川区北品川3-11-22,,〇,平日8:00～17:00,3名,〇,平日8:00～17:00,1階受付待合スペース
品川区,大井保健センター,品川区大井2-27-20、1F,,〇,平日8:30～17:00,2名,〇,平日8:30～17:00,1Fロビー
品川区,荏原保健センター,品川区荏原2-9-6,,〇,平日8:30～17:00,3名,〇,平日8:30～17:00,1F受付待合スペース
品川区,品川図書館,品川区北品川2-32-3,https://library.city.shinagawa.tokyo.jp/,〇,"平日・土曜9:00～20:00
日曜・祝日9:00～19:00
※第4月曜日除く",3名,〇,"平日・土曜9:00～20:00
日曜・祝日9:00～19:00
※第4月曜日除く",閲覧席
品川区,荏原図書館,品川区中延1-9-15,https://library.city.shinagawa.tokyo.jp/,〇,"平日・土曜9:00～20:00
日曜・祝日9:00～19:00
※第4月曜日除く",3名,〇,"平日・土曜9:00～20:00
日曜・祝日9:00～19:00
※第4月曜日除く",閲覧席
品川区,二葉図書館,品川区二葉1-4-25,https://library.city.shinagawa.tokyo.jp/,〇,"平日・土曜9:00～20:00
日曜・祝日9:00～19:00
※第2木曜日除く",3名,〇,"平日・土曜9:00～20:00
日曜・祝日9:00～19:00
※第2木曜日除く",閲覧席
品川区,南大井図書館,品川区南大井3-7-13,https://library.city.shinagawa.tokyo.jp/,〇,"平日・土曜9:00～20:00
日曜・祝日9:00～19:00
※第2木曜日除く",3名,〇,"平日・土曜9:00～20:00
日曜・祝日9:00～19:00
※第2木曜日除く",閲覧席
品川区,源氏前図書館,品川区中延4-14-17,https://library.city.shinagawa.tokyo.jp/,〇,"平日・土曜9:00～20:00
日曜・祝日9:00～19:00
※第2木曜日除く",3名,〇,"平日・土曜9:00～20:00
日曜・祝日9:00～19:00
※第2木曜日除く",閲覧席
品川区,ゆたか図書館,品川区豊町1-17-7,https://library.city.shinagawa.tokyo.jp/,〇,"平日・土曜9:00～20:00
日曜・祝日9:00～19:00
※第2木曜日除く",3名,〇,"平日・土曜9:00～20:00
日曜・祝日9:00～19:00
※第2木曜日除く",閲覧席
品川区,大井図書館,品川区大井5-19-14,https://library.city.shinagawa.tokyo.jp/,〇,"平日・土曜9:00～20:00
日曜・祝日9:00～19:00
※第2木曜日除く",3名,〇,"平日・土曜9:00～20:00
日曜・祝日9:00～19:00
※第2木曜日除く",閲覧席
品川区,五反田図書館,品川区西五反田6-5-1,https://library.city.shinagawa.tokyo.jp/,〇,"平日・土曜9:00～20:00
日曜・祝日9:00～19:00
※第4月曜日除く",3名,〇,"平日・土曜9:00～20:00
日曜・祝日9:00～19:00
※第4月曜日除く",閲覧席
品川区,大崎図書館,品川区北品川5-2-1,https://library.city.shinagawa.tokyo.jp/,〇,"平日・土曜9:00～20:00
日曜・祝日9:00～19:00
※第2木曜日除く",3名,〇,"平日・土曜9:00～20:00
日曜・祝日9:00～19:00
※第2木曜日除く",閲覧席
品川区,大崎図書館分館,品川区大崎3-12-22,https://library.city.shinagawa.tokyo.jp/,〇,"平日・土曜9:00～20:00
日曜・祝日9:00～19:00
※第2木曜日除く",3名,〇,"平日・土曜9:00～20:00
日曜・祝日9:00～19:00
※第2木曜日除く",閲覧席
品川区,八潮図書館,品川区八潮5-10-27,https://library.city.shinagawa.tokyo.jp/,〇,"平日・土曜9:00～20:00
日曜・祝日9:00～19:00
※第2木曜日除く",3名,〇,"平日・土曜9:00～20:00
日曜・祝日9:00～19:00
※第2木曜日除く",閲覧席
品川区,エコルとごし,品川区豊町2-1-30,https://ecoru-togoshi.jp/,〇,"7:00～21:30
第4月曜日・12月29日～1月3日を除く",35名,〇,"7:00～21:30
第4月曜日・12月29日～1月3日を除く",コミュニティラウンジ
品川区,総合体育館,品川区東五反田2-11-2 ,https://ssa.or.jp/,〇,9:00～21:00,16名,〇,9:00～21:00,１Fロビー
品川区,総合庁舎,品川区広町2-1-36,http://www.city.shinagawa.tokyo.jp/,〇,"平日8:30～17:00
（火曜日は19:00まで）",30名,〇,"平日8:30～17:00
（火曜日は19:00まで）",本庁舎３階待合室
品川区,きゅりあん,品川区東大井5-18-1,https://www.shinagawa-culture.or.jp/curian/,〇,"平日9:00～17:00
保守点検日（第３水曜日）を除く",5名,〇,"平日9:00～17:00
保守点検日（第３水曜日）を除く",3階　文化振興事業団事務室前
品川区,スクエア荏原,品川区荏原4-5-28,https://www.shinagawa-culture.or.jp/square/,〇,"全日9:00～17:00
保守点検日（第３水曜日）を除く",5名,〇,"全日9:00～17:00
保守点検日（第３水曜日）を除く",１階通路
品川区,東大井区民集会所,品川区東大井2-16-12,http://www.city.shinagawa.tokyo.jp/PC/shisetsu/shisetsu-kuyakusyo/hpg000002986.html,〇,"平日・土曜 9:00～19:30
日曜・祝日 9:00～16:30
保守点検日（第１日曜日・不定期）・年末年始を除く",8名,〇,"平日・土曜 9:00～19:30
日曜・祝日 9:00～16:30
保守点検日（第１日曜日・不定期）・年末年始を除く",１Ｆロビー
品川区,荏原区民センター,品川区荏原5-6-5,http://www.city.shinagawa.tokyo.jp/PC/shisetsu/shisetsu-kuyakusyo/hpg000002986.html,〇,"平日・土曜 9:00～21:30
日曜・祝日 9:00～16:30
保守点検日（第３月曜日・不定期）・年末年始を除く",2名,〇,"平日・土曜 9:00～21:30
日曜・祝日 9:00～16:30
保守点検日（第３月曜日・不定期）・年末年始を除く",１Ｆロビー
品川区,ウェルカムセンター原・交流施設,品川区西大井2-5-21,https://welcomec.gicz.tokyo/,〇,"9:00～21:00
※夜間の施設利用がない場合は19:00まで
第３水曜日・年末年始を除く",2名,〇,"9:00～21:00
※夜間の施設利用がない場合は19:00まで
第３水曜日・年末年始を除く",１Ｆ交流サロン
品川区,大井ふ頭中央海浜公園,品川区八潮4-1-19,https://tokyo-south-seaside-parks.com/oi-park/,〇,休場日:12月31日 1月1日および12月第一火曜日 利用時間8:30～21:00,200名程度,〇,休場日:12月31日 1月1日および12月第一火曜日 利用時間8:30～21:00,大井スポーツセンター1階(エントランス)
目黒区,目黒区総合庁舎,目黒区上目黒2-19-15,https://www.city.meguro.tokyo.jp/soumu/shisetsu/koukyoushisetsu/chosha.html,〇,平日8:30～17:00（祝日、年末年始除く）,51名,〇,平日8:30～17:00（祝日、年末年始除く）,1F西口エントランスホール
目黒区,八雲中央図書館,目黒区八雲一丁目1番1号,https://www.city.meguro.tokyo.jp/library/shisetsu/bunkakouryuu/yakumo.html,〇,"月曜から土曜9:00～21:00、
日曜・祝日9:00～17:00",112名,〇,"月曜から土曜9:00～21:00、
日曜・祝日9:00～17:00",館内各所
目黒区,大橋図書館,目黒区大橋一丁目5番1号クロスエアタワー9階,https://www.city.meguro.tokyo.jp/library/shisetsu/bunkakouryuu/oohashi.html,〇,月曜から土曜9:00～19:00、日曜・祝日9:00～17:00,49名,〇,月曜から土曜9:00～19:00、日曜・祝日9:00～17:00,館内各所
目黒区,中目黒駅前図書館,目黒区上目黒二丁目1番3号,https://www.city.meguro.tokyo.jp/library/shisetsu/bunkakouryuu/nakameguro.html,〇,火曜から土曜10:00～21:45、日曜・祝日10:00～18:00,9名,〇,火曜～土曜10:00～21:45、日曜・祝日10:00～18:00,館内各所
目黒区,目黒区民センター図書館,目黒区目黒二丁目4番36号,https://www.city.meguro.tokyo.jp/library/shisetsu/bunkakouryuu/toshokankumin_center.html,〇,火曜から土曜9:00～19:00、日曜・祝日9:00～17:00（年末年始除く）,40名,〇,火曜から土曜9:00～19:00 日曜・祝日9:00～17:00（年末年始除く）,館内各所
目黒区,守屋図書館,目黒区五本木二丁目20番15号,https://www.city.meguro.tokyo.jp/library/shisetsu/bunkakouryuu/moriya.html,〇,火曜から土曜9:00～19:00、日曜・祝日9:00～17:00（年末年始除く）,29名,〇,火曜から土曜9:00～19:00、日曜・祝日9:00～17:00（年末年始除く）,館内各所
目黒区,目黒本町図書館,目黒区目黒本町二丁目1番20号,https://www.city.meguro.tokyo.jp/library/shisetsu/bunkakouryuu/toshokanmegurohonmachi.html,〇,火曜から土曜9:00～19:00、日曜・祝日9:00～17:00（年末年始除く）,44名,〇,火曜から土曜9:00～19:00、日曜・祝日9:00～17:00（年末年始除く）,館内各所
目黒区,洗足図書館,目黒区洗足二丁目8番26号,https://www.city.meguro.tokyo.jp/library/shisetsu/bunkakouryuu/sensoku.html,〇,火曜から土曜9:00～19:00、日曜・祝日9:00～17:00（年末年始除く）,24名,〇,火曜から土曜9:00～19:00、日曜・祝日9:00～17:00（年末年始除く）,館内各所
目黒区,緑が丘図書館,目黒区緑が丘二丁目14番23号,https://www.city.meguro.tokyo.jp/library/shisetsu/bunkakouryuu/toshokanmidorigaoka.html,〇,火曜から土曜9:00～19:00、日曜・祝日9:00～17:00（年末年始除く）,35名,〇,火曜から土曜9:00～19:00、日曜・祝日9:00～17:00（年末年始除く）,館内各所
目黒区,八雲体育館,目黒区八雲一丁目1番1号,https://www.city.meguro.tokyo.jp/sports/shisetsu/sports/yakumo_gym.html,〇,月曜から日曜9:00～22:00（年末年始除く）,4名,,-,-
目黒区,目黒区民センター体育館,目黒区目黒二丁目4番36号,https://www.city.meguro.tokyo.jp/sports/shisetsu/sports/center_gym.html,〇,月曜から日曜9:00～22:00（年末年始除く）,6名,,-,-
目黒区,中央体育館,目黒区目黒本町五丁目22番8号,https://www.city.meguro.tokyo.jp/sports/shisetsu/sports/chuo_gym.html,〇,月曜から日曜9:00～22:00（年末年始除く）,30名,,-,-
目黒区,駒場体育館,目黒区駒場二丁目19番39号,https://www.city.meguro.tokyo.jp/sports/shisetsu/sports/komaba_gym.html,〇,月曜から日曜9:00～22:00（年末年始除く）,36名,,-,-
目黒区,碑文谷体育館,目黒区碑文谷六丁目12番43号,https://www.city.meguro.tokyo.jp/sports/shisetsu/sports/himonya_gym.html,〇,月曜から日曜9:00～22:00（年末年始除く）,3名,,-,-
目黒区,中目黒公園（花とみどりの学習館）,目黒区中目黒二丁目3－14,https://www.city.meguro.tokyo.jp/douro/shigoto/kouen/midorigakushu.html,,,,〇,火曜から日曜（月は祝日なら開館）9:00～17:00（年末年始除く）,花とみどりの学習館
目黒区,駒場野公園（自然観察舎）,目黒区駒場2-19-70,https://www.city.meguro.tokyo.jp/douro/shigoto/kouen/shizen.html,,,,〇,水曜から日曜（月火は祝日なら開館）9:30～16:30（年末年始除く）,自然観察舎
目黒区,駒場野公園拡張部,目黒区駒場2-17-20,https://www.city.meguro.tokyo.jp/shisetsu/shisetsu/koen/komabano.html,,,,〇,月曜から日曜6:00～19:00,拡張部管理棟内・展示室
目黒区,目黒天空庭園,目黒区大橋1-9-2,https://www.city.meguro.tokyo.jp/shisetsu/shisetsu/koen/tenku.html,,,,〇,月曜から日曜7:00～21:00（荒天の場合を除く）,天空庭園管理棟横・多目的室
目黒区,駒場野公園,目黒区駒場2-19-70,https://www.city.meguro.tokyo.jp/douro/shisetsu/sports/nagare-unten.html,,,,〇,常時開放,じゃぶじゃぶ池
目黒区,西郷山公園,目黒区青葉台2-10-28,https://www.city.meguro.tokyo.jp/douro/shisetsu/sports/nagare-unten.html,,,,〇,常時開放,じゃぶじゃぶ池
目黒区,東山公園（拡張部）,目黒区東山3-21-9,https://www.city.meguro.tokyo.jp/douro/shisetsu/sports/nagare-unten.html,,,,〇,常時開放,じゃぶじゃぶ池
目黒区,中目黒公園（親水流れ）,目黒区中目黒2-3-14,https://www.city.meguro.tokyo.jp/douro/shisetsu/sports/nagare-unten.html,,,,〇,常時開放,じゃぶじゃぶ池
目黒区,三田丘の上公園,目黒区三田1-4-6,https://www.city.meguro.tokyo.jp/douro/shisetsu/sports/nagare-unten.html,,,,〇,常時開放,じゃぶじゃぶ池
目黒区,大鳥公園,目黒区下目黒2-20-19,https://www.city.meguro.tokyo.jp/douro/shisetsu/sports/nagare-unten.html,,,,〇,常時開放,じゃぶじゃぶ池
目黒区,不動公園,目黒区下目黒3-21-9,https://www.city.meguro.tokyo.jp/douro/shisetsu/sports/nagare-unten.html,,,,〇,常時開放,じゃぶじゃぶ池
目黒区,中町せせらぎ緑地公園,目黒区中町2-4-1,https://www.city.meguro.tokyo.jp/douro/shisetsu/sports/nagare-unten.html,,,,〇,常時開放,じゃぶじゃぶ池
目黒区,三角山公園,目黒区中町2-34-14,https://www.city.meguro.tokyo.jp/douro/shisetsu/sports/nagare-unten.html,,,,〇,常時開放,じゃぶじゃぶ池
目黒区,こなべ野公園,目黒区目黒本町1-10-6,https://www.city.meguro.tokyo.jp/douro/shisetsu/sports/nagare-unten.html,,,,〇,常時開放,じゃぶじゃぶ池
目黒区,中根公園,目黒区中根2-6-33,https://www.city.meguro.tokyo.jp/douro/shisetsu/sports/nagare-unten.html,,,,〇,常時開放,じゃぶじゃぶ池
目黒区,清水池公園,目黒区目黒本町2-12-10,https://www.city.meguro.tokyo.jp/douro/shisetsu/sports/nagare-unten.html,,,,〇,常時開放,じゃぶじゃぶ池
目黒区,めぐろ区民キャンパス公園,目黒区八雲1-1-12,https://www.city.meguro.tokyo.jp/douro/shisetsu/sports/nagare-unten.html,,,,〇,常時開放,じゃぶじゃぶ池
目黒区,オーパス夢ひろば,目黒区大橋1-9-4,https://www.city.meguro.tokyo.jp/douro/shisetsu/sports/nagare-unten.html,,,,〇,常時開放,じゃぶじゃぶ池
目黒区,ポケットオアシス清水,目黒区目黒本町1-6-1,https://www.city.meguro.tokyo.jp/douro/shisetsu/sports/nagare-unten.html,,,,〇,常時開放,じゃぶじゃぶ池
目黒区,目黒川緑道,目黒区大橋2-23～24,https://www.city.meguro.tokyo.jp/douro/shisetsu/sports/nagare-unten.html,,,,〇,常時開放,じゃぶじゃぶ池
目黒区,東山貝塚公園,目黒区東山3-16-7,https://www.city.meguro.tokyo.jp/douro/shisetsu/sports/nagare-unten.html,,,,〇,常時開放,じゃぶじゃぶ池
目黒区,目黒川船入場,目黒区中目黒1-11-18,https://www.city.meguro.tokyo.jp/douro/shisetsu/sports/nagare-unten.html,,,,〇,常時開放,じゃぶじゃぶ池
目黒区,北部地区サービス事務所,目黒区大橋1-5-1　クロスエアタワー9F,https://www.city.meguro.tokyo.jp/hokubu/shisetsu/koukyoushisetsu/hokubu.html,,,,〇,月曜から金曜9時から17時まで（土曜、日曜、祝日、12/29～1/3休館）,9階ロビー
目黒区,中央地区サービス事務所,目黒区中央町2-9-13（食販ビル内）,https://www.city.meguro.tokyo.jp/chuuou/shisetsu/koukyoushisetsu/chuo.html,,,,〇,平日8:30～17:00（土曜、日曜、祝日、12/29～1/3休館）,1階待合スペース
目黒区,南部地区サービス事務所,目黒区碑文谷1-18-14,https://www.city.meguro.tokyo.jp/nanbu/shisetsu/koukyoushisetsu/nanbu.html,,,,〇,平日8:30～17:00（土曜、日曜、祝日、12/29～1/3休館）,1階待合スペース
目黒区,西部地区サービス事務所,目黒区柿の木坂1-28-10,https://www.city.meguro.tokyo.jp/seibu/shisetsu/koukyoushisetsu/seibu.html,,,,〇,平日8:30～17:00（土曜、日曜、祝日、12/29～1/3休館）,1階待合スペース
目黒区,駒場住区センター,目黒区駒場1-22-4,https://www.city.meguro.tokyo.jp/hokubu/shisetsu/koukyoushisetsu/komaba.html,〇,火曜から日曜9:00～21:00（月曜日、12/27～1/4休館）,4名,〇,火曜から日曜8:45～20:00,1階ロビー
目黒区,菅刈住区センター,目黒区青葉台2-10-18,https://www.city.meguro.tokyo.jp/hokubu/shisetsu/koukyoushisetsu/suge.html,〇,月曜から日曜9:00～21:00（第2・第4日曜日、祝日の一部、12/27～1/4休館）,4名,〇,月曜から日曜8:45～20:00（第2・第4日曜日祝日の一部除く）,1階ロビー
目黒区,東山住区センター,目黒区東山2-24-30,https://www.city.meguro.tokyo.jp/hokubu/shisetsu/koukyoushisetsu/higashi.html,〇,火曜から日曜9:00～21:00、月曜9:00～17:00（月曜が祝日の場合、12/27～1/5休館）,8名,〇,火曜から日曜8:45～20:00,1階ロビー
目黒区,烏森住区センター,目黒区上目黒3-44-2,https://www.city.meguro.tokyo.jp/hokubu/shisetsu/koukyoushisetsu/karasu.html,〇,火曜から日曜9:00～21:00、月曜9:00～17:00（月曜が祝日の場合、12/28～1/4休館）,4名,〇,火曜から日曜8:45～20:00,1階ロビー
目黒区,中目黒住区センター,目黒区中目黒2-10-13,https://www.city.meguro.tokyo.jp/toubu/shisetsu/koukyoushisetsu/nakameguro.html,〇,火曜から日曜9:00～21:00（月曜、12/28～1/4休館）,14名,〇,火曜から日曜9:00～21:00（月曜、12/28～1/4休館）,1階談話コーナー
目黒区,田道住区センター,目黒区目黒1-25-26,https://www.city.meguro.tokyo.jp/toubu/shisetsu/koukyoushisetsu/dendo.html,〇,月曜から水曜、金曜から日曜9:00～21:00、木曜9:00～17:00（木曜が祝日の場合、12/28～1/5休館）,8名,〇,金曜から水曜8:45～20:00,1階談話コーナー
目黒区,田道住区センター三田分室,目黒区三田2-10-33,https://www.city.meguro.tokyo.jp/toubu/shisetsu/koukyoushisetsu/mita.html,〇,月曜から水曜、金曜から日曜9:00～21:00、木曜9:00～17:00（木曜が祝日の場合、12/28～1/5休館）,6名,〇,金曜から水曜8:45～20:00,1階談話コーナー
目黒区,下目黒住区センター,目黒区下目黒2-20-19,https://www.city.meguro.tokyo.jp/toubu/shisetsu/koukyoushisetsu/shimome.html,〇,月曜、水曜から日曜9:00～21:00、火曜9:00～17:00（火曜が祝日の場合、12/28～1/5休館）,15名,〇,水曜から月曜8:45～20:00,1階談話コーナー
目黒区,不動住区センター,目黒区下目黒6-8-23,https://www.city.meguro.tokyo.jp/toubu/shisetsu/koukyoushisetsu/fudo.html,〇,火曜から日曜9:00～21:00、月曜9:00～17:00（月曜が祝日の場合、12/28～1/4休館）,6名,〇,火曜から日曜8:45～20:00,1階談話コーナー
目黒区,油面住区センター,目黒区中町1-6-23,https://www.city.meguro.tokyo.jp/chuuou/shisetsu/koukyoushisetsu/abura.html,〇,火曜から日曜9:00～21:00（12/27～1/5休館）,15名,〇,"月曜から日曜8時45分から20時
（第1・第3月曜日除く）",1階談話室、廊下
目黒区,上目黒住区センター,目黒区祐天寺2-6-6,https://www.city.meguro.tokyo.jp/chuuou/shisetsu/koukyoushisetsu/kamime.html,〇,"月曜から日曜9:00～21:00、
（第1、第3月曜が祝日の場合、12/28～1/5休館）",4名,〇,火曜から日曜8時45分から20時,1階ロビー
目黒区,五本木住区センター,目黒区中央町2-17-2,https://www.city.meguro.tokyo.jp/chuuou/shisetsu/koukyoushisetsu/gohongi.html,〇,月曜から土曜9:00～21:00（日曜、12/26～1/4休館）,8名,〇,月曜から土曜8:45～20:00,1階談話コーナー
目黒区,鷹番住区センター,目黒区鷹番3-17-20,https://www.city.meguro.tokyo.jp/chuuou/shisetsu/koukyoushisetsu/takaban.html,〇,火曜から日曜9:00～21:00、月曜9:00～17:00（月曜が祝日の場合、12/28～1/4休館）,8名,〇,火曜から日曜8:45～20:00,1階談話コーナー
目黒区,月光原住区センター,目黒区目黒本町4-16-18 ,https://www.city.meguro.tokyo.jp/nanbu/shisetsu/koukyoushisetsu/gekko.html,〇,月曜9:00～17:00、火曜から日曜9:00～21:00（月曜が祝日の場合、年末年始休館）,10名,〇,火曜から日曜8:45～20:00,1階談話コーナー
目黒区,向原住区センター,目黒区目黒本町5-22-11,https://www.city.meguro.tokyo.jp/nanbu/shisetsu/koukyoushisetsu/mukai.html,〇,火曜から日曜及び第2・第4・第5月曜9時から21時、第1・3月曜9:00～17:00（第1・第3月曜が祝日の場合、年末年始休館）,26名,〇,"月曜から日曜8:45～20:00
（第1・第3月曜日除く）",1階談話コーナー等
目黒区,原町住区センター,目黒区南1-8-9,https://www.city.meguro.tokyo.jp/nanbu/shisetsu/koukyoushisetsu/hara.html,〇,火曜から日曜9:00～21:00（月曜、年末年始休館）,12名,〇,火曜から日曜8:45～20:00,1階談話コーナー
目黒区,碑住区センター,目黒区碑文谷2-16-6,https://www.city.meguro.tokyo.jp/nanbu/shisetsu/koukyoushisetsu/ishibumi.html,〇,月曜9:00～17:00、火曜から日曜9:00～21:00（月曜が祝日の場合、年末年始休館）,22名,〇,火曜から日曜8:45～20:00,1階談話コーナー等
目黒区,大岡山東住区センター,目黒区碑文谷3-15-5,https://www.city.meguro.tokyo.jp/nanbu/shisetsu/koukyoushisetsu/oo_higashi.html,〇,月曜9:00～17:00、火曜から日曜9:00～21:00（月曜が祝日の場合、年末年始休館）,6名,〇,火曜から日曜8:45～20:00,1階談話コーナー
目黒区,大岡山西住区センター,目黒区平町1-15-12,https://www.city.meguro.tokyo.jp/seibu/shisetsu/koukyoushisetsu/oo_nishi.html,〇,月曜から水曜、金曜から日曜9:00～21:00（木曜、12/27～1/5休館）,18名,〇,金曜から水曜8:45～20:00,1階談話コーナー
目黒区,中根住区センター,目黒区大岡山1-37-2,https://www.city.meguro.tokyo.jp/seibu/shisetsu/koukyoushisetsu/nakane.html,〇,月曜、水曜から日曜9:00～21:00、火曜9:00～17:00（火曜が祝日の場合、12/27～1/5休館）,14名,〇,水曜から月曜8:45～20:00,1階談話コーナー
目黒区,自由が丘住区センター,目黒区自由が丘1-24-12,https://www.city.meguro.tokyo.jp/seibu/shisetsu/koukyoushisetsu/jiyugaoka.html,〇,月曜から日曜9:00～21:00（祝日、12/28～1/4休館）,4名,〇,月曜から日曜8:45～20:00（祝日除く）,1階談話コーナー
目黒区,自由が丘住区センター宮前分室,目黒区八雲3-22-15,https://www.city.meguro.tokyo.jp/seibu/shisetsu/koukyoushisetsu/miyamae.html,〇,月曜から土曜9:00～21:00（日曜、祝日、12/28～1/4休館）,8名,〇,月曜から土曜8:45～20:00（祝日除く）,1階談話コーナー
目黒区,八雲住区センター,目黒区八雲1-10-5,https://www.city.meguro.tokyo.jp/seibu/shisetsu/koukyoushisetsu/yakumo.html,〇,月曜9:00～17:00、火曜から日曜9:00～21:00（月曜が祝日の場合、12/27～1/4休館）,7名,〇,火曜から日曜8:45～20:00,1階コミュニティ活動スペース
目黒区,東根住区センター,目黒区東が丘1-7-14,https://www.city.meguro.tokyo.jp/seibu/shisetsu/koukyoushisetsu/higashine.html,〇,月曜から土曜及び第1・第3日曜9:00～21:00（第2・4・5日曜、12/27～1/4休館）,12名,〇,月曜から日曜8:45～20:00（第2・第4・第5日曜日除く）,1階談話コーナー
目黒区,駒場住区いこいの家コミュニティルーム,目黒区駒場1-26-6,https://www.city.meguro.tokyo.jp/koureifukushi/shisetsu/hokenfukushi/komaba.html,〇,9:00～17:00（日曜日、祝日、年末年始を除く）,3名,〇,9:00～17:00（日曜日、祝日、年末年始を除く）,ロビー等
目黒区,中目黒住区上二いこいの家コミュニティルーム,目黒区上目黒2-10-4,https://www.city.meguro.tokyo.jp/koureifukushi/shisetsu/hokenfukushi/kamini.html,〇,9:00～17:00（日曜日、祝日、年末年始を除く）,3名,〇,9:00～17:00（日曜日、祝日、年末年始を除く）,ロビー等
目黒区,田道住区いこいの家コミュニティルーム,目黒区目黒3-1-18,https://www.city.meguro.tokyo.jp/koureifukushi/shisetsu/hokenfukushi/dendo.html,〇,9:00～17:00（日曜日、祝日、年末年始を除く）,3名,〇,9:00～17:00（日曜日、祝日、年末年始を除く）,ロビー等
目黒区,上目黒住区いこいの家コミュニティルーム,目黒区上目黒4-18-15,https://www.city.meguro.tokyo.jp/koureifukushi/shisetsu/hokenfukushi/kamimeguro.html,〇,9:00～17:00（日曜日、祝日、年末年始を除く）,3名,〇,9:00～17:00（日曜日、祝日、年末年始を除く）,ロビー等
目黒区,油面住区中町いこいの家コミュニティルーム,目黒区中町1-6-19,https://www.city.meguro.tokyo.jp/koureifukushi/shisetsu/hokenfukushi/nakacho.html,〇,9:00～17:00（日曜日、祝日、年末年始を除く）,3名,〇,9:00～17:00（日曜日、祝日、年末年始を除く）,ロビー等
目黒区,五本木住区いこいの家コミュニティルーム,目黒区五本木2-11-29,https://www.city.meguro.tokyo.jp/koureifukushi/shisetsu/hokenfukushi/gohongi.html,〇,9:00～17:00（日曜日、祝日、年末年始を除く）,3名,〇,9:00～17:00（日曜日、祝日、年末年始を除く）,ロビー等
目黒区,原町住区いこいの家コミュニティルーム,目黒区原町2-2-14,https://www.city.meguro.tokyo.jp/koureifukushi/shisetsu/hokenfukushi/haramachi.html,〇,9:00～17:00（日曜日、祝日、年末年始を除く）,3名,〇,9:00～17:00（日曜日、祝日、年末年始を除く）,ロビー等
目黒区,大岡山西住区平町いこいの家コミュニティルーム,目黒区平町2-4-10,https://www.city.meguro.tokyo.jp/koureifukushi/shisetsu/hokenfukushi/tairamachi.html,〇,9:00～17:00（日曜日、祝日、年末年始を除く）,3名,〇,9:00～17:00（日曜日、祝日、年末年始を除く）,ロビー等
目黒区,自由が丘住区いこいの家コミュニティルーム,目黒区自由が丘1-23-26,https://www.city.meguro.tokyo.jp/koureifukushi/shisetsu/hokenfukushi/jiyugaoa.html,〇,9:00～17:00（日曜日、祝日、年末年始を除く）,3名,〇,9:00～17:00（日曜日、祝日、年末年始を除く）,ロビー等
目黒区,高齢者センター,目黒区目黒1-25-26,https://www.city.meguro.tokyo.jp/koureifukushi/shisetsu/hokenfukushi/korei_center.html,〇,9:00～17:00（日曜日、祝日、年末年始を除く）,10名,〇,9:00～17:00（日曜日、祝日、年末年始を除く）,ロビー等
目黒区,東京都写真美術館,目黒区三田1-13-3恵比寿ガーデンプレイス内,https://topmuseum.jp/,〇,"10:00～18:00（木・金曜日は20:00まで）
※休館日：月曜日（祝日の場合は翌平日） 年末年始 臨時休館日",20名,〇,"10:00～18:00(木・金曜日は20:00まで)
※休館日：月曜日(祝日の場合は翌平日) 年末年始 臨時休館日",2F　ロビー
目黒区,イオンスタイル碑文谷,目黒区碑文谷4-1-1,https://www.aeon.com/store/%E3%82%A4%E3%82%AA%E3%83%B3/%E3%82%A4%E3%82%AA%E3%83%B3%E3%82%B9%E3%82%BF%E3%82%A4%E3%83%AB%E7%A2%91%E6%96%87%E8%B0%B7/,〇,9:00～22:00（月曜～日曜）,30名,〇,9:00～22:00（月曜日～日曜日）,各フロア ソファー・ベンチ等の休憩スペース
目黒区,トヨタモビリティ東京　目黒店,目黒区目黒本町2-16-24,https://www.toyota-mobi-tokyo.co.jp/shop/11A,〇,"10：00～18：00
定休日(火曜日、第１・３月曜)、ＧＷ休暇・夏季休暇・年末年始休暇を除く",5名,〇,"10：00～18：00
定休日(火曜日、第１・３月曜)、ＧＷ休暇・夏季休暇・年末年始休暇を除く",ショールーム
目黒区,和館（菅刈公園）,目黒区青葉台2-11-25,https://www.city.meguro.tokyo.jp/douro/shigoto/kouen/sugekari.html,〇,9:00～16:00（火曜日 火曜日が祝日と重なる場合はその翌日以降直近の平日 年末年始を除く）,5名,〇,9:00～16:00（火曜日 火曜日が祝日と重なる場合はその翌日以降直近の平日 年末年始を除く）,展望室
目黒区,こぶしえん,目黒区下目黒6-18-2,https://tokushinkai.jp/facilities/kobushien/,〇,8:30～17:30 月曜日～日曜日,10名,〇,8:30～17:30 月曜日～日曜日,1階イートインコーナー
目黒区,ユニスマイル薬局　学芸大学店,目黒区中央町2-13-10　第一菫寮1階,https://unismile.co.jp/shop/gakugeidaigaku/,〇,9:00～18:00　月曜日～土曜日（祝日を除く）,8名,,,待合スペース
目黒区,トモズ池尻大橋店,目黒区大橋2-22-9,,〇,"月～金曜日：9:00～19:00　
土曜日：9:00～18:00
月曜日～土曜日　（祝日除く）",4名,,,調剤の待合スペース
目黒区,トモズ祐天寺店,目黒区祐天寺2-12-19,,〇,"平日　9:00～19:00
土曜日　9:00～15:00
月曜日～土曜日　（祝日除く）",4名,,,調剤の待合スペース
目黒区,ヒノミ薬局都立大学店,"目黒区八雲1-4-11
都立大八雲マンション1Ｆ",,〇,"月・火・水・金　9：00～19：00
木　9：00～17：00
土　9：00～15：00
日　9：00～13：00",4名,,,待合スペース
目黒区,クオール薬局恵比寿店,"目黒区三田1-11-1
YTタナカビル１F",,〇,"10:00〜17:00
月曜日～金曜日（祝日を除く）",10名,,,待合室
目黒区,クオール薬局柿の木坂店,"目黒区柿の木坂1-30-7
アトゥレ柿の木坂101",,〇,"10:00〜17:00
月曜日～金曜日（祝日を除く）",5名,,,待合室
目黒区,中川薬局自由が丘駅前店,目黒区自由が丘1-7-13 クレオビル105号室,,〇,"9:00～18:00
月曜日から日曜日（祝日を除く）",5名,,,待合室
目黒区,ハロー薬局学芸大学,目黒区鷹番2-20-10 学大８０ビル１階,https://www.hello-ph.com/pharmacy-gakugeidaigaku,〇,"月曜日から日曜日（祝日を除く）
月曜日から金曜日　9:00～20:00
土曜・日曜日　9:00～18:00",10名,,,待合室
目黒区,ハロー薬局学芸大学西口店,目黒区鷹番3-15-24,https://www.hello-ph.com/pharmacy-gakugeidaigakuwest,〇,"月曜日から土曜日（日曜・祝日を除く）
月曜日から金曜日 9:00～19:30
土曜日　9:00～17:00",5名,,,待合室
目黒区,ハロー薬局学芸大学3号店,目黒区鷹番2-17-14 エスポワール鷹番１階,https://www.hello-ph.com/pharmacy-gakugeidaigaku3rd,〇,"月曜日から土曜日（日曜・祝日を除く）
月・火・水・金曜日　9:00～19:00
木曜日　9:00～17:00
土曜日　9:00～14:00",15名,,,待合室
目黒区,ハロー薬局鷹番店,目黒区鷹番3-3-7 フェリシアス学芸大学１階,,〇,"月曜日から土曜日（日曜・祝日を除く）
月・火・水・金曜日　9:00～19:00
木・土曜日　9:00～17:00",6名,,,待合室
目黒区,株式会社キリン堂たんぽぽ薬局五本木店,目黒区五本木1-20-6セイシンビル1階,https://www.kirindo-shop.com/manage/shop/RX1325.html,〇,"月曜日から土曜日（日曜・祝日を除く）
月～金曜日　9:00～19:00
土曜日　9:00～14:00",9名,,,待合室
目黒区,みよの台薬局祐天寺駅前店,目黒区五本木1-31-1,,〇,"月曜日から土曜日（祝日を除く）
午前８時半～午後７時",3名,,,待合室
目黒区,なの花薬局池尻大橋店,"目黒区大橋2-23-1
西渋谷ハイウェービル１F",,〇,"日曜日から土曜日
午前9時～午後7時（日曜祝日は午後2時まで）",5名,,,待合室
大田区,大田区役所本庁舎,大田区蒲田五丁目13番14号,https://www.city.ota.tokyo.jp/shisetsu/kuyakusho/index.html,〇,平日8:30～17:00,"50
（施設本来の利用状況等により変動あり）",〇,平日8:30～17:00,1階
大田区,大森東特別出張所,大田区大森南四丁目9番1号,https://www.city.ota.tokyo.jp/shisetsu/tokubetsushucchoujo/oomorihigashi_tokubetsu.html,,,,〇,平日8:30～17:00,1階
大田区,大森西特別出張所,大田区大森西二丁目16番2号大森西地域力推進センター1階,https://www.city.ota.tokyo.jp/shisetsu/tokubetsushucchoujo/oomorinishi_tokubetsu.html,,,,〇,平日8:30～17:00,区民活動支援施設大森(こらぼ大森)1階
大田区,入新井特別出張所,大田区大森北一丁目10番14号 Luz大森1階,https://www.city.ota.tokyo.jp/shisetsu/tokubetsushucchoujo/iriarai_tokubetsu.html,,,,〇,平日8:30～17:00,Luz大森1階
大田区,馬込特別出張所,大田区中馬込三丁目25番5号,https://www.city.ota.tokyo.jp/shisetsu/tokubetsushucchoujo/magome_tokubetsu.html,,,,〇,平日8:30～17:00,1階
大田区,池上特別出張所,大田区池上一丁目29番6号,https://www.city.ota.tokyo.jp/shisetsu/tokubetsushucchoujo/ikegami_tokubetsu.html,,,,〇,平日8:30～17:00,1階
大田区,新井宿特別出張所,大田区中央一丁目21番6号,https://www.city.ota.tokyo.jp/shisetsu/tokubetsushucchoujo/araijuku_tokubetsu.html,,,,〇,平日8:30～17:00,1階
大田区,嶺町特別出張所,大田区田園調布本町7番1号,https://www.city.ota.tokyo.jp/shisetsu/tokubetsushucchoujo/minemachi_tokubetsu.html,,,,〇,平日8:30～17:00,1階
大田区,田園調布特別出張所,大田区田園調布一丁目30番1号,https://www.city.ota.tokyo.jp/shisetsu/tokubetsushucchoujo/denenchoufu_tokubetsu.html,,,,〇,平日8:30～17:00,1階
大田区,鵜の木特別出張所,大田区南久が原二丁目30番5号,https://www.city.ota.tokyo.jp/shisetsu/tokubetsushucchoujo/unoki_tokubetsu.html,,,,〇,平日8:30～17:00,1階
大田区,久が原特別出張所,大田区久が原四丁目12番10号,https://www.city.ota.tokyo.jp/shisetsu/tokubetsushucchoujo/kugahara_tokubetsu.html,,,,〇,平日8:30～17:00,1階
大田区,雪谷特別出張所,大田区東雪谷三丁目6番2号,https://www.city.ota.tokyo.jp/shisetsu/tokubetsushucchoujo/yukigaya_tokubetsu.html,,,,〇,平日8:30～17:00,1階
大田区,千束特別出張所,大田区北千束二丁目35番8号、赤松小学校地下1階,https://www.city.ota.tokyo.jp/shisetsu/tokubetsushucchoujo/senzoku_tokubetsu.html,,,,〇,平日8:30～17:00,赤松小学校地下1階
大田区,糀谷特別出張所,大田区西糀谷二丁目14番13号,https://www.city.ota.tokyo.jp/shisetsu/tokubetsushucchoujo/koujiya_tokubetsu.html,,,,〇,平日8:30～17:00,1階
大田区,羽田特別出張所,大田区羽田一丁目18番13号,https://www.city.ota.tokyo.jp/shisetsu/tokubetsushucchoujo/haneda_tokubetu.html,,,,〇,平日8:30～17:00,1階
大田区,六郷特別出張所,大田区仲六郷二丁目44番11号、六郷地域力推進センター1階,https://www.city.ota.tokyo.jp/shisetsu/tokubetsushucchoujo/rokugou_tokubetsu.html,,,,〇,平日8:30～17:00,1階
大田区,矢口特別出張所,大田区矢口二丁目21番14号,https://www.city.ota.tokyo.jp/shisetsu/tokubetsushucchoujo/yaguchi_tokubetsu.html,,,,〇,平日8:30～17:00,1階
大田区,蒲田西特別出張所,大田区西蒲田七丁目12番2号1階,https://www.city.ota.tokyo.jp/shisetsu/tokubetsushucchoujo/kamatanishi_tokubetsu.html,,,,〇,平日8:30～17:00,1階
大田区,蒲田地域庁舎,大田区蒲田本町二丁目1番1号,https://www.city.ota.tokyo.jp/shisetsu/tokubetsushucchoujo/kamatahigashi_tokubetsu.html,〇,平日8:30～17:00,15,〇,平日8:30～17:00,蒲田地域庁舎1階
大田区,シニアステーション馬込,大田区中馬込一丁目19番1-101号,https://www.city.ota.tokyo.jp/shisetsu/fukushi/kourei/shinior_station/magome.html,,,,〇,月～土曜日9：00～17：00,1階
大田区,シニアステーション南馬込,大田区南馬込三丁目13番12号,https://www.city.ota.tokyo.jp/shisetsu/fukushi/kourei/shinior_station/minami-magome.html,,,,〇,月～土曜日9：00～17：00,1階
大田区,シニアステーション東嶺町,大田区東嶺町20番4号,https://www.city.ota.tokyo.jp/shisetsu/fukushi/kourei/shinior_station/higashi-minemachi.html,,,,〇,月～土曜日9：00～17：00,1階
大田区,シニアステーション田園調布,大田区田園調布二丁目58番5号,https://www.city.ota.tokyo.jp/shisetsu/fukushi/kourei/shinior_station/denen-chofu.html,,,,〇,月～土曜日9：00～17：00,1階
大田区,シニアステーション田園調布西,大田区田園調布四丁目44番9号,https://www.city.ota.tokyo.jp/shisetsu/fukushi/kourei/shinior_station/denen-chofu-nishi.html,,,,〇,月～土曜日9：00～17：00,1階
大田区,シニアステーション千束,大田区北千束二丁目35番8号、赤松小学校・北千束二丁目複合施設,https://www.city.ota.tokyo.jp/shisetsu/fukushi/kourei/shinior_station/senzoku.html,,,,〇,月～土曜日9：00～17：00,地下1階
大田区,シニアステーション新蒲田,大田区新蒲田一丁目18番16号、新蒲田一丁目複合施設(カムカム新蒲田)3階,https://www.city.ota.tokyo.jp/shisetsu/fukushi/kourei/shinior_station/shin-kamata.html,,,,〇,月～土曜日9：00～17：00,新蒲田一丁目複合施設(カムカム新蒲田)3階
大田区,シニアステーション糀谷,大田区西糀谷四丁目29番16-202号、ステーションツインタワ-ズ糀谷フロント・ウエスト2階,https://www.city.ota.tokyo.jp/shisetsu/fukushi/kourei/shinior_station/koujiya.html,,,,〇,月～土曜日9：00～17：00,ステーションツインタワ-ズ糀谷フロント・ウエスト、2階
大田区,シニアステーション羽田,大田区羽田一丁目18番13号、羽田地域力推進センター2階,https://www.city.ota.tokyo.jp/shisetsu/fukushi/kourei/shinior_station/haneda.html,,,,〇,月～土曜日9：00～17：00,羽田地域力推進センター2階
大田区,大森中老人いこいの家,大田区大森中二丁目13番15号,https://www.city.ota.tokyo.jp/shisetsu/fukushi/kourei/ikoinoie/oomorinaka.html,,,,〇,月～土曜日9：00～17：00,1階
大田区,大森東老人いこいの家,大田区大森東四丁目24番6号,https://www.city.ota.tokyo.jp/shisetsu/fukushi/kourei/ikoinoie/oomorihigashi.html,,,,〇,月～土曜日9：00～17：00,1階
大田区,山王高齢者センター,大田区山王一丁目31番8号,https://www.city.ota.tokyo.jp/shisetsu/fukushi/kourei/ikoinoie/sannou_koureisha_c.html,,,,〇,月～土曜日9：00～17：00,1階
大田区,池上老人いこいの家,大田区池上五丁目9番9号,https://www.city.ota.tokyo.jp/shisetsu/fukushi/kourei/ikoinoie/ikegami.html,,,,〇,月～土曜日9：00～17：00,1階
大田区,新井宿老人いこいの家,大田区中央一丁目5番1号,https://www.city.ota.tokyo.jp/shisetsu/fukushi/kourei/ikoinoie/araijuku.html,,,,〇,月～土曜日9：00～17：00,1階
大田区,鵜の木老人いこいの家,大田区鵜の木三丁目32番10号,https://www.city.ota.tokyo.jp/shisetsu/fukushi/kourei/ikoinoie/unoki.html,,,,〇,月～土曜日9：00～17：00,1階
大田区,久が原老人いこいの家,大田区久が原五丁目29番4号,https://www.city.ota.tokyo.jp/shisetsu/fukushi/kourei/ikoinoie/kugahara.html,,,,〇,月～土曜日9：00～17：00,1階
大田区,仲池上老人いこいの家,大田区仲池上一丁目10番14号,https://www.city.ota.tokyo.jp/shisetsu/fukushi/kourei/ikoinoie/nakaikegami.html,,,,〇,月～土曜日9：00～17：00,1階
大田区,千束老人いこいの家,大田区南千束三丁目24番11号,https://www.city.ota.tokyo.jp/shisetsu/fukushi/kourei/ikoinoie/senzoku.html,,,,〇,月～土曜日9：00～17：00,1階
大田区,東糀谷老人いこいの家,大田区東糀谷一丁目19番21号,https://www.city.ota.tokyo.jp/shisetsu/fukushi/kourei/ikoinoie/higashikoujiya.html,,,,〇,月～土曜日9：00～17：00,1階
大田区,東六郷老人いこいの家,大田区東六郷二丁目4番21号,https://www.city.ota.tokyo.jp/shisetsu/fukushi/kourei/ikoinoie/higashirokugou.html,,,,〇,月～土曜日9：00～17：00,1階
大田区,仲六郷老人いこいの家,大田区仲六郷三丁目12番5号,https://www.city.ota.tokyo.jp/shisetsu/fukushi/kourei/ikoinoie/nakarokugou.html,,,,〇,月～土曜日9：00～17：00,1階
大田区,東蒲田老人いこいの家,大田区東蒲田二丁目32番15号,https://www.city.ota.tokyo.jp/shisetsu/fukushi/kourei/ikoinoie/higashikamata.html,,,,〇,月～土曜日9：00～17：00,1階
大田区,本蒲田老人いこいの家,大田区蒲田一丁目4番23号,https://www.city.ota.tokyo.jp/shisetsu/fukushi/kourei/ikoinoie/honkamata.html,,,,〇,月～土曜日9：00～17：00,1階
大田区,大森西区民センター,大田区大森西二丁目20番17号,https://www.city.ota.tokyo.jp/shisetsu/fukushi/kourei/ikoinoie/omorinishi_c.html,,,,〇,平日9:00～17:00,1階
大田区,馬込区民センター,大田区南馬込四丁目6番5号,https://www.city.ota.tokyo.jp/shisetsu/fukushi/kourei/ikoinoie/magome_c.html,,,,〇,平日9:00～17:00,1階
大田区,洗足区民センター,大田区上池台二丁目35番2号,https://www.city.ota.tokyo.jp/shisetsu/fukushi/kourei/ikoinoie/senzoku_c.html,,,,〇,平日9:00～17:00,1階
大田区,萩中集会所,大田区萩中三丁目25番8号,https://www.city.ota.tokyo.jp/shisetsu/fukushi/kourei/ikoinoie/haginaka_s.html,,,,〇,平日9:00～17:00,1階
大田区,大森東地域センター,大田区大森東一丁目31番3-105号,https://www.city.ota.tokyo.jp/shisetsu/fukushi/kourei/ikoinoie/omorihigashi_c.html,,,,〇,平日9:00～17:00,1階
大田区,美原文化センター,大田区大森東一丁目28番9号,https://www.city.ota.tokyo.jp/shisetsu/bunkacenter/miharabunkacenter.html,,,,〇,平日9:00～17:00,1階
大田区,馬込文化センター,大田区中馬込三丁目26番3号,https://www.city.ota.tokyo.jp/shisetsu/bunkacenter/magomebunkacenter.html,,,,〇,平日9:00～17:00,1階
大田区,南馬込文化センター,大田区南馬込三丁目24番9号,https://www.city.ota.tokyo.jp/shisetsu/bunkacenter/minamimagomebunkacenter.html,,,,〇,平日9:00～17:00,1階
大田区,池上文化センター,大田区池上四丁目21番13号,https://www.city.ota.tokyo.jp/shisetsu/bunkacenter/ikegamibunkacenter.html,,,,〇,平日9:00～17:00,1階
大田区,石川町文化センター,大田区石川町一丁目3番8号,https://www.city.ota.tokyo.jp/shisetsu/bunkacenter/ishikawachobunkacenter.html,,,,〇,平日9:00～17:00,1階
大田区,糀谷文化センター,大田区西糀谷二丁目14番5号,https://www.city.ota.tokyo.jp/shisetsu/bunkacenter/kojiyabunkacenter.html,,,,〇,平日9:00～17:00,1階
大田区,萩中文化センター,大田区萩中一丁目7番30号,https://www.city.ota.tokyo.jp/shisetsu/bunkacenter/haginakabunkacenter.html,,,,〇,平日9:00～17:00,1階
大田区,六郷文化センター,大田区西六郷四丁目1番5号,https://www.city.ota.tokyo.jp/shisetsu/bunkacenter/rokugou_c/index.html,,,,〇,平日9:00～17:00,1階
大田区,雪谷文化センター,大田区南雪谷五丁目18番3号,https://www.city.ota.tokyo.jp/shisetsu/bunkacenter/yukigayabunkacenter.html,,,,〇,平日9:00～17:00,1階
大田区,大田図書館,大田区田園調布南25番1号,https://www.city.ota.tokyo.jp/shisetsu/toshokan/ota.html,,,,〇,9:00～19:00、※第2木曜日(祝日の場合は翌日休館)、特別整理期間を除く,1階
大田区,大森南図書館,大田区大森南一丁目17番7号,https://www.city.ota.tokyo.jp/shisetsu/toshokan/omori_minami.html,,,,〇,9:00～19:00、※第3木曜日(祝日の場合は翌日休館)、特別整理期間を除く,1階
大田区,大森東図書館,大田区大森東一丁目31番3-104号,https://www.city.ota.tokyo.jp/shisetsu/toshokan/omori_higashi.html,,,,〇,9:00～19:00、※第2木曜日(祝日の場合は翌日休館)、特別整理期間を除く,1階
大田区,大森西図書館,大田区大森西五丁目2番13号,https://www.city.ota.tokyo.jp/shisetsu/toshokan/omori_nishi.html,,,,〇,9:00～19:00、※第3木曜日(祝日の場合は翌日休館)、特別整理期間を除く,1階
大田区,馬込図書館,大田区中馬込二丁目26番10号,https://www.city.ota.tokyo.jp/shisetsu/toshokan/magome.html,,,,〇,9:00～19:00、※第3木曜日(祝日の場合は翌日休館)、特別整理期間を除く,1階
大田区,池上図書館,大田区池上六丁目3番10号、エトモ池上4階,https://www.city.ota.tokyo.jp/shisetsu/toshokan/ikegami.html,,,,〇,9:00～19:00、※第2木曜日(祝日の場合は翌日休館)、特別整理期間、「エトモ池上」の休館日(不定期),エトモ池上4階
大田区,久が原図書館,大田区久が原二丁目28番4号,https://www.city.ota.tokyo.jp/shisetsu/toshokan/kugahara.html,,,,〇,9:00～19:00、※第3木曜日(祝日の場合は翌日休館)、特別整理期間を除く,1階
大田区,浜竹図書館,大田区西糀谷三丁目32番7号,https://www.city.ota.tokyo.jp/shisetsu/toshokan/hamatake.html,,,,〇,9:00～19:00、※第2木曜日(祝日の場合は翌日休館)、特別整理期間を除く,1階
大田区,羽田図書館,大田区羽田一丁目11番1号,https://www.city.ota.tokyo.jp/shisetsu/toshokan/haneda.html,,,,〇,9:00～19:00、※第3木曜日(祝日の場合は翌日休館)、特別整理期間を除く,1階
大田区,六郷図書館,大田区南六郷三丁目10番3号,https://www.city.ota.tokyo.jp/shisetsu/toshokan/rokugou.html,,,,〇,9:00～19:00、※第3木曜日(祝日の場合は翌日休館)、特別整理期間を除く,1階
大田区,蒲田図書館,大田区東蒲田一丁目19番22号,https://www.city.ota.tokyo.jp/shisetsu/toshokan/kamata.html,,,,〇,9:00～19:00、※第2木曜日(祝日の場合は翌日休館)、特別整理期間を除く,1階
大田区,入新井図書館,大田区大森北一丁目10番14号(大森複合施設ビル(Luz大森)内),https://www.city.ota.tokyo.jp/shisetsu/toshokan/iriarai.html,,,,〇,9:00～19:00、※第2木曜日(祝日の場合は翌日休館)、特別整理期間を除く,4階
大田区,下丸子図書館,大田区下丸子二丁目18番11号,https://www.city.ota.tokyo.jp/shisetsu/toshokan/shimomaruko.html,,,,〇,9:00～19:00、※第3木曜日(祝日の場合は翌日休館)、特別整理期間を除く,1階
大田区,多摩川図書館,大田区多摩川二丁目24番63号,https://www.city.ota.tokyo.jp/shisetsu/toshokan/tamagawa.html,,,,〇,9:00～19:00、※第2木曜日(祝日の場合は翌日休館)、特別整理期間を除く,1階
大田区,蒲田駅前図書館,大田区蒲田五丁目13番26-301号,https://www.city.ota.tokyo.jp/shisetsu/toshokan/kamataekimae.html,,,,〇,9:00～20:00、※第3木曜日(祝日の場合は翌日休館)、特別整理期間を除く,1階
大田区,田園調布せせらぎ館,大田区田園調布一丁目53番12号,https://www.city.ota.tokyo.jp/shisetsu/seseragi/index.html,,,,〇,9:00～18:00、※第2木曜日(祝日の場合はその翌日)除く,1階
大田区,大森スポーツセンター,大田区大森本町二丁目2番5号,https://www.city.ota.tokyo.jp/shisetsu/sports/oomori_s/index.html,,,,〇,8:30～22:00、※休館日(随時),1階
大田区,大田区産業プラザPiO,大田区南蒲田一丁目20番20号,https://www.city.ota.tokyo.jp/shisetsu/pio/index.html,,,,〇,8:30～22:00、※休館日を除く,1階
大田区,消費者生活センター,大田区蒲田五丁目13番26-101号,https://www.city.ota.tokyo.jp/shisetsu/seikatsu_center/index.html,,,,〇,9:00～17:00、※臨時休館日を除く,1階
大田区,池上会館,大田区池上一丁目32番8号,https://www.city.ota.tokyo.jp/shisetsu/ikegamikaikan/index.html,,,,〇,8:00～22:00、※臨時休館日を除く,1階
大田区,大田文化の森,大田区中央二丁目10番1号,https://www.city.ota.tokyo.jp/shisetsu/bunkanomori/index.html,,,,〇,9:00～22:00、※第2木曜日(休日の場合はその翌日)、臨時休館日を除く,1階
大田区,森ケ崎緑華園管理棟,大森南四丁目3番16号,https://www.city.ota.tokyo.jp/shisetsu/park/morigasaki_ryokukaen.html,,,,〇,8:30～17:00,1階
大田区,障がい者総合サポートセンターさぽーとぴあ,大田区中央四丁目30番11号,https://www.city.ota.tokyo.jp/shisetsu/fukushi/shougai/support-pia.html,,,,〇,平日、8:30～19:00、土日祝日8:30～17:00,1階
大田区,大田区青少年交流センターゆいっつ,大田区平和島四丁目2番15号,https://yuits.jp/,,,,〇,9:00～20:00,1階
大田区,大森地域庁舎,大田区大森西一丁目12番1号,https://www.city.ota.tokyo.jp/shisetsu/center/omori_chiikichousya.html,〇,平日8：30～17：00,30,〇,平日8：30～17：00,大森地域庁舎1階
大田区,調布地域庁舎,大田区雪谷大塚町4番6号,https://www.city.ota.tokyo.jp/shisetsu/center/chofu_chiikichousya.html,〇,平日8：30～17：00,9,〇,平日8：30～17：00,調布地域庁舎1階
大田区,糀谷・羽田地域庁舎,大田区東糀谷一丁目21番15号,https://www.city.ota.tokyo.jp/shisetsu/center/koujiya_haneda_chiikichousya.html,〇,平日8：30～17：00,15,〇,平日8：30～17：00,糀谷・羽田地域庁舎2階
大田区,EBARA WAVE アリーナおおた（大田区総合体育館）,大田区東蒲田一丁目11番1号,https://www.ota.esforta.jp/,,,,〇,9：00～21：00※休館日(随時),1階エントランス 地下1階受付前
大田区,シニアステーション入新井,大森北四丁目6番7号、大森北四丁目複合施設(スマイル大森)2階,https://www.city.ota.tokyo.jp/shisetsu/fukushi/kourei/shinior_station/shinsetsu_senioririarai.html,,,,〇,月～土曜日9：00～17：00,大森北四丁目複合施設2階
大田区,大森北四丁目複合施設,大森北四丁目6番7号,https://www.city.ota.tokyo.jp/shisetsu/hall/smile_omori/smile-omori.html,,,,〇,月～土曜日9：00～17：00,1階オープンスペース 地下2階ホワイエ
世田谷区,世田谷区役所東棟,世田谷区世田谷4-21-27,https://www.city.setagaya.lg.jp/mokuji/kusei/012/001/001/d00006140.html,,,,〇,施設開設時間,館内一部
世田谷区,世田谷区役所第2庁舎,世田谷区世田谷4-22-35,https://www.city.setagaya.lg.jp/mokuji/kusei/012/001/001/d00006140.html,,,,〇,施設開設時間,館内一部
世田谷区,世田谷区役所西棟,世田谷区世田谷4-22-33,https://www.city.setagaya.lg.jp/mokuji/kusei/012/001/001/d00006085.html,,,,〇,施設開設時間,館内一部
世田谷区,池尻まちづくりセンター,世田谷区池尻3-27-21,https://www.city.setagaya.lg.jp/mokuji/kusei/012/001/003/001/d00006084.html,,,,〇,施設開設時間,館内一部
世田谷区,若林まちづくりセンター,世田谷区若林1-34-2,https://www.city.setagaya.lg.jp/mokuji/kusei/012/001/003/001/d00006090.html,,,,〇,施設開設時間,館内一部
世田谷区,上町まちづくりセンター,世田谷区世田谷1-23-5,https://www.city.setagaya.lg.jp/mokuji/kusei/012/001/003/001/d00006091.html,,,,〇,施設開設時間,館内一部
世田谷区,経堂まちづくりセンター,世田谷区宮坂1-44-29,https://www.city.setagaya.lg.jp/mokuji/kusei/012/001/003/001/d00146854.html,,,,〇,施設開設時間,館内一部
世田谷区,下馬まちづくりセンター,世田谷区下馬4-13-4,https://www.city.setagaya.lg.jp/mokuji/kusei/012/001/003/001/d00006092.html,,,,〇,施設開設時間,館内一部
世田谷区,上馬まちづくりセンター,世田谷区上馬4-10-17,https://www.city.setagaya.lg.jp/mokuji/kusei/012/001/003/001/d00006093.html,,,,〇,施設開設時間,館内一部
世田谷区,太子堂区民センター,世田谷区太子堂1-14-20,https://www.city.setagaya.lg.jp/mokuji/kusei/012/002/002/d00004098.html,,,,〇,施設開設時間,館内一部
世田谷区,弦巻区民センター,世田谷区弦巻1-26-11,https://www.city.setagaya.lg.jp/mokuji/kusei/012/002/002/d00004099.html,,,,〇,施設開設時間,館内一部
世田谷区,宮坂区民センター,世田谷区宮坂1-24-6,https://www.city.setagaya.lg.jp/mokuji/kusei/012/002/002/d00004100.html,,,,〇,施設開設時間,館内一部
世田谷区,桜丘すみれば自然庭園,世田谷区桜丘4-23-12,https://www.city.setagaya.lg.jp/mokuji/kusei/012/015/001/020/d00156215.html,,,,〇,施設開設時間,館内一部
世田谷区,桜丘区民センター,世田谷区桜丘5-14-1,https://www.city.setagaya.lg.jp/mokuji/kusei/012/002/002/d00004101.html,,,,〇,施設開設時間,館内一部
世田谷区,経堂地区会館,世田谷区経堂3-37-13,https://www.city.setagaya.lg.jp/mokuji/kusei/012/002/003/001/d00004114.html,,,,〇,施設開設時間,館内一部
世田谷区,せたがや未来の平和館,世田谷区池尻1-5-27(区立世田谷公園内),https://www.city.setagaya.lg.jp/mokuji/kusei/002/002/003/001/d00141171.html,,,,〇,施設開設時間,館内一部
世田谷区,男女共同参画センターらぷらす,世田谷区太子堂1-12-40、グレ-ト王寿ビル3階,https://www.city.setagaya.lg.jp/mokuji/kusei/012/018/d00005031.html,,,,〇,施設開設時間,館内一部
世田谷区,教育会館(中央図書館),世田谷区弦巻3-16-8,https://www.city.setagaya.lg.jp/mokuji/kusei/012/011/002/d00004211.html,,,,〇,施設開設時間,館内一部
世田谷区,教育総合センター,世田谷区若林5-38-1,https://www.city.setagaya.lg.jp/mokuji/kusei/012/007/d00194589.html,,,,〇,施設開設時間,館内一部
世田谷区,世田谷ボランティアセンター,世田谷区下馬2-20-14、パ-ム下馬1階,https://www.city.setagaya.lg.jp/mokuji/kurashi/007/010/001/d00005010.html,,,,〇,施設開設時間,館内一部
世田谷区,世田谷まちなか観光情報コーナー,太子堂2-16-7（世田谷産業プラザ）,https://www.kanko-setagaya.jp/activity/view/232,,,,〇,施設開設時間,館内一部
世田谷区,北沢総合支所,世田谷区北沢2-8-18,https://www.city.setagaya.lg.jp/mokuji/kusei/012/001/001/d00006086.html,,,,〇,施設開設時間,館内一部
世田谷区,北沢ボランティアビューロー,世田谷区梅丘1-8-9,https://www.city.setagaya.lg.jp/mokuji/kurashi/007/010/001/d00005015.html,,,,〇,施設開設時間,館内一部
世田谷区,梅丘まちづくりセンター,世田谷区梅丘1-61-16,https://www.city.setagaya.lg.jp/mokuji/kusei/012/001/003/002/d00006095.html,,,,〇,施設開設時間,館内一部
世田谷区,代沢まちづくりセンター,世田谷区代沢5-1-15,https://www.city.setagaya.lg.jp/mokuji/kusei/012/001/003/002/d00006096.html,,,,〇,施設開設時間,館内一部
世田谷区,新代田まちづくりセンター,世田谷区羽根木1-6-14,https://www.city.setagaya.lg.jp/mokuji/kusei/012/001/003/002/d00006097.html,,,,〇,施設開設時間,館内一部
世田谷区,松原まちづくりセンター,世田谷区松原5-43-28,https://www.city.setagaya.lg.jp/mokuji/kusei/012/001/003/002/d00006098.html,,,,〇,施設開設時間,館内一部
世田谷区,松沢まちづくりセンター,世田谷区赤堤5-31-5,https://www.city.setagaya.lg.jp/mokuji/kusei/012/001/003/002/d00006099.html,,,,〇,施設開設時間,館内一部
世田谷区,代田区民センター,世田谷区代田6-34-13,https://www.city.setagaya.lg.jp/mokuji/kusei/012/002/002/d00004102.html,,,,〇,施設開設時間,館内一部
世田谷区,代沢地区会館,世田谷区代沢5-8-19,https://www.city.setagaya.lg.jp/mokuji/kusei/012/002/003/002/d00004126.html,,,,〇,施設開設時間,館内一部
世田谷区,北沢地区会館,世田谷区北沢3-3-10,https://www.city.setagaya.lg.jp/mokuji/kusei/012/002/003/002/d00004127.html,,,,〇,施設開設時間,館内一部
世田谷区,池之上青少年交流センター,世田谷区代沢2-37-18,https://www.city.setagaya.lg.jp/mokuji/kusei/012/008/005/d00004224.html,,,,〇,施設開設時間,館内一部
世田谷区,保健医療福祉総合プラザ,世田谷区松原6-37-10,https://www.city.setagaya.lg.jp/mokuji/fukushi/003/008/003/d00184839.html,,,,〇,施設開設時間,館内一部
世田谷区,さくら花見堂,世田谷区代田1-13-14,https://hanamido.net/,,,,〇,施設開設時間,館内一部
世田谷区,玉川総合支所,世田谷区等-力3-4-1,https://www.city.setagaya.lg.jp/mokuji/kusei/012/001/001/d00006087.html,,,,〇,施設開設時間,館内一部
世田谷区,用賀まちづくりセンター,世田谷区用賀2-29-22,https://www.city.setagaya.lg.jp/mokuji/kusei/012/001/003/003/d00146868.html,,,,〇,施設開設時間,館内一部
世田谷区,玉川ボランティアビューロー,世田谷区玉川2-1-15,https://www.city.setagaya.lg.jp/mokuji/kurashi/007/010/001/d00005015.html,,,,〇,施設開設時間,館内一部
世田谷区,二子玉川まちづくりセンター,世田谷区玉川4-4-5,https://www.city.setagaya.lg.jp/mokuji/kusei/012/001/003/003/d00165320.html,,,,〇,施設開設時間,館内一部
世田谷区,奥沢まちづくりセンター,世田谷区奥沢3-15-7,https://www.city.setagaya.lg.jp/mokuji/kusei/012/001/003/003/d00006103.html,,,,〇,施設開設時間,館内一部
世田谷区,九品仏まちづくりセンター,世田谷区奥沢7-35-4,https://www.city.setagaya.lg.jp/mokuji/kusei/012/001/003/003/d00006104.html,,,,〇,施設開設時間,館内一部
世田谷区,上野毛まちづくりセンター,世田谷区中町2-33-11,https://www.city.setagaya.lg.jp/mokuji/kusei/012/001/003/003/d00006105.html,,,,〇,施設開設時間,館内一部
世田谷区,深沢まちづくりセンター,世田谷区駒沢4-33-12,https://www.city.setagaya.lg.jp/mokuji/kusei/011/001/001/d00006106.html,,,,〇,施設開設時間,館内一部
世田谷区,奥沢区民センター(本館),世田谷区奥沢3-31-6,https://www.city.setagaya.lg.jp/mokuji/kusei/012/002/002/d00004103.html,,,,〇,施設開設時間,館内一部
世田谷区,玉川台区民センター,世田谷区玉川台1-6-15,https://www.city.setagaya.lg.jp/mokuji/kusei/012/002/002/d00004104.html,,,,〇,施設開設時間,館内一部
世田谷区,深沢区民センター,世田谷区深沢4-33-11,https://www.city.setagaya.lg.jp/mokuji/kusei/012/002/002/d00004105.html,,,,〇,施設開設時間,館内一部
世田谷区,尾山台地区会館,世田谷区等-力2-17-14,https://www.city.setagaya.lg.jp/mokuji/kusei/012/002/003/003/d00004135.html,,,,〇,施設開設時間,館内一部
世田谷区,駒沢地区会館,世田谷区駒沢3-13-5,https://www.city.setagaya.lg.jp/mokuji/kusei/012/002/003/003/d00004142.html,,,,〇,施設開設時間,館内一部
世田谷区,尾山台地域体育館,世田谷区尾山台3-19-3,https://www.city.setagaya.lg.jp/mokuji/kusei/012/013/001/d00004061.html,,,,〇,施設開設時間,館内一部
世田谷区,野毛青少年交流センター,世田谷区野毛2-15-19,https://www.city.setagaya.lg.jp/mokuji/kusei/012/008/005/d00131824.html,,,,〇,施設開設時間,館内一部
世田谷区,エコプラザ用賀,世田谷区用賀4-7-1,https://www.city.setagaya.lg.jp/mokuji/kurashi/004/015/001/d00121099.html,,,,〇,施設開設時間,館内一部
世田谷区,砧総合支所(1階・3階),世田谷区成城6-2-1,https://www.city.setagaya.lg.jp/mokuji/kusei/012/001/001/d00006088.html,,,,〇,施設開設時間,館内一部
世田谷区,世田谷区社会福祉協議会,世田谷区成城6-3-10、成城6丁目事務所棟4階,https://www.city.setagaya.lg.jp/mokuji/kusei/012/010/002/d00004869.html,,,,〇,施設開設時間,館内一部
世田谷区,祖師谷まちづくりセンター,世田谷区祖師谷4-1-23,https://www.city.setagaya.lg.jp/mokuji/kusei/012/001/003/004/d00006108.html,,,,〇,施設開設時間,館内一部
世田谷区,成城まちづくりセンター,世田谷区成城6-3-10、成城6丁目事務所棟1階,https://www.city.setagaya.lg.jp/mokuji/kusei/012/001/003/004/d00146838.html,,,,〇,施設開設時間,館内一部
世田谷区,船橋まちづくりセンター,世田谷区船橋4-3-2,https://www.city.setagaya.lg.jp/mokuji/kusei/012/001/003/004/d00006109.html,,,,〇,施設開設時間,館内一部
世田谷区,喜多見まちづくりセンター,世田谷区喜多見5-11-10,https://www.city.setagaya.lg.jp/mokuji/kusei/012/001/003/004/d00006110.html,,,,〇,施設開設時間,館内一部
世田谷区,砧まちづくりセンター,世田谷区砧5-8-18,https://www.city.setagaya.lg.jp/mokuji/kusei/012/001/003/004/d00006111.html,,,,〇,施設開設時間,館内一部
世田谷区,鎌田区民センター,世田谷区鎌田3-35-1,https://www.city.setagaya.lg.jp/mokuji/kusei/012/002/002/d00004106.html,,,,〇,施設開設時間,館内一部
世田谷区,リサイクル千歳台,世田谷区千歳台1-1-5,https://www.city.setagaya.lg.jp/mokuji/kurashi/004/015/001/d00121099.html,,,,〇,施設開設時間,館内一部
世田谷区,千歳温水プール1階ロビー,世田谷区船橋7-9-1,https://www.city.setagaya.lg.jp/mokuji/kusei/012/013/002/d00004059.html,,,,〇,施設開設時間,館内一部
世田谷区,総合運動場体育館地下1階ロビー,世田谷区大蔵4-6-1,https://www.city.setagaya.lg.jp/mokuji/kusei/012/013/001/d00004057.html,,,,〇,施設開設時間,館内一部
世田谷区,総合運動場温水プール1階ロビー,世田谷区大蔵4-6-1,https://www.city.setagaya.lg.jp/mokuji/kusei/012/013/001/d00004057.html,,,,〇,施設開設時間,館内一部
世田谷区,大蔵第二運動場1階ロビー,世田谷区大蔵4-7-1,https://www.city.setagaya.lg.jp/mokuji/bunka/003/002/001/d00026841.html,,,,〇,施設開設時間,館内一部
世田谷区,希望丘複合施設1階エントランス,世田谷区船橋6-25-1,https://www.city.setagaya.lg.jp/mokuji/kusei/012/002/004/004/d00004182.html,,,,〇,施設開設時間,館内一部
世田谷区,福祉ショップ　「フェリーチェ」,喜多見９－２－３３,https://www.city.setagaya.lg.jp/02084/2840.html,,,,〇,施設開設時間,館内一部
世田谷区,烏山総合支所,世田谷区南烏山6-22-14,https://www.city.setagaya.lg.jp/mokuji/kusei/012/001/001/d00006089.html,,,,〇,施設開設時間,館内一部
世田谷区,烏山総合支所分室,世田谷区南烏山6-28-6-1F,https://www.city.setagaya.lg.jp/mokuji/sumai/003/002/005/d00209368.html,,,,〇,施設開設時間,館内一部
世田谷区,上北沢まちづくりセンター,世田谷区上北沢4-32-9,https://www.city.setagaya.lg.jp/mokuji/kusei/012/001/003/005/d00006113.html,,,,〇,施設開設時間,館内一部
世田谷区,烏山ボランティアビューロー,世田谷区上祖師谷1-11-14,https://www.city.setagaya.lg.jp/mokuji/kurashi/007/010/001/d00005015.html,,,,〇,施設開設時間,館内一部
世田谷区,上祖師谷まちづくりセンター,世田谷区上祖師谷2-7-6,https://www.city.setagaya.lg.jp/mokuji/kusei/012/001/003/005/d00006114.html,,,,〇,施設開設時間,館内一部
世田谷区,烏山区民センター,世田谷区南烏山6-2-19,https://www.city.setagaya.lg.jp/mokuji/kusei/012/002/002/d00004109.html,,,,〇,施設開設時間,館内一部
世田谷区,上北沢区民センター,世田谷区上北沢3-8-9,https://www.city.setagaya.lg.jp/mokuji/kusei/012/002/002/d00004107.html,,,,〇,施設開設時間,館内一部
世田谷区,粕谷区民センター,世田谷区粕谷4-13-6,https://www.city.setagaya.lg.jp/mokuji/kusei/012/002/002/d00004108.html,,,,〇,施設開設時間,館内一部
世田谷区,上北沢地区会館,世田谷区上北沢2-1-3,https://www.city.setagaya.lg.jp/mokuji/kusei/012/002/003/005/d00004154.html,,,,〇,施設開設時間,館内一部
世田谷区,ぶんぶくテラマチ(寺町通り区民集会所),世田谷区北烏山5-1-4,https://www.city.setagaya.lg.jp/mokuji/kusei/012/002/004/005/d00004188.html,,,,〇,施設開設時間,館内一部
世田谷区,トヨタモビリティ東京（株）上馬店,世田谷区上馬4-2-10,https://www.toyota-mobi-tokyo.co.jp/shop/12C,,,,〇,施設開設時間,館内一部
世田谷区,トヨタモビリティ東京（株）若林淡島通り店,世田谷区若林2-35-11,https://www.toyota-mobi-tokyo.co.jp/shop/12J,,,,〇,施設開設時間,館内一部
世田谷区,トヨタモビリティ東京（株）世田谷桜丘店,世田谷区桜丘4-14-1,https://www.toyota-mobi-tokyo.co.jp/shop/12G,,,,〇,施設開設時間,館内一部
世田谷区,トヨタモビリティ東京（株）U-Car成城店,世田谷区喜多見7-34-27,https://www.toyota-mobi-tokyo.co.jp/shop/12N,,,,〇,施設開設時間,館内一部
世田谷区,トヨタモビリティ東京（株）成城店,世田谷区千歳台3-19-22,https://www.toyota-mobi-tokyo.co.jp/shop/12D,,,,〇,施設開設時間,館内一部
世田谷区,トヨタモビリティ東京（株）深沢店,世田谷区深沢5-12-20,https://www.toyota-mobi-tokyo.co.jp/shop/12A/,,,,〇,施設開設時間,館内一部
世田谷区,トヨタモビリティ東京（株）瀬田店,世田谷区玉川台1-8-6,https://www.toyota-mobi-tokyo.co.jp/shop/12H,,,,〇,施設開設時間,館内一部
世田谷区,トヨタモビリティ東京（株）世田谷用賀店,世田谷区用賀2-2-2,https://www.toyota-mobi-tokyo.co.jp/shop/12K,,,,〇,施設開設時間,館内一部
世田谷区,トヨタモビリティ東京（株）烏山店,世田谷区給田4-1-1,https://www.toyota-mobi-tokyo.co.jp/shop/12F,,,,〇,施設開設時間,館内一部
世田谷区,トモズ薬局三軒茶屋店,三軒茶屋1-39-7,https://shop.tomods.jp/detail/192/,,,,〇,施設開設時間,館内一部
世田谷区,トモズ薬局上馬店,上馬3-6-11,https://shop.tomods.jp/detail/189/,,,,〇,施設開設時間,館内一部
世田谷区,トモズ薬局等々力北口店,等々力3-5-2,https://shop.tomods.jp/detail/156/,,,,〇,施設開設時間,館内一部
世田谷区,トモズ薬局等々力南口店,等々力2-32-14,https://shop.tomods.jp/detail/140/,,,,〇,施設開設時間,館内一部
世田谷区,トモズ薬局上野毛店,中町2-23-10,https://shop.tomods.jp/detail/94/,,,,〇,施設開設時間,館内一部
世田谷区,玉川高島屋S・C,玉川3-17-1,https://www.takashimaya.co.jp/tamagawa/sc/,,,,〇,施設開設時間,館内一部
世田谷区,蘆花恒春園,世田谷区粕谷1-20-1,https://www.tokyo-park.or.jp/park/rokakoshun-en/,〇,涼しい館内で徳冨蘆花に関する資料をご覧いただけます、開館時間9:00～16:00,10名,〇,涼しい館内で徳冨蘆花に関する資料をご覧いただけます  開館時間9:00～16:00,蘆花記念館
世田谷区,駒沢オリンピック公園総合運動場,世田谷区駒沢公園1-1,https://www.tef.or.jp/kopgp/,,,,〇,"開館時間8:15～19:00
※休館日はご利用いただけません。
・混雑時は入場できないこともございます。
・冷房設備はございません。",サービスセンター入口
世田谷区,駒沢オリンピック公園,世田谷区駒沢公園1-1,https://www.tokyo-park.or.jp/park/komazawa-olympic/,,,,〇,"※水遊びができる屋外のスポットで、屋内施設ではありません。
未定、※電力ひっ迫時は運用を停止する可能性があります。",じゃぶじゃぶ池
世田谷区,昇進会ふれあいステーション,世田谷区祖師谷2-3-11,https://www.ulsho.com/friendship-station/,,,,〇,"平日：月・水・木（16:00～17:00）／火・金（15:00～17:00）
土日祝：11:00～17:00",事務所1F部分
世田谷区,ほっとステーション,世田谷区経堂2-2-11,,,,,〇,10:30～16:30（原則）,
世田谷区,ハートフル街の駅,世田谷区経堂1-6-10木原ビル1F,,,,,〇,12:00～18:00,
世田谷区,しもたかステーション,世田谷区松原3-30-12,https://www.shimotaka.or.jp/activity/station,,,,〇,10:00～18:00（水・日休み）,
世田谷区,烏山まちづくりセンター,世田谷区南烏山6-4-26-4F,https://www.city.setagaya.lg.jp/01052/8526.html,,,,〇,施設開設時間,館内一部
渋谷区,渋谷区役所,渋谷区宇田川町1-1,https://www.city.shibuya.tokyo.jp/,〇,平日8:30～17:15,18名,〇,平日8:30～17:15,2F 吹き抜け
渋谷区,渋谷区スポーツセンター,渋谷区西原1丁目40-18,https://shibspo.com,〇,"9:00～20:00
(第1・第3月曜休館)",椅子12名程度、別途、一次対応は可,〇,"9:00～20:00
(第1・第3月曜休館)",館内各所
渋谷区,ひがし健康プラザ,渋谷区東3丁目14-13,https://shisetsu.mizuno.jp/m-7610-1,〇,"9:00～20:00
(第1・第3火曜休館)",20名（観覧席ベンチ）,〇,"9:00～20:00
(第1・第3火曜休館)",館内各所
渋谷区,代官山スポーツプラザ,渋谷区代官山町17-9,https://shisetsu.mizuno.jp/m-7610-2,〇,"9:00～20:00
(第2・第4月曜休館)",20名,〇,"9:00～20:00
(第2・第4月曜休館)",館内各所
渋谷区,渋谷生涯活躍ネットワーク・シブカツ,渋谷区渋谷2‐21‐1　渋谷ヒカリエ8階,https://www.shibuya-shibukatsu.jp/,〇,"平日11:00～19:00
（土曜9:00～17:00／日祝不可）",10名,,,
渋谷区,新橋区民施設,渋谷区恵比寿1-27-10,https://www.city.shibuya.tokyo.jp/shisetsu/kuyakusho/shutchojo/shinbashi_shutchojo.html,〇,開館時間内,48名,〇,開館時間内,出張所客溜り・B1ロビー
渋谷区,地域交流センター恵比寿,渋谷区恵比寿西2-8-1,https://www.city.shibuya.tokyo.jp/shisetsu/chiiki-shisetsu/koryu-center/koryu_ebisu.html,〇,開館時間内,4名,〇,開館時間内,1Fロビー
渋谷区,氷川区民会館,渋谷区東2-20-18,https://www.city.shibuya.tokyo.jp/shisetsu/chiiki-shisetsu/kumin-kaikan/km_hikawa.html,〇,開館時間内,4名,〇,開館時間内,事務室前フロア-
渋谷区,リフレッシュ氷川,渋谷区東1-26-23,https://www.city.shibuya.tokyo.jp/shisetsu/chiiki-shisetsu/hikawa/hikawa.html,〇,開館時間内,6名,〇,開館時間内,1Fロビー
渋谷区,地域交流センター大向,渋谷区松濤1-26-6,https://www.city.shibuya.tokyo.jp/shisetsu/chiiki-shisetsu/koryu-center/koryu_omukai.html,〇,開館時間内,4名,〇,開館時間内,1Fロビー
渋谷区,上原区民施設,渋谷区上原1-18-6,https://www.city.shibuya.tokyo.jp/shisetsu/kuyakusho/shutchojo/uehara_shutchojo.html,〇,開館時間内,6名,〇,開館時間内,出張所客溜り・3F事務室前
渋谷区,西原出張所,渋谷区西原2-28-9,https://www.city.shibuya.tokyo.jp/shisetsu/kuyakusho/shutchojo/nishihara_shutchojo.html,〇,開館時間内,6名,〇,開館時間内,出張所客溜り
渋谷区,地域交流センター西原,渋谷区西原2-26-7,https://www.city.shibuya.tokyo.jp/shisetsu/chiiki-shisetsu/koryu-center/koryu_nishihara.html,〇,開館時間内,2名,〇,開館時間内,1Fロビー
渋谷区,初台出張所,渋谷区初台1-33-10,https://www.city.shibuya.tokyo.jp/shisetsu/kuyakusho/shutchojo/hatsudai_shutchojo.html,〇,開館時間内,7名,〇,開館時間内,出張所客溜り
渋谷区,地域交流センター代々木,渋谷区代々木3-51-8,https://www.city.shibuya.tokyo.jp/shisetsu/chiiki-shisetsu/koryu-center/koryu_yoyogi.html,〇,開館時間内,2名,〇,開館時間内,B1事務室前
渋谷区,地域交流センター二軒家,渋谷区本町3-35-4,https://www.city.shibuya.tokyo.jp/shisetsu/chiiki-shisetsu/koryu-center/koryu_nikenya.html,〇,開館時間内,6名,〇,開館時間内,ロビー
渋谷区,笹塚出張所,渋谷区笹塚3-1-9,https://www.city.shibuya.tokyo.jp/shisetsu/kuyakusho/shutchojo/sasazuka_shutchojo.html,〇,開館時間内,11名,〇,開館時間内,出張所客溜り
渋谷区,幡ヶ谷区民会館,渋谷区幡ヶ谷3-4-1,https://www.city.shibuya.tokyo.jp/shisetsu/chiiki-shisetsu/kumin-kaikan/km_hatagaya.html,〇,開館時間内,3名,〇,開館時間内,事務室前ロビー
渋谷区,地域交流センター笹塚,渋谷区笹塚1-27-1,https://www.city.shibuya.tokyo.jp/shisetsu/chiiki-shisetsu/koryu-center/koryu_sasazuka.html,〇,開館時間内,4名,〇,開館時間内,3Fロビー
渋谷区,千駄ヶ谷出張所,渋谷区千駄ヶ谷4-25-14,https://www.city.shibuya.tokyo.jp/shisetsu/kuyakusho/shutchojo/sendagaya_shutchojo.html,〇,開館時間内,6名,〇,開館時間内,出張所客溜り
渋谷区,地域交流センター代々木の杜,渋谷区代々木2-35-1,https://www.city.shibuya.tokyo.jp/shisetsu/chiiki-shisetsu/koryu-center/koryu_yoyogimori.html,〇,開館時間内,3名,〇,開館時間内,1F玄関ロビー
渋谷区,神宮前区民施設,渋谷区神宮前6-10-14,https://www.city.shibuya.tokyo.jp/shisetsu/kuyakusho/shutchojo/jingumae_shutchojo.html,〇,開館時間内,5名,〇,開館時間内,出張所客溜り・センター内
渋谷区,YCC代々木八幡コミュニティセンター,渋谷区代々木5-1-15,https://www.city.shibuya.tokyo.jp/shisetsu/chiiki-shisetsu/kumin-shisetsu/yoyogi_newkumin.html,〇,開館時間内,9名,〇,開館時間内,1Fロビー・2Fロビー
渋谷区,SCC千駄ケ谷コミュニティセンター,渋谷区神宮前1-1-10,https://www.city.shibuya.tokyo.jp/shisetsu/chiiki-shisetsu/kumin-shisetsu/scc_sendagaya.html,〇,開館時間内,28名,〇,開館時間内,1Fコミュニティスペース
渋谷区,本町コミュニティセンター,渋谷区本町4-39-1,https://shibuya-hcc.com/,〇,開館時間内,10名,〇,開館時間内,１Fロビー
渋谷区,西原敬老館,渋谷区西原2-35-12,https://www.city.shibuya.tokyo.jp/shisetsu/iryo-fukushi-shisetsu/koreisha-shisetsu/nishihara.html,〇,10:00～16:00 日曜休み,3名,〇,10:00～16:00 日曜休み,1階和室
渋谷区,初台敬老館,渋谷区初台1-9-8,https://www.city.shibuya.tokyo.jp/shisetsu/iryo-fukushi-shisetsu/koreisha-shisetsu/hatsudai.html,〇,10:00～16:00 日曜休み,3名,〇,10:00～16:00 日曜休み,1階休憩室、1階和室(和室は未使用時に限り利用可)
渋谷区,千駄ヶ谷敬老館,渋谷区千駄ヶ谷1-1-7,https://www.city.shibuya.tokyo.jp/shisetsu/iryo-fukushi-shisetsu/koreisha-shisetsu/sendagaya.html,〇,10:00～16:00 日曜休み,3名,〇,10:00～16:00 日曜休み,2階和室
渋谷区,はつらつセンター幡ヶ谷,渋谷区幡ヶ谷2-19-14,https://www.city.shibuya.tokyo.jp/shisetsu/chiiki-shisetsu/hatsuratsu-center/k_hatagaya.html,〇,10:00～16:00 木曜休み,3名,〇,10:00～16:00 木曜休み,1階憩い室
渋谷区,はつらつセンター富ヶ谷,渋谷区富ヶ谷2-27-12,https://www.city.shibuya.tokyo.jp/shisetsu/chiiki-shisetsu/hatsuratsu-center/k_tomigaya.html,〇,10:00～16:00 金曜休み,2名,〇,10:00～16:00 金曜休み,1階ロビー、3階憩い室
渋谷区,はつらつセンター参宮橋,渋谷区代々木4-4-1,https://www.city.shibuya.tokyo.jp/shisetsu/chiiki-shisetsu/hatsuratsu-center/k_sangubashi.html,〇,10:00～16:00 月曜休み,4名,〇,10:00～16:00 月曜休み,2階ロビー
渋谷区,はつらつセンターケアステーション本町,渋谷区本町2-9-17,https://www.city.shibuya.tokyo.jp/shisetsu/chiiki-shisetsu/hatsuratsu-center/station_honmachi.html,〇,10:00～16:00 日曜休み,1名,〇,10:00～16:00 日曜休み,1階ロビー
渋谷区,総合ケアコミュニティ・せせらぎ,渋谷区西原1-40-10,https://www.city.shibuya.tokyo.jp/shisetsu/iryo-fukushi-shisetsu/kaigo-shisetsu/seseragi.html,〇,10:00～17:00 月曜休み,10名,〇,10:00～17:00 月曜休み,2階エントランス、情報コーナー
渋谷区,美竹の丘・しぶや,渋谷区渋谷1-18-9,https://www.city.shibuya.tokyo.jp/shisetsu/iryo-fukushi-shisetsu/kaigo-shisetsu/mitake_oka.html,〇,10:00～16:00 月曜休み,15名,〇,10:00～16:00 月曜休み,1階エントランス、2階ロビー
渋谷区,東京ウィメンズプラザ,渋谷区神宮前5-53-67,https://www.twp.metro.tokyo.lg.jp/,〇,月曜日から土曜日まで9:00～21:00(図書資料室は20:00まで)、日曜日及び休日9:00～17:00、休館日:7月第３日曜日、12/29～1/3及び毎月第3水曜日等,130名,〇,月曜日から土曜日9:00～21:00(図書資料室は20:00まで)、日曜日及び休日9:00～17:00、休館日:7月第３日曜日、12/29～1/3及び毎月第3水曜日,1Fエントランス、図書資料室、交流コーナー
渋谷区,東京体育館,渋谷区千駄ヶ谷1-17-1,https://www.tef.or.jp/tmg/index.html,〇,"(平日)9:00～23:00、(土曜日)9:00～22:00、(日曜日・祝日)9:00～21:00、
※休館日はご利用いただけません、",50名,〇,"(平日)9:00～23:00、(土曜日)9:00～22:00、(日曜日・祝日)9:00～21:00、
※休館日はご利用いただけません、",(サブアリーナ棟)エントランスホール
渋谷区,東京都渋谷公園通りギャラリー,渋谷区神南1-19-8,https://inclusion-art.jp/,,,,〇,"11:00～19:00
休館日:月曜日(祝日の場合は翌平日)、年末年始、展示替期間",展示室(無料)
渋谷区,地域交流センター本町,渋谷区本町6-6-2,https://www.city.shibuya.tokyo.jp/shisetsu/chiiki-shisetsu/koryu-center/koryu_honmachi.html,〇,開館時間内,4名,〇,開館時間内,B1F事務室前ロビー
渋谷区,勤労福祉会館,渋谷区神南1-19-8,https://www.city.shibuya.tokyo.jp/shisetsu/shuro/kinro/kinro.html,〇,"9:00～21:00
休業日：月曜日、第2日曜日、年末年始(12月29日～1月3日)",5名,,,
渋谷区,商工会館・消費者センター,渋谷区渋谷1-12-5,https://www.city.shibuya.tokyo.jp/shisetsu/shuro/shoko/shoko.html,〇,"9:00～21:00（土曜日は17:00まで）
休館日 日曜日 第2・4土曜日 祝・休日 年末年始(12月29日～1月3日)",8名,〇,開館時間内,1階エントランス、2階資料コーナー
渋谷区,中央図書館,渋谷区神宮前1-4-1,https://www.lib.city.shibuya.tokyo.jp/index.html,,,,〇,開館時間,館内各所
渋谷区,こもれび大和田図書館,渋谷区桜丘町23-21,https://www.lib.city.shibuya.tokyo.jp/index.html,,,,〇,開館時間,館内各所
渋谷区,西原図書館,渋谷区西原2-28-9,https://www.lib.city.shibuya.tokyo.jp/index.html,,,,〇,開館時間,館内各所
渋谷区,富ヶ谷図書館,渋谷区上原1-46-2,https://www.lib.city.shibuya.tokyo.jp/index.html,,,,〇,開館時間,館内各所
渋谷区,笹塚図書館,渋谷区笹塚1-47-1,https://www.lib.city.shibuya.tokyo.jp/index.html,,,,〇,開館時間,館内各所
渋谷区,本町図書館,渋谷区本町1-33-5,https://www.lib.city.shibuya.tokyo.jp/index.html,,,,〇,開館時間,館内各所
渋谷区,臨川みんなの図書館,渋谷区広尾1-9-17,https://www.lib.city.shibuya.tokyo.jp/index.html,,,,〇,開館時間,館内各所
渋谷区,代々木図書館,渋谷区代々木3-51-8,https://www.lib.city.shibuya.tokyo.jp/index.html,,,,〇,開館時間,館内各所
渋谷区,笹塚こども図書館,渋谷区笹塚3-3-1,https://www.lib.city.shibuya.tokyo.jp/index.html,,,,〇,開館時間,館内各所
渋谷区,恵比寿西二丁目地域包括支援センター,渋谷区恵比寿西2-13-5,https://www.city.shibuya.tokyo.jp/shisetsu/iryo-fukushi-shisetsu/chiiki-center/ebisunisi_nityome_sien.html,〇,9:00～19:00 日曜 祝日除く,4名,〇,開館時間内,面接室
渋谷区,笹幡地域包括支援センター,幡ヶ谷2-42-15,https://www.city.shibuya.tokyo.jp/shisetsu/iryo-fukushi-shisetsu/chiiki-center/sasahata_sien.html,〇,9:00～17:00 日曜 祝日除く,5名,〇,9:00～17:00 日曜 祝日除く,カフェスペース
渋谷区,豊沢・新橋地域包括支援センター,恵比寿2-27-18,https://www.city.shibuya.tokyo.jp/shisetsu/iryo-fukushi-shisetsu/chiiki-center/toyosawa_sinbasi_sien.html,〇,9:00～19:00 日曜 祝日除く,6名,〇,開館時間内,相談室
渋谷区,ひがし健康プラザ地域包括支援センター,東3-14-13,https://www.city.shibuya.tokyo.jp/shisetsu/iryo-fukushi-shisetsu/chiiki-center/higasi_puraza_sien.html,〇,9:00～19:00 日曜 祝日除く,5名,〇,開館時間内,ひがし健康プラザ1階
渋谷区,渋谷駅東口地下広場　パウダールーム,渋谷2-23,https://shibuyaplusfun.com/news/detail/?cd=000255,,,,〇,始発～終電,パウダールーム内給水機
中野区,中野区立歴史民俗資料館,中野区江古田四丁目３-４,https://www.city.tokyo-nakano.lg.jp/kurashi/bunka/manabu/rekishiminzoku/index.html,,,,〇,"受付時間：9:00～17:00（入館は16:30まで）
休館日：月曜日・第3日曜日・年末年始（12/28～1/4）",館内各所（飲食不可）
中野区,なかのＺＥＲＯ(中野区もみじ山文化センター）,中野区中野二丁目９-７,https://www.city.tokyo-nakano.lg.jp/shisetsu/bunka/hole/zero.html?path=C285/C288/C289/P2863,,,,〇,9:00～22:00,本館１階生涯学習コーナー
中野区,産業振興センター,中野区中野２丁目１３－１４,https://nakano-sangyoushinkou.jp/,,,,〇,9:00～21:30,情報交換・交流スペース、飲食スペース
中野区,中野区立総合体育館,中野区新井3-37-78,https://information.konamisportsclub.jp/trust/nakano/,,,,〇,"開館時間：6:45～22:30
休館日：年末年始（12月29日～1月3日）、第2月曜日（その日が休日の場合、直後の休日でない日）",１F受付前、平和資料展示室
中野区,中野区立平和の森公園,中野区新井三丁目37番,https://information.konamisportsclub.jp/trust/nakano/heiwanomorikoen/,,,,〇,"GW～9月末（予定）
10:00～16:30",水遊び場
中野区,南中野区民活動センター,中野区弥生町5-5-2,https://www.city.tokyo-nakano.lg.jp/shisetsu/kuyakusho/kumin-center/minaminakano.html,〇,9:00～17:00,23名,〇,毎日9:00～17:00,館内ロビー
中野区,弥生区民活動センター,中野区弥生町1-58-14,https://www.city.tokyo-nakano.lg.jp/shisetsu/kuyakusho/kumin-center/yayoi.html,〇,9:00～17:00,18名,〇,毎日9:00～17:00,館内ロビー
中野区,東部区民活動センター,中野区中央2-18-21,https://www.city.tokyo-nakano.lg.jp/shisetsu/kuyakusho/kumin-center/toubu.html,〇,9:00～17:00,4名,〇,毎日9:00～17:00,館内ロビー
中野区,鍋横区民活動センター,中野区本町5-47-13,https://www.city.tokyo-nakano.lg.jp/shisetsu/kuyakusho/kumin-center/nabeyoko.html,〇,9:00～17:00,20名,〇,毎日9:00～17:00,館内ロビー
中野区,桃園区民活動センター,中野区中央4-57-1,https://www.city.tokyo-nakano.lg.jp/shisetsu/kuyakusho/kumin-center/momozono.html,〇,9:00～17:00,20名,〇,毎日9:00～17:00,館内ロビー
中野区,昭和区民活動センター,中野区中野5-4-7,https://www.city.tokyo-nakano.lg.jp/shisetsu/kuyakusho/kumin-center/syouwa.html,〇,9:00～17:00,6名,〇,毎日9:00～17:00,館内ロビー
中野区,東中野区民活動センター,中野区東中野5-27-5,https://www.city.tokyo-nakano.lg.jp/shisetsu/kuyakusho/kumin-center/higashinakano.html,〇,9:00～17:00,20名,〇,毎日9:00～17:00,館内ロビー
中野区,上高田区民活動センター,中野区上高田2-11-1,https://www.city.tokyo-nakano.lg.jp/shisetsu/kuyakusho/kumin-center/kamitakada.html,〇,9:00～17:00,50名,〇,毎日9:00～17:00,館内ロビー
中野区,新井区民活動センター,中野区新井3-11-4,https://www.city.tokyo-nakano.lg.jp/shisetsu/kuyakusho/kumin-center/arai.html,〇,9:00～17:00,20名,〇,毎日9:00～17:00,館内ロビー
中野区,江古田区民活動センター,中野区江原町2-3-15,https://www.city.tokyo-nakano.lg.jp/shisetsu/kuyakusho/kumin-center/ekoda.html,〇,9:00～17:00,8名,〇,毎日9:00～17:00,館内ロビー
中野区,沼袋区民活動センター,中野区沼袋2-40-18,https://www.city.tokyo-nakano.lg.jp/shisetsu/kuyakusho/kumin-center/numabukuro.html,〇,9:00～17:00,10名,〇,毎日9:00～17:00,館内ロビー
中野区,野方区民活動センター,中野区野方5-3-1,https://www.city.tokyo-nakano.lg.jp/shisetsu/kuyakusho/kumin-center/nogata.html,〇,9:00～17:00,14名,〇,毎日9:00～17:00,館内ロビー
中野区,大和区民活動センター,中野区大和町2-44-6,https://www.city.tokyo-nakano.lg.jp/shisetsu/kuyakusho/kumin-center/yamato.html,〇,9:00～17:00（水曜日以外）,18名,〇,毎日9:00～17:00（水曜日を除く）,館内ロビー
中野区,鷺宮区民活動センター,中野区鷺宮3-22-5,https://www.city.tokyo-nakano.lg.jp/shisetsu/kuyakusho/kumin-center/saginomiya.html,〇,平日9:00～17:00,4名,〇,平日9:00～17:00,館内ロビー
中野区,上鷺宮区民活動センター,中野区上鷺宮3-7-6,https://www.city.tokyo-nakano.lg.jp/shisetsu/kuyakusho/kumin-center/kamisaginomiya.html,〇,9:00～17:00,7名,〇,毎日9:00～17:00,館内ロビー
中野区,健幸プラザ南部,中野区南台5-27-24,https://www.city.tokyo-nakano.lg.jp/shisetsu/kenko/koureisya-kaikan/nanbu.html,,,,〇,平日9:00～17:00,館内各所
中野区,健幸プラザしんやまの家,中野区南台4-25-1,https://www.city.tokyo-nakano.lg.jp/shisetsu/kenko/koureisya-kaikan/shinyama.html,,,,〇,平日9:00～17:00,館内各所
中野区,健幸プラザ本一,中野区本町1-7-6,https://www.city.tokyo-nakano.lg.jp/shisetsu/kenko/koureisya-kaikan/honichi.html,,,,〇,平日9:00～17:00,館内各所
中野区,健幸プラザ東部,中野区中央2-18-21,https://www.city.tokyo-nakano.lg.jp/shisetsu/kenko/koureisya-kaikan/miyazono.html,,,,〇,平日9:00～17:00,館内各所
中野区,健幸プラザ昭和,中野区東中野3-19-18,https://www.city.tokyo-nakano.lg.jp/shisetsu/kenko/koureisya-kaikan/syouwa.html,,,,〇,平日9:00～17:00,館内各所
中野区,健幸プラザ東中野いこいの家,中野区東中野4-9-22-201,https://www.city.tokyo-nakano.lg.jp/shisetsu/kenko/koureisya-kaikan/higashinakano.html,,,,〇,平日9:00～17:00,館内各所
中野区,健幸プラザ上高田二丁目公園,中野区上高田2-8-11,https://www.city.tokyo-nakano.lg.jp/shisetsu/kenko/koureisya-kaikan/kamitakada.html,,,,〇,平日9:00～17:00,館内各所
中野区,健幸プラザみどり館上高田,中野区上高田4-17-3,https://www.city.tokyo-nakano.lg.jp/shisetsu/kenko/koureisya-kaikan/midorikan-kamitakada.html,,,,〇,平日9:00～17:00,館内各所
中野区,健幸プラザ沼袋,中野区沼袋1-34-14,https://www.city.tokyo-nakano.lg.jp/shisetsu/kenko/koureisya-kaikan/numabukuro.html,,,,〇,平日9:00～17:00,館内各所
中野区,健幸プラザ野方,中野区野方2-29-12,https://www.city.tokyo-nakano.lg.jp/shisetsu/kenko/koureisya-kaikan/nogata.html,,,,〇,平日9:00～17:00,館内各所
中野区,健幸プラザ東山,中野区野方4-41-7,https://www.city.tokyo-nakano.lg.jp/shisetsu/kenko/koureisya-kaikan/higashiyama.html,,,,〇,平日9:00～17:00,館内各所
中野区,健幸プラザ鷺六,中野区鷺宮6-25-8,https://www.city.tokyo-nakano.lg.jp/shisetsu/kenko/koureisya-kaikan/sagiroku.html,,,,〇,平日9:00～17:00,館内各所
中野区,健幸プラザ白鷺,中野区白鷺2-8-5,https://www.city.tokyo-nakano.lg.jp/shisetsu/kenko/koureisya-kaikan/shirasagi.html,,,,〇,平日9:00～17:00,館内各所
中野区,健幸プラザ若宮いこいの家,中野区若宮1-49-1,https://www.city.tokyo-nakano.lg.jp/shisetsu/kenko/koureisya-kaikan/wakamiya.html,,,,〇,平日9:00～17:00,館内各所
中野区,健幸プラザ若宮,中野区大和町4-51-11,https://www.city.tokyo-nakano.lg.jp/shisetsu/kenko/koureisya-kaikan/wakamiya-kourei.html,,,,〇,平日9:00～17:00,館内各所
中野区,健幸プラザ鷺宮,中野区若宮3-58-10,https://www.city.tokyo-nakano.lg.jp/shisetsu/kenko/koureisya-kaikan/saginomiya.html,,,,〇,平日9:00～17:00,館内各所
中野区,やよいの園,中野区中野3-23-47,https://www.city.tokyo-nakano.lg.jp/shisetsu/kenko/koureisyafukushi/yayoi.html,,,,〇,月～土9:00～17:00,館内各所
中野区,中野三丁目敬老館,中野区中野3-23-47,https://www.city.tokyo-nakano.lg.jp/shisetsu/kenko/koureisyafukushi/nakano3.html,,,,〇,月～土9:00～17:00,館内各所
中野区,松が丘シニアプラザ,中野区松が丘1-32-10,https://www.city.tokyo-nakano.lg.jp/shisetsu/kenko/koureisyafukushi/matsugaoka.html,,,,〇,月～土9:00～17:00,館内各所
中野区,城山ふれあいの家,中野区中野1-20-4,https://www.city.tokyo-nakano.lg.jp/kosodate/kosodatesite_ohirune/mokuteki/odekake/jidokan/jidokan-hp/shiroyama.html#sisetuannai,,,,〇,"月・火・木・土 10:00～18:00
水・金　10:00～19:00
※祝日、年末年始を除く",館内ロビー
中野区,みずの塔ふれあいの家,中野区江古田1-9-24,https://www.city.tokyo-nakano.lg.jp/kosodate/kosodatesite_ohirune/mokuteki/odekake/jidokan/jidokan-hp/mizunoto.html,,,,〇,"月・火・木・土 10:00～18:00
水・金　10:00～19:00
※祝日、年末年始を除く",館内ロビー
中野区,中野区役所本庁舎,中野区中野4-11-19,https://www.city.tokyo-nakano.lg.jp/index.html,〇,"平日8:30～17:00
※イベント 催事等がない場合 ナカノバやシェアノマを利用",10名,〇,"平日8:30～17:00
※イベント 催事等がない場合 ナカノバやシェアノマを利用",1階ナカノバ、シェアノマ
中野区,野方区民活動センター分室,中野区丸山2-24-1-109,https://www.city.tokyo-nakano.lg.jp/shisetsu/kuyakusho/kumin-center/nogata-bunshitsu.html,〇,平日：9:00～17:00,4名,〇,平日9:00～17:00,館内ロビー
中野区,上鷺宮区民活動センター分室,中野区上鷺宮2-4-6,https://www.city.tokyo-nakano.lg.jp/shisetsu/kuyakusho/kumin-center/kamisaginomiya-bunshitsu.html,〇,9:00～17:00,20名,〇,毎日9:00～17:00,オープンルーム
中野区,第二市街地整備事務所,中野区中野1-2-5,https://www.toshiseibi.metro.tokyo.lg.jp/dainiseibi/index.html,,,,〇,"休館日:土・日・休日
利用時間:10:00～16:00、※1階ロビーには管理人等は常駐していませんのでご注意ください",1階ロビー
中野区,"中川薬局
中野本町店",中野区本町6-6-3,,,,,〇,"月～金：9:00～19:00
　　土：8:00～17:00
定休日：日曜日・祝日、年末年始",待合室
中野区,たんぽぽ薬局　野方店,中野区野方6-4-1 ,,〇,"月～土：9:00～19:00
定休日：日曜日・祝日、年末年始",5名,〇,"月～土：9:00～19:00
定休日：日曜日・祝日、年末年始",待合スペース
中野区,グラム調剤薬局 中野店,中野区中野1-4-5 ,,〇,"月～金（水除く）　9:00～19:00
水　9:00～17:00
土　9:00～12:30
定休日　日曜日・祝日",9名,〇,"月～金（水除く）　9:00～19:00
水　9:00～17:00
土　9:00～12:30
定休日　日曜日・祝日",待合室
中野区,ヘアースタジオ　サイトウ,中野区弥生町3-1-9,https://hairsaito.com,,,,〇,水～金：9:00～16:00,待合スペース
中野区,ムラタニ理容室,中野区弥生町3-10-1,,,,,〇,"水～日：9:00～19:00
※定休日
　月・火
　12月31日～1月3日（年末年始）",待合スペース
中野区,"ヘアーサロン
ООＵＣＨＩ",中野区本町2-48-9-107,https//oouchi.com,,,,〇,水～日：10:00～17:00,待合スペース
中野区,ＨＡＩＲ　МＡＫＥ　ＨＥＲОⅡ,中野区本町4-19-12-104,https://hairmake-hero.com,,,,〇,水～金：10:00～17:00,待合スペース
中野区,バーバーチェリークラブ,中野区本町5-48-12-105,,,,,〇,"水～日：10:00～19:00
※定休日
　月・火",待合スペース
中野区,ヘアサロン　ヤマムラ,中野区本町6-14-10,,,,,〇,"水～日：9:00～18:00
※定休日
　年末・年始、夏季休業",待合スペース
中野区,カットルームイシノ,中野区中央1-4-8,https://riyou.jp/shop/85323/,,,,〇,水・木・金:9:00～18:00,待合スペース
中野区,ＣＵＴ ＩＮ ＣОＬОＲ'Ｓ,中野区中央1-40-4渡辺ビル１F,,,,,〇,水～金:9:00～18:00,待合スペース
中野区,"ヘアーサロン
かおる",中野区中央2-17-5,,,,,〇,水～日:10:00～17:00,待合スペース
中野区,ヘアーサロン★シノザキ,中野区中央2-58-19,,,,,〇,水～日:10:00～18:00,待合スペース
中野区,cut room Ts since1910,中野区中央 3-26-1,,,,,〇,水～金:10:00～15:00,待合スペース
中野区,エーブル　シーマン,中野区上高田1-26-3,,,,,〇,水～日:9:00～17:00,待合スペース
中野区,mahoroba,"中野区東中野5-4-7
eastNAKANO　１F　",,,,,〇,月～金:11:00～18:00,待合スペース
中野区,Ｈair＆Ｓpa udagawa,中野区中野5-51-2 ザ・パークハウス中野タワー104,,,,,〇,水～日:11:00～19:00,待合スペース
中野区,カットチーム　ワタベ,中野区上高田1-36-2,,,,,〇,水～日:11:00～19:00,待合スペース
中野区,カネダ理容店,中野区中野5-67-4　中野北口ビル１F,,,,,〇,水～日:11:00～19:00,待合スペース
中野区,理髪マーセル,中野区中野6-17-10,,,,,〇,水～日:10:00～18:00,待合スペース
中野区,ヘアーサロン ギンパリＨＩＲО,中野区江古田4-18-7,ginparihiro.com,,,,〇,"水～日:9:00～18:00
※定休日
　月・火",待合スペース
中野区,Ｈair＆Esthetic　Salon ヴィ,中野区沼袋1-32-1,,,,,〇,"火～金:8:00～19:00
※定休日
　月、第2・3火",待合スペース
中野区,バーバーショップ　スズキ,中野区野方5-3-1 ウィズ104号室,,,,,〇,"水～日:9:00～19:00
※定休日
　月・火",待合スペース
中野区,ファッションヘア ＷＡＴＡＢＥ,中野区野方6-9-7,watabe-hair.net,,,,〇,"水～金:10:00～19:00
土・日祝:9:00～18:30
※定休日
　月・火",待合スペース
中野区,ヘアーメイクアップサロン　チェリー,中野区鷺宮3-17-2,cherry-hairmake.com,,,,〇,水～金：12:00～17:00,待合スペース
中野区,Мen's grooming Salon 髪ing,中野区鷺宮3-15-9 ミゾグチビル１Ｆ,,,,,〇,"水～日:10:00～19:30
※定休日
　月・火",待合スペース
中野区,ウスイ理容室,中野区白鷺1-2-7,,,,,〇,"水～日:9:00～19:00
※定休日
　月・火",待合スペース
中野区,ミナガワ理容室,中野区上鷺宮3-12-7,,,,,〇,水～金：11:00～16:00,待合室
中野区,per Bacco ITALIANO,"中野区東中野3-10-3
フラッツ久保1階",,〇,"月曜日、木曜日～日曜日：12:00～17:00　（臨時休業日を除く）
定休日：火曜日、水曜日",6人,,,
中野区,サミットストア江原町店,東京都中野区江原町2-2-12,https://www.summitstore.co.jp/store/tokyo/post/?id=355,〇,"月～日曜日:9:00～20:00
(突発的な休業時はサミットストアHPにてご案内)",10人,,,
中野区,サミットストア鍋屋横丁店,東京都中野区本町4-30-21,https://www.summitstore.co.jp/store/tokyo/post/?id=162,〇,"月～日曜日:9:00～20:00
(突発的な休業時はサミットストアHPにてご案内)",12人,,,
中野区,サミットストアパークシティ中野店,東京都中野区中野4-14-1,https://www.summitstore.co.jp/store/tokyo/post/?id=166,〇,"月～日曜日:9:30～20:00
(突発的な休業時はサミットストアHPにてご案内)",30人,,,
中野区,サミットストア東中野店,東京都中野区東中野4-5-10,https://www.summitstore.co.jp/store/tokyo/post/?id=159,〇,"月～日曜日:9:00～20:00
(突発的な休業時はサミットストアHPにてご案内)",30人,,,
中野区,すずらん薬局,中野区南台2-51-7,,〇,"月・火・木・金：9:00～13:00、14:00～19:00
水・土：9:00～13:00
定休日：日曜日・祝日・夏季休暇",4人,,,
中野区,小田薬局中野坂上店,中野区中央2-2-30ミンワハイツ2Ｆ,https://odamedical.com/nakanosakaue/,〇,"月・火・木・金曜日：9:30～13:00、14:00～18:00
土曜日：9:30～13:00
定休日：水曜日・日曜日・祝日・夏季休暇",4人,,,
中野区,かね市すず幸,中野区沼袋1-19-11,https://www.facebook.com/profile.php?id=100078914106779,,,,〇,"月～金：15:30～19:00
土・日：12:00～19:00
定休日なし",店内スペース
中野区,江古田沼袋診療所,"中野区沼袋 4-27-15
フォーシーズンビル1階",https://www.kenyu-kai.or.jp/jigyousyo/ekoda.html,〇,"月・火・木・金：9:00～11:30,13:15～16:30
水・土：9:00～11:30
休診日：日曜、祝日",5名,,,
中野区,川島診療所,中野区弥生町 3-27-11,https://www.kenyu-kai.or.jp/jigyousyo/kawasima.html,〇,"月・水：13:00～16:30
休診日：土曜午後、日曜、祝日",10名,,,
中野区,やまと診療所,中野区大和町 3-3-12,https://www.kenyu-kai.or.jp/jigyousyo/yamato.html,〇,"月・火・木・金：9:00～12:00,14:00～16:00
水・土：9:00～12:00
休診日：日曜、祝日",3名,,,
中野区,ウエルシア薬局　中野富士見町駅前店,中野区弥生町 5-26-9,https://store.welcia.co.jp/welcia/spot/list/map?search=address&address=13114,〇,開局日に準ずる,1名,,,
中野区,"ウエルシア薬局　
新中野駅前店","中野区中央 3-34-3
メイヒル新中野B1F,1F",https://store.welcia.co.jp/welcia/spot/list/map?search=address&address=13114,〇,開局日に準ずる,1名,,,
中野区,"ウエルシア薬局　
中野都立家政店",中野区鷺宮 1-28-9,https://store.welcia.co.jp/welcia/spot/list/map?search=address&address=13114,〇,開局日に準ずる,1名,,,
中野区,"ウエルシア薬局　
中野新橋店","中野区弥生町 2-4-9　
ツナシマ第3ビルB1F,1F",https://store.welcia.co.jp/welcia/spot/list/map?search=address&address=13114,〇,開局日に準ずる,1名,,,
中野区,"ウエルシア
中野さぎの宮調剤薬局",中野区鷺宮 3-19-7,https://store.welcia.co.jp/welcia/spot/list/map?search=address&address=13114,〇,開局日に準ずる,1名,,,
中野区,"ウエルシア薬局　
新中野２号店","中野区中央 4-4-3 
ジオエント新中野1階",https://store.welcia.co.jp/welcia/spot/list/map?search=address&address=13114,〇,開局日に準ずる,1名,,,
中野区,青山スタジオ,中野区江原町 3-5-13,https://www.aoyama-st.co.jp/,〇,"月～日(臨時休業日を除く)：10:00～15:00
定休日：年末年始",2名,,,
中野区,トヨタモビリティ東京　中野坂上店,中野区中央 2-49-1,https://www.toyota-mobi-tokyo.co.jp/shop/09A,〇,"月、水～日：10:00～18:00
定休日：毎週火、第1・３月曜、GW・夏季休業",5名,,,
中野区,トヨタモビリティ東京　東中野店,中野区東中野 3-16-16,https://www.toyota-mobi-tokyo.co.jp/shop/09B,〇,"月、水～日：10:00～18:00
定休日：毎週火、第1・３月曜、GW・夏季休業",5名,,,
中野区,トヨタモビリティ東京　中野新井店,中野区新井 2-47-2,https://www.toyota-mobi-tokyo.co.jp/shop/09C,〇,"月、水～日：10:00～18:00
定休日：毎週火、第1・３月曜、GW・夏季休業",5名,,,
杉並区,杉並区役所　本庁舎,杉並区阿佐谷南1-15-1,https://www.city.suginami.tokyo.jp/s011/shisetsu/12378.html,〇,"8:30～17:00
第1・3・5週目の土曜日は9:00～17:00
休館日：土曜日（第1・3・5週目を除く）・日曜日・祝日",10名,〇,"8:30～17:00
第1・3・5週目の土曜日は9:00～17:00
休館日：土曜日（第1・3・5週目を除く）・日曜日・祝日",1階ロビー
杉並区,杉並会館,杉並区上荻3-29-5,https://www.city.suginami.tokyo.jp/s016/shisetsu/13906.html,〇,9:00～18:00、休館日:月曜日(祝休日の場合はその直後の平日),15名,〇,9:00～18:00、休館日:月曜日(祝休日の場合は翌日),ロビー
杉並区,男女平等推進センター,杉並区荻窪1-56-3,https://www.city.suginami.tokyo.jp/s017/1246.html,〇,9:00～17:00、休館日:月曜日(祝休日の場合はその直後の平日),20名,〇,9:00～17:00、休館日:月曜日(祝休日の場合は翌日),ゆう杉並2階、情報・資料コーナー
杉並区,久我山会館,杉並区久我山3-23-20,https://www.city.suginami.tokyo.jp/s025/shisetsu/13895.html,〇,9:00～21:00、休館日:25日(土日祝の場合は順次繰り延べ),10名,〇,9:00～21:00、休館日:25日(土日祝の場合は順次繰り延べ),1階ロビー、1階談話コーナー
杉並区,浜田山会館,杉並区浜田山1-36-3,https://www.city.suginami.tokyo.jp/s025/shisetsu/13894.html,〇,9:00～21:00、休館日:20日(土日祝の場合は翌日),6名,〇,9:00～21:00、休館日:20日(土日祝の場合は翌日),1階ロビー、1階談話コーナー
杉並区,方南会館,杉並区和泉4-42-5,https://www.city.suginami.tokyo.jp/s026/shisetsu/13893.html,〇,9:00～21:00、休館日:25日(土日祝の場合は翌日),3名,〇,9:00～21:00、休館日:25日(土日祝の場合は翌日),1階ロビー
杉並区,阿佐谷地域区民センター,杉並区阿佐谷北1-1-1,https://www.city.suginami.tokyo.jp/s023/shisetsu/13881.html,〇,9:00～21:00、休館日:第2火曜日,41名,〇,9:00～21:00、休館日:第2火曜日,1階ロビー、1階談話コーナー
杉並区,井草地域区民センター,杉並区下井草5-7-22,https://www.city.suginami.tokyo.jp/s020/shisetsu/13880.html,〇,9:00～21:00、休館日:第1・3木曜日、第3木曜日の前日,62名,〇,9:00～21:00、休館日:第1・3木曜日、第3木曜日の前日,1階ロビー、1階談話コーナー
杉並区,永福和泉地域区民センター,杉並区和泉3-8-18,https://www.city.suginami.tokyo.jp/s026/shisetsu/13879.html,〇,9:00～21:00、休館日:第2・4水曜日、15日,40名,〇,9:00～21:00、休館日:第2・4水曜日、15日,1階ロビー、2階談話コーナー
杉並区,高井戸地域区民センター(高井戸温水プール),杉並区高井戸東3-7-15,https://www.city.suginami.tokyo.jp/s025/shisetsu/13876.html,〇,9:00～21:00、休館日:第3月曜日,70名,〇,9:00～21:00、休館日:第3月曜日,1階くつろぎの部屋
杉並区,西荻地域区民センター・勤労福祉会館,杉並区桃井4-3-2,https://nishiogi-community.jp/,〇,9:00～21:00、休館日:第2水曜日,ロビー29名、ホワイエ22名,〇,9:00～21:00、休館日:第2水曜日,1F:ロビー及びホワイエ
杉並区,セシオン杉並(高円寺区民センター併設社会教育センター),杉並区梅里1-22-32,https://www.sesion-suginami.jp/,〇,9:00～21:00、休館日:第2木曜日,30名程度,〇,9:00～21:00、休館日:第2木曜日,各フロア
杉並区,梅里区民集会所,杉並区梅里2-34-20,https://www.city.suginami.tokyo.jp/s023/shisetsu/13889.html,〇,9:00～21:00、休館日:第3火曜日,15名,〇,9:00～21:00、休館日:第3火曜日,1階談話コーナー
杉並区,上高井戸区民集会所,杉並区上高井戸1-15-5,https://www.city.suginami.tokyo.jp/s025/shisetsu/13888.html,〇,9:00～21:00、休館日:第2・4月曜日,10名,〇,9:00～21:00、休館日:第2・4月曜日,1階ロビー、1階談話コーナー
杉並区,高円寺北区民集会所,杉並区高円寺北3-25-9,https://www.city.suginami.tokyo.jp/s024/shisetsu/13887.html,〇,9:00～21:00、休館日:第2・4月曜日,8名,〇,9:00～21:00、休館日:第2・4月曜日,1階談話コーナー
杉並区,四宮区民集会所,杉並区上井草2-28-13,https://www.city.suginami.tokyo.jp/s020/shisetsu/13886.html,〇,9:00～21:00、休館日:第2・4火曜日,12名,〇,9:00～21:00、休館日:第2・4火曜日,1階ロビー
杉並区,下高井戸区民集会所(下高井戸運動場),杉並区下高井戸3-26-1,https://www.city.suginami.tokyo.jp/s026/shisetsu/13885.html,〇,9:00～21:00、休館日:第3火曜日,24名,〇,9:00～21:00、休館日:第3火曜日,1階ロビー
杉並区,西荻南区民集会所,杉並区西荻北1-9-5,https://nishiogi-community.jp/,〇,9:00～21:00、休館日:第2月曜日(祝日と重なるときは翌日),21名,〇,9:00～21:00、休館日:第2月曜日(祝日と重なるときは翌日),談話コーナー
杉並区,八成区民集会所,杉並区井草1-3-2,https://www.city.suginami.tokyo.jp/s020/shisetsu/13883.html,〇,9:00～21:00、休館日:第2水曜日,22名,〇,9:00～21:00、休館日:第2水曜日,1階談話コーナー
杉並区,和田区民集会所,杉並区和田2-31-21,https://www.city.suginami.tokyo.jp/s024/shisetsu/13882.html,〇,9:00～21:00、休館日:第1・3月曜日,12名,〇,9:00～21:00、休館日:第1・3月曜日,談話コーナー
杉並区,コミュニティふらっと阿佐谷,杉並区阿佐谷北2-18-17,https://www.city.suginami.tokyo.jp/s023/shisetsu/13896.html,〇,9:00～21:00、休館日:第1・3木曜日,20名,〇,9:00～21:00、休館日:第1・3木曜日,1階ラウンジ
杉並区,コミュニティふらっと東原,杉並区下井草1-23-23,https://www.city.suginami.tokyo.jp/s020/shisetsu/13899.html,〇,9:00～21:00、休館日:第1・3火曜日,12名,〇,9:00～21:00、休館日:第1・3火曜日,1階ラウンジ
杉並区,コミュニティふらっと馬橋,杉並区高円寺南3-29-5,https://www.donmaikoubo.com/%E3%81%B5%E3%82%89%E3%81%A3%E3%81%A8%E9%A6%AC%E6%A9%8B,〇,9:00～21:00、休館日:第1・3木曜日,20名,〇,9:00～21:00、休館日:第1・3木曜日,1階ラウンジ
杉並区,コミュニティふらっと成田,杉並区成田西1-28-18,https://www.city.suginami.tokyo.jp/s023/shisetsu/13898.html,〇,9:00～21:00、休館日:第2・4火曜日,26名,〇,9:00～21:00、休館日:第2・4火曜日,1階ラウンジ
杉並区,コミュニティふらっと永福,杉並区永福3-51-17,https://www.city.suginami.tokyo.jp/s026/shisetsu/13897.html,〇,9:00～21:00、休館日:第1・第3木曜日(土日祝の場合は順次繰り延べ),37名,〇,9:00～21:00、休館日:第1・第3木曜日(土日祝の場合は順次繰り延べ),3階ラウンジ
杉並区,コミュニティふらっと方南,杉並区方南1-27-8,https://www.city.suginami.tokyo.jp/s026/shisetsu/13900.html,〇,9:00～21:00、休館日:第1・3水曜日,10名,〇,9:00～21:00、休館日:第1・3水曜日,1階ラウンジ
杉並区,杉並芸術会館(座・高円寺),杉並区高円寺北2-1-2,https://za-koenji.jp/home/index.php,〇,9:00～22:00、休館日:なし,"各10名
（20名）",〇,9:00～22:00、休館日:なし,"1Fロビー
B2Fロビー"
杉並区,TAC杉並区上井草スポーツセンター,杉並区上井草3-34-1,https://www.suginami-ttm.com/,〇,9:00～22:30(日曜日・祝日は9:00～21:00)、休館日:第3木曜日、他に施設保守などで臨時休場有,"各10名
（20名）",〇,9:00～22:30(日曜日・祝日は9:00～21:00)、休館日:第3木曜日、他に施設保守などで臨時休場有,1Fロビー、2Fふらっと広場
杉並区,大宮前体育館,杉並区南荻窪2-1-1,https://information.konamisportsclub.jp/trust/oomiyamae/,〇,9:00～21:00、休館日:第3火曜日、他に施設保守などで臨時休場有,6名,〇,9:00～21:00、休館日:第3火曜日、他に施設保守などで臨時休場有,1階ロビー
杉並区,荻窪体育館,杉並区荻窪3-47-2,https://information.konamisportsclub.jp/trust/ogikubo/,〇,9:00～21:00、休館日:第3水曜日、他に施設保守などで臨時休場有,6名,〇,9:00～21:00、休館日:第3水曜日、他に施設保守などで臨時休場有,1階ロビー
杉並区,高円寺みんなの体育館,杉並区高円寺南2-36-31,https://information.konamisportsclub.jp/trust/koenji/,〇,9:00～21:00、休館日:施設保守などで臨時休場有,8名,〇,9:00～21:00、休館日:施設保守などで臨時休場有,ラウンジ
杉並区,TAC杉並区妙正寺体育館,杉並区清水3-20-12,https://www.suginami-ttm.com/,〇,9:00～21:00、休館日:第2木曜日、他に施設保守などで臨時休場有,10名,〇,9:00～21:00、休館日:第2木曜日、他に施設保守などで臨時休場有,1Fロビー
杉並区,TAC杉並区永福体育館,杉並区永福1-7-6,https://www.eifuku-sports.com/,〇,9:00～21:00、休館日:第2水曜日、他に施設保守などで臨時休場有,24名,〇,9:00～21:00、休館日:第2水曜日、他に施設保守などで臨時休場有,1階ロビー・カフェスペース
杉並区,松ノ木運動場,杉並区松ノ木1-3-22,https://www.suginami-spocul.com/matsunoki/,〇,9:00～21:00、休館日:施設保守などで臨時休場有,10名,〇,9:00～21:00、休館日:施設保守などで臨時休場有,受付前ロビー
杉並区,産業振興センター,杉並区上荻1-2-1Daiwa荻窪タワ-2階,https://www.city.suginami.tokyo.jp/s033/shisetsu/14965.html,〇,8:30～17:00、休館日:土曜日･日曜日・祝日,4名,〇,8:30～17:00、休館日:土曜日･日曜日・祝日,2階待合スペース
杉並区,産業商工会館,杉並区阿佐谷南3-2-19,https://www.suginami-ssk.com/,〇,9:00～21:00、休館日:第3日曜日,"1階ロビー
6名、
地下ロビー
6名",〇,9:00～21:00、休館日:第3日曜日,1階ロビー、地下1階ロビー(エレベーター無し)
杉並区,農福連携農園すぎのこ農園,杉並区井草3-19-23,https://www.ja-tokyochuo.or.jp/suginoko/,〇,9:00～17:00、(土曜日は10:00～15:00)、休館日:日曜日･祝日,30名,〇,9:00～17:00、(土曜日は10:00～15:00)、休館日:日曜日･祝日,管理棟
杉並区,高齢者活動支援センター,杉並区高井戸東3-7-5,https://www.city.suginami.tokyo.jp/s038/shisetsu/13930.html,〇,9:00～21:00、休館日:第3月曜日,5名,〇,9:00～21:00、休館日:第3月曜日,ロビー
杉並区,ゆうゆう今川館,杉並区今川4-12-10,https://www.city.suginami.tokyo.jp/kusei/gaiyou/shisetsu/genre/hoken/kourei/yuuyuu/index.html,〇,9:00～21:00、日曜･祝日～17:00、休館日:第1月曜日、第3木曜日、今川図書館特別整理期間,1名,〇,9:00～21:00、日曜･祝日～17:00、休館日:第1月曜日、第3木曜日、今川図書館特別整理期間,談話コーナー
杉並区,ゆうゆう高円寺南館,杉並区高円寺南4-44-11,https://www.city.suginami.tokyo.jp/kusei/gaiyou/shisetsu/genre/hoken/kourei/yuuyuu/index.html,〇,9:00～21:00、日曜･祝日～17:00、第3木曜日は13:00～、休館日:第3日曜日、第３木曜日午前中、６月の第３木曜日,1名,〇,9:00～21:00、日曜･祝日～17:00、第3木曜日は13:00～、休館日:第3日曜日、第３木曜日午前中、６月の第３木曜日,談話コーナー
杉並区,ゆうゆう井草館,杉並区井草2-15-15,https://www.city.suginami.tokyo.jp/kusei/gaiyou/shisetsu/genre/hoken/kourei/yuuyuu/index.html,〇,9:00～21:00、日曜･祝日～17:00、第3木曜日は13:00～、休館日:第3日曜日、第３木曜日午前中、６月の第３木曜日,1名,〇,9:00～21:00、日曜･祝日～17:00、第3木曜日は13:00～、休館日:第3日曜日、第３木曜日午前中、６月の第３木曜日,一般和室
杉並区,ゆうゆう和泉館,杉並区和泉4-16-22,https://www.city.suginami.tokyo.jp/kusei/gaiyou/shisetsu/genre/hoken/kourei/yuuyuu/index.html,〇,9:00～21:00、日曜･祝日～17:00、第3木曜日は13:00～、休館日:第3日曜日、第３木曜日午前中、６月の第３木曜日,1名,〇,9:00～21:00、日曜･祝日～17:00、第3木曜日は13:00～、休館日:第3日曜日、第３木曜日午前中、６月の第３木曜日,一般和室
杉並区,ゆうゆう梅里堀ノ内館,杉並区堀ノ内3-37-4,https://www.city.suginami.tokyo.jp/kusei/gaiyou/shisetsu/genre/hoken/kourei/yuuyuu/index.html,〇,9:00～21:00、日曜･祝日～17:00、第3木曜日は13:00～、休館日:第3日曜日、第３木曜日午前中、６月の第３木曜日,1名,〇,9:00～21:00、日曜･祝日～17:00、第3木曜日は13:00～、休館日:第3日曜日、第３木曜日午前中、６月の第３木曜日,一般和室
杉並区,ゆうゆう大宮堀ノ内館,杉並区堀ノ内1-27-9,https://www.city.suginami.tokyo.jp/kusei/gaiyou/shisetsu/genre/hoken/kourei/yuuyuu/index.html,〇,9:00～21:00、日曜･祝日～17:00、第3木曜日は13:00～、休館日:第3日曜日、第３木曜日午前中、６月の第３木曜日,1名,〇,9:00～21:00、日曜･祝日～17:00、第3木曜日は13:00～、休館日:第3日曜日、第３木曜日午前中、６月の第３木曜日,一般和室
杉並区,ゆうゆう荻窪館,杉並区南荻窪2-25-17,https://www.city.suginami.tokyo.jp/kusei/gaiyou/shisetsu/genre/hoken/kourei/yuuyuu/index.html,〇,9:00～21:00、日曜･祝日～17:00、第3木曜日は13:00～、休館日:第3日曜日、第３木曜日午前中、６月の第３木曜日,1名,〇,9:00～21:00、日曜･祝日～17:00、第3木曜日は13:00～、休館日:第3日曜日、第３木曜日午前中、６月の第３木曜日,一般和室
杉並区,ゆうゆう上高井戸館,杉並区高井戸東2-6-17,https://www.city.suginami.tokyo.jp/kusei/gaiyou/shisetsu/genre/hoken/kourei/yuuyuu/index.html,〇,9:00～21:00、日曜･祝日～17:00、第3木曜日は13:00～、休館日:第3日曜日、第３木曜日午前中、６月の第３木曜日,1名,〇,9:00～21:00、日曜･祝日～17:00、第3木曜日は13:00～、休館日:第3日曜日、第３木曜日午前中、６月の第３木曜日,談話室
杉並区,ゆうゆう久我山館,杉並区久我山5-8-8,https://www.city.suginami.tokyo.jp/kusei/gaiyou/shisetsu/genre/hoken/kourei/yuuyuu/index.html,〇,9:00～21:00、日曜･祝日～17:00、第3木曜日は13:00～、休館日:第3日曜日、第３木曜日午前中、６月の第３木曜日,1名,〇,9:00～21:00、日曜･祝日～17:00、第3木曜日は13:00～、休館日:第3日曜日、第３木曜日午前中、６月の第３木曜日,一般和室
杉並区,ゆうゆう高円寺東館,杉並区高円寺南1-7-22,https://www.city.suginami.tokyo.jp/kusei/gaiyou/shisetsu/genre/hoken/kourei/yuuyuu/index.html,〇,9:00～21:00、日曜･祝日～17:00、第3木曜日は13:00～、休館日:第3日曜日、第３木曜日午前中、６月の第３木曜日,1名,〇,9:00～21:00、日曜･祝日～17:00、第3木曜日は13:00～、休館日:第3日曜日、第３木曜日午前中、６月の第３木曜日,一般和室
杉並区,ゆうゆう四宮館,杉並区上井草2-28-3,https://www.city.suginami.tokyo.jp/kusei/gaiyou/shisetsu/genre/hoken/kourei/yuuyuu/index.html,〇,9:00～21:00、日曜･祝日～17:00、第3木曜日は13:00～、休館日:第3日曜日、第３木曜日午前中、６月の第３木曜日,1名,〇,9:00～21:00、日曜･祝日～17:00、第3木曜日は13:00～、休館日:第3日曜日、第３木曜日午前中、６月の第３木曜日,一般和室
杉並区,ゆうゆう善福寺館,杉並区善福寺2-26-18,https://www.city.suginami.tokyo.jp/kusei/gaiyou/shisetsu/genre/hoken/kourei/yuuyuu/index.html,〇,9:00～21:00、日曜･祝日～17:00、第3木曜日は13:00～、休館日:第3日曜日、第３木曜日午前中、６月の第３木曜日,1名,〇,9:00～21:00、日曜･祝日～17:00、第3木曜日は13:00～、休館日:第3日曜日、第３木曜日午前中、６月の第３木曜日,談話室
杉並区,ゆうゆう高井戸西館,杉並区高井戸西1-17-5,https://www.city.suginami.tokyo.jp/kusei/gaiyou/shisetsu/genre/hoken/kourei/yuuyuu/index.html,〇,9:00～21:00、日曜･祝日～17:00、第3木曜日は13:00～、休館日:第3日曜日、第３木曜日午前中、６月の第３木曜日,1名,〇,9:00～21:00、日曜･祝日～17:00、第3木曜日は13:00～、休館日:第3日曜日、第３木曜日午前中、６月の第３木曜日,一般和室
杉並区,ゆうゆう西荻北館,杉並区西荻北2-27-18,https://www.city.suginami.tokyo.jp/kusei/gaiyou/shisetsu/genre/hoken/kourei/yuuyuu/index.html,〇,9:00～21:00、日曜･祝日～17:00、第3木曜日は13:00～、休館日:第3日曜日、第３木曜日午前中、６月の第３木曜日,1名,〇,9:00～21:00、日曜･祝日～17:00、第3木曜日は13:00～、休館日:第3日曜日、第３木曜日午前中、６月の第３木曜日,一般和室
杉並区,ゆうゆう桃井館,杉並区桃井1-35-2,https://www.city.suginami.tokyo.jp/kusei/gaiyou/shisetsu/genre/hoken/kourei/yuuyuu/index.html,〇,9:00～21:00、日曜･祝日～17:00、第3木曜日は13:00～、休館日:第3日曜日、第３木曜日午前中、６月の第３木曜日,1名,〇,9:00～21:00、日曜･祝日～17:00、第3木曜日は13:00～、休館日:第3日曜日、第３木曜日午前中、６月の第３木曜日,一般和室
杉並区,ゆうゆう高井戸東館,杉並区高井戸東3-14-9,https://www.city.suginami.tokyo.jp/kusei/gaiyou/shisetsu/genre/hoken/kourei/yuuyuu/index.html,〇,9:00～21:00、日曜･祝日～17:00、第3木曜日は13:00～、休館日:第3日曜日、第３木曜日午前中、６月の第３木曜日,1名,〇,9:00～21:00、日曜･祝日～17:00、第3木曜日は13:00～、休館日:第3日曜日、第３木曜日午前中、６月の第３木曜日,一般和室
杉並区,ゆうゆう和田館,杉並区和田1-41-10,https://www.city.suginami.tokyo.jp/kusei/gaiyou/shisetsu/genre/hoken/kourei/yuuyuu/index.html,〇,9:00～21:00、日曜･祝日～17:00、第3木曜日は13:00～、休館日:第3日曜日、第３木曜日午前中、６月の第３木曜日,1名,〇,9:00～21:00、日曜･祝日～17:00、第3木曜日は13:00～、休館日:第3日曜日、第３木曜日午前中、６月の第３木曜日,談話室
杉並区,高齢者総合相談窓口 ケア24上井草（地域包括支援センター）,"杉並区上井草3-33-10
(特別養護老人ホ-ム上井草園内)",https://www.city.suginami.tokyo.jp/shisetsu/kourei/houkatsu/1006453.html,〇,月～金曜日:9:00～19:00、土曜日:9:00～13:00、休館日:日曜日、祝日,3名,〇,月～金曜日:9:00～19:00、土曜日:9:00～13:00、休館日:日曜日、祝日,相談スペース
杉並区,高齢者総合相談窓口 ケア24善福寺（地域包括支援センター）,"杉並区西荻北4-31-11
（西荻ミキサンハイツ）",https://www.city.suginami.tokyo.jp/shisetsu/kourei/houkatsu/1006459.html,〇,月～金曜日:9:00～19:00、土曜日:9:00～13:00、休館日:日曜日、祝日,1名,〇,月～金曜日:9:00～19:00、土曜日:9:00～13:00、休館日:日曜日、祝日,相談スペース
杉並区,高齢者総合相談窓口 ケア24上荻（地域包括支援センター）,"杉並区上荻3-29-5
(杉並会館等複合施設内)",https://www.city.suginami.tokyo.jp/shisetsu/kourei/houkatsu/1006454.html,〇,月～金曜日:9:00～19:00、土曜日:9:00～13:00、休館日:日曜日、祝日,3名,〇,月～金曜日:9:00～19:00、土曜日:9:00～13:00、休館日:日曜日、祝日,ロビー
杉並区,高齢者総合相談窓口 ケア24清水（地域包括支援センター）,"杉並区清水2-15-24
(特別養護老人ホ-ムすぎなみ正吉苑内)",https://www.city.suginami.tokyo.jp/shisetsu/kourei/houkatsu/1006457.html,〇,月～金曜日:9:00～19:00、土曜日:9:00～13:00、休館日:日曜日、祝日,8名,〇,月～金曜日:9:00～19:00、土曜日:9:00～13:00、休館日:日曜日、祝日,ロビー
杉並区,高齢者総合相談窓口 ケア24南荻窪（地域包括支援センター）,"杉並区南荻窪2-28-13
(荻窪会議室1階)",https://www.city.suginami.tokyo.jp/shisetsu/kourei/houkatsu/1006467.html,〇,月～金曜日:9:00～19:00、土曜日:9:00～13:00、休館日:日曜日、祝日,5名,〇,月～金曜日:9:00～19:00、土曜日:9:00～13:00、休館日:日曜日、祝日,相談スペース
杉並区,高齢者総合相談窓口 ケア24成田（地域包括支援センター）,杉並区成田西3-7-4,https://www.city.suginami.tokyo.jp/s039/shisetsu/13964.html,〇,月～金曜日:9:00～19:00、土曜日:9:00～13:00、休館日:日曜日、祝日,10名,〇,月～金曜日:9:00～19:00、土曜日:9:00～13:00、休館日:日曜日、祝日,共有スペース
杉並区,高齢者総合相談窓口 ケア24松ノ木（地域包括支援センター）,杉並区松ノ木3-3-4,https://www.city.suginami.tokyo.jp/shisetsu/kourei/houkatsu/1006466.html,〇,月～金曜日:9:00～19:00、土曜日:9:00～13:00、休館日:日曜日、祝日,10名,〇,月～金曜日:9:00～19:00、土曜日:9:00～13:00、休館日:日曜日、祝日,相談スペース、ロビー
杉並区,高齢者総合相談窓口 ケア24梅里（地域包括支援センター）,"杉並区梅里1-7-17
(Ｋ＆Ⅱビル5階)","https://www.city.suginami.tokyo.jp/shisetsu/kourei/houkatsu/1006450.html
",〇,月～金曜日:9:00～19:00、土曜日:9:00～13:00、休館日:日曜日、祝日,2名,〇,月～金曜日:9:00～19:00、土曜日:9:00～13:00、休館日:日曜日、祝日,相談スペース
杉並区,高齢者総合相談窓口 ケア24和田（地域包括支援センター）,"杉並区和田3-52-4
(和田ふれあいの家2階)",https://www.city.suginami.tokyo.jp/shisetsu/kourei/houkatsu/1006468.html,〇,月～金曜日:9:00～19:00、土曜日:9:00～13:00、休館日:日曜日、祝日,6名,〇,月～金曜日:9:00～19:00、土曜日:9:00～13:00、休館日:日曜日、祝日,共有スペース
杉並区,高齢者総合相談窓口 ケア24久我山（地域包括支援センター）,"杉並区久我山3-47-16
(特別養護老人ホ-ムさんじゅ久我山内)",https://www.city.suginami.tokyo.jp/shisetsu/kourei/houkatsu/1006455.html,〇,月～金曜日:9:00～19:00、土曜日:9:00～13:00、休館日:日曜日、祝日,6名,〇,月～金曜日:9:00～19:00、土曜日:9:00～13:00、休館日:日曜日、祝日,ロビー
杉並区,高齢者総合相談窓口 ケア24高井戸（地域包括支援センター）,"杉並区高井戸西1-12-1
(社会福祉法人、浴風会、認知症介護研究・研修東京センター内)",https://www.city.suginami.tokyo.jp/shisetsu/kourei/houkatsu/1006460.html,〇,月～金曜日:9:00～19:00、土曜日:9:00～13:00、休館日:日曜日、祝日,10名,〇,月～金曜日:9:00～19:00、土曜日:9:00～13:00、休館日:日曜日、祝日,ケア24高井戸
杉並区,高齢者総合相談窓口 ケア24浜田山（地域包括支援センター）,"杉並区浜田山1-36-3
(浜田山会館内)","https://www.city.suginami.tokyo.jp/shisetsu/kourei/houkatsu/1006463.html
",〇,月～金曜日:9:00～19:00、土曜日:9:00～13:00、休館日:日曜日、祝日,4名,〇,月～金曜日:9:00～19:00、土曜日:9:00～13:00、休館日:日曜日、祝日,相談スペース
杉並区,ウェルファ-ム杉並,杉並区天沼3-19-16,https://www.city.suginami.tokyo.jp/s041/1739.html,〇,8:30～21:00、休館日:令和6年8月11日(日),10名程度,〇,8:30～21:00、休館日:令和6年8月11日(日),ウェルファ-ム杉並1～3階
杉並区,杉並福祉事務所高井戸事務所,杉並区高井戸東3-26-10,https://www.city.suginami.tokyo.jp/s042/shisetsu/13924.html,〇,8:30～17:00、休館日:土曜日･日曜日･祝日,3名,〇,8:30～17:00、休館日:土曜日･日曜日･祝日,1Fロビー
杉並区,杉並保健所,杉並区荻窪5-20-1,https://www.city.suginami.tokyo.jp/s045/shisetsu/13912.html,〇,8:30～17:00、休館日:土曜日･日曜日･祝日,14名,〇,8:30～17:00、休館日:土曜日･日曜日･祝日,1階ロビー
杉並区,高円寺保健センター,杉並区高円寺南3-24-15,https://www.city.suginami.tokyo.jp/s050/shisetsu/13908.html,〇,8:30～17:00、休館日:土曜日･日曜日･祝日,10名,〇,8:30～17:00、休館日:土曜日･日曜日･祝日,2階事務室前
杉並区,高井戸保健センター,杉並区高井戸東3-20-3,https://www.city.suginami.tokyo.jp/s049/shisetsu/13907.html,〇,8:30～17:00、休館日:土曜日･日曜日･祝日,6名,〇,8:30～17:00、休館日:土曜日･日曜日･祝日,1Fロビー
杉並区,上井草保健センター,杉並区上井草3-8-19,https://www.city.suginami.tokyo.jp/s051/shisetsu/13909.html,〇,8:30～17:00、休館日:土曜日･日曜日･祝日,10名,〇,8:30～17:00、休館日:土曜日･日曜日･祝日,1階ロビー
杉並区,和泉保健センター,杉並区和泉4-50-6,https://www.city.suginami.tokyo.jp/s052/shisetsu/13911.html,〇,8:30～17:00、休館日:土曜日･日曜日･祝日,6名,〇,8:30～17:00、休館日:土曜日･日曜日･祝日,1階廊下
杉並区,児童青少年センター,杉並区荻窪1-56-3,https://www.city.suginami.tokyo.jp/s059/shisetsu/14006.html,〇,火～土曜日:9:00～19:00、日曜日・祝日:9:00～17:00、休館日:月曜日,100名,〇,火～土曜日:9:00～19:00、日曜日・祝日:9:00～17:00、休館日:月曜日,ロビー
杉並区,井草森公園,杉並区井草4-12-1,https://www.city.suginami.tokyo.jp/s100/shisetsu/14581.html,〇,8:30～17:00、休館日:なし,10名,〇,8:30～17:00、休館日:なし,管理事務所内ロビー
杉並区,柏の宮公園,杉並区浜田山2-5-1,https://www.city.suginami.tokyo.jp/s100/shisetsu/14887.html,〇,8:30～17:00、休館日:なし,25名,〇,8:30～17:00、休館日:なし,管理事務所内1階談話コーナー
杉並区,角川庭園,杉並区荻窪3-14-22,https://www.city.suginami.tokyo.jp/s100/shisetsu/14633.html,〇,9:00～17:00、休館日:水曜日,10名,〇,9:00～17:00、休館日:水曜日,角川庭園幻戯山房内
杉並区,成田西ふれあい農業公園,杉並区成田西3-18-9,https://www.city.suginami.tokyo.jp/s100/shisetsu/14789.html,〇,9:00～17:00、休館日:なし,10名,〇,9:00～17:00、休館日:なし,管理事務所
杉並区,塚山公園,杉並区下高井戸5-23-12,https://www.city.suginami.tokyo.jp/s100/shisetsu/14734.html,〇,8:30～17:00、休館日:なし,10名,〇,8:30～17:00、休館日:なし,管理事務所内ロビー
杉並区,桃井原っぱ公園,杉並区桃井3-8-1,https://www.city.suginami.tokyo.jp/s100/shisetsu/14830.html,〇,9:00～17:00、休館日:なし,20名,〇,9:00～17:00、休館日:なし,管理事務所内ホール
杉並区,下高井戸おおぞら公園,杉並区下高井戸2-28-23,https://www.city.suginami.tokyo.jp/s100/shisetsu/14733.html,〇,9:00～17:00、休館日:なし,25名,〇,9:00～17:00、休館日:なし,管理事務所内2階休憩スペース
杉並区,馬橋公園,杉並区高円寺北4-35-5,https://www.city.suginami.tokyo.jp/s100/shisetsu/14688.html,〇,9:00～16:30、休館日:なし,10名,〇,9:00～16:30、休館日:なし,管理事務所内ホール
杉並区,郷土博物館分館,杉並区天沼3-23-1,https://www.city.suginami.tokyo.jp/s113/shisetsu/14525.html,〇,9:00～17:00、休館日:月曜日・第3木曜(祝日・休日の場合は翌日),10名程度,〇,9:00～17:00、休館日:月曜日・第3木曜(祝日・休日の場合は翌日),西棟、東棟1階
杉並区,永福図書館,杉並区永福3-51-17,https://www.library.city.suginami.tokyo.jp/library/,〇,9:00～21:00、休館日:第1・第3木曜日,115名,〇,9:00～21:00、休館日:第1・第3木曜日,館内
杉並区,中央図書館,杉並区荻窪3-40-23,https://www.library.city.suginami.tokyo.jp/library/,〇,9:00～20:00、日曜・祝日:～17:00、休館日:第1・第3木曜日,401名,〇,9:00～20:00、日曜・祝日:～17:00、休館日:第1・第3木曜日,館内
杉並区,柿木図書館,杉並区上井草1-6-13,https://www.library.city.suginami.tokyo.jp/library/,〇,9:00～20:00、日曜・祝日:～17:00、休館日:第1月曜日、第3木曜日,100名,〇,9:00～20:00、日曜・祝日:～17:00、休館日:第1月曜日、第3木曜日,館内
杉並区,高円寺図書館,高円寺南2-40-24,https://www.library.city.suginami.tokyo.jp/library/,〇,"9：00～21：00
休館日：第1月曜日、第3木曜日",135名,〇,9:00～20:00、日曜・祝日:～17:00、休館日:第1月曜日、第3木曜日,館内
杉並区,宮前図書館,杉並区宮前5-5-27,https://www.library.city.suginami.tokyo.jp/library/,〇,9:00～20:00、日曜・祝日:～17:00、休館日:第1・第3木曜日,174名,〇,9:00～20:00、日曜・祝日:～17:00、休館日:第1・第3木曜日,館内
杉並区,成田図書館,杉並区成田東3-28-5,https://www.library.city.suginami.tokyo.jp/library/,〇,9:00～20:00、日曜・祝日:～17:00、休館日:第1・第3木曜日,56名,〇,9:00～20:00、日曜・祝日:～17:00、休館日:第1・第3木曜日,館内
杉並区,西荻図書館,杉並区西荻北2-33-9,https://www.library.city.suginami.tokyo.jp/library/,〇,9:00～20:00、日曜・祝日:～17:00、休館日:第1・第3木曜日,68名,〇,9:00～20:00、日曜・祝日:～17:00、休館日:第1・第3木曜日,館内
杉並区,阿佐谷図書館,杉並区阿佐谷北3-36-14,https://www.library.city.suginami.tokyo.jp/library/,〇,9:00～20:00、日曜・祝日:～17:00、休館日:第1月曜日、第3木曜日,67名,〇,9:00～20:00、日曜・祝日:～17:00、休館日:第1月曜日、第3木曜日,館内
杉並区,南荻窪図書館,杉並区南荻窪1-10-2,https://www.library.city.suginami.tokyo.jp/library/,〇,9:00～20:00、日曜・祝日:～17:00、休館日:第1月曜日、第3木曜日,70名,〇,9:00～20:00、日曜・祝日:～17:00、休館日:第1月曜日、第3木曜日,館内
杉並区,下井草図書館,杉並区下井草3-26-5,https://www.library.city.suginami.tokyo.jp/library/,〇,9:00～20:00、日曜・祝日:～17:00、休館日:第1・第3木曜日,77名,〇,9:00～20:00、日曜・祝日:～17:00、休館日:第1・第3木曜日,館内
杉並区,高井戸図書館,杉並区高井戸東1-28-1,https://www.library.city.suginami.tokyo.jp/library/,〇,9:00～20:00、日曜・祝日:～17:00、休館日:第1月曜日、第3木曜日,65名,〇,9:00～20:00、日曜・祝日:～17:00、休館日:第1月曜日、第3木曜日,館内
杉並区,方南図書館,杉並区方南1-51-2,https://www.library.city.suginami.tokyo.jp/library/,〇,9:00～20:00、日曜・祝日:～17:00、休館日:第1月曜日、第3木曜日,63名,〇,9:00～20:00、日曜・祝日:～17:00、休館日:第1月曜日、第3木曜日,館内
杉並区,今川図書館,杉並区今川4-12-10,https://www.library.city.suginami.tokyo.jp/library/,〇,9:00～21:00、日曜・祝日:～17:00、休館日:第1月曜日、第3木曜日,63名,〇,9:00～21:00、日曜・祝日:～17:00、休館日:第1月曜日、第3木曜日,館内
杉並区,コミュニティふらっと本天沼,本天沼2-12-10,https://www.city.suginami.tokyo.jp/s022/shisetsu/17060.html,〇,"9：00～21：00
休館日：第1・3月曜日",10名,〇,"9：00～21：00
休館日：第1・3月曜日",１階ラウンジ
杉並区,コミュニティふらっと高円寺南,高円寺南2-40-24,https://www.city.suginami.tokyo.jp/s024/shisetsu/17185.html,〇,"9：00～21：00
休館日：第1月曜日・第3木曜日(土日祝の場合は順次繰り延べ)","各40名
（計80名）",〇,"9：00～21：00
休館日：第1月曜日・第3木曜日(土日祝の場合は順次繰り延べ)",１階ラウンジ、地下１階ラウンジ
杉並区,ゆうゆう上荻窪館,上荻3-29-5,https://www.city.suginami.tokyo.jp/kusei/gaiyou/shisetsu/genre/hoken/kourei/yuuyuu/index.html,〇,9:00～21:00、日曜･祝日～17:00、第3木曜日は13:00～、休館日:第3日曜日、第３木曜日午前中、６月の第３木曜日,1名,〇,9:00～21:00、日曜･祝日～17:00、第3木曜日は13:00～、休館日:第3日曜日、第３木曜日午前中、６月の第３木曜日,事務室前
杉並区,ゆうゆう下高井戸館,下高井戸4-19-6,https://www.city.suginami.tokyo.jp/kusei/gaiyou/shisetsu/genre/hoken/kourei/yuuyuu/index.html,〇,9:00～21:00、日曜･祝日～17:00、第3木曜日は13:00～、休館日:第3日曜日、第３木曜日午前中、６月の第３木曜日,1名,〇,9:00～21:00、日曜･祝日～17:00、第3木曜日は13:00～、休館日:第3日曜日、第３木曜日午前中、６月の第３木曜日,ラウンジ
杉並区,ゆうゆう西田館,荻窪1-56-3,https://www.city.suginami.tokyo.jp/kusei/gaiyou/shisetsu/genre/hoken/kourei/yuuyuu/index.html,〇,9:00～21:00、日曜･祝日～17:00、第3木曜日は13:00～、休館日:第3日曜日、第３木曜日午前中、６月の第３木曜日,1名,〇,9:00～21:00、日曜･祝日～17:00、第3木曜日は13:00～、休館日:第3日曜日、第３木曜日午前中、６月の第３木曜日,事務室前
杉並区,ゆうゆう堀ノ内松ノ木館,松ノ木2-38-6,https://www.city.suginami.tokyo.jp/kusei/gaiyou/shisetsu/genre/hoken/kourei/yuuyuu/index.html,〇,9:00～21:00、日曜･祝日～17:00、第3木曜日は13:00～、休館日:第3日曜日、第３木曜日午前中、６月の第３木曜日,1名,〇,9:00～21:00、日曜･祝日～17:00、第3木曜日は13:00～、休館日:第3日曜日、第３木曜日午前中、６月の第３木曜日,受付前ロビー
杉並区,ゆうゆう高円寺北館,高円寺北3-20-8,https://www.city.suginami.tokyo.jp/kusei/gaiyou/shisetsu/genre/hoken/kourei/yuuyuu/index.html,〇,9:00～21:00、日曜･祝日～17:00、第3木曜日は13:00～、休館日:第3日曜日、第３木曜日午前中、６月の第３木曜日,1名,〇,9:00～21:00、日曜･祝日～17:00、第3木曜日は13:00～、休館日:第3日曜日、第３木曜日午前中、６月の第３木曜日,一般和室
杉並区,ゆうゆう大宮前館,宮前5-19-8,https://www.city.suginami.tokyo.jp/kusei/gaiyou/shisetsu/genre/hoken/kourei/yuuyuu/index.html,〇,9:00～21:00、日曜･祝日～17:00、第3木曜日は13:00～、休館日:第3日曜日、第３木曜日午前中、６月の第３木曜日,1名,〇,9:00～21:00、日曜･祝日～17:00、第3木曜日は13:00～、休館日:第3日曜日、第３木曜日午前中、６月の第３木曜日,一般和室
杉並区,ゆうゆう下井草館,下井草3-13-9,https://www.city.suginami.tokyo.jp/kusei/gaiyou/shisetsu/genre/hoken/kourei/yuuyuu/index.html,〇,9:00～21:00、日曜･祝日～17:00、第3木曜日は13:00～、休館日:第3日曜日、第３木曜日午前中、６月の第３木曜日,1名,〇,9:00～21:00、日曜･祝日～17:00、第3木曜日は13:00～、休館日:第3日曜日、第３木曜日午前中、６月の第３木曜日,一般和室
杉並区,ゆうゆう永福館,永福2-4-9,https://www.city.suginami.tokyo.jp/kusei/gaiyou/shisetsu/genre/hoken/kourei/yuuyuu/index.html,〇,9:00～21:00、日曜･祝日～17:00、第3木曜日は13:00～、休館日:第3日曜日、第３木曜日午前中、６月の第３木曜日,1名,〇,9:00～21:00、日曜･祝日～17:00、第3木曜日は13:00～、休館日:第3日曜日、第３木曜日午前中、６月の第３木曜日,一般和室
杉並区,ゆうゆう荻窪東館,荻窪4-23-12,https://www.city.suginami.tokyo.jp/kusei/gaiyou/shisetsu/genre/hoken/kourei/yuuyuu/index.html,〇,9:00～21:00、日曜･祝日～17:00、第3木曜日は13:00～、休館日:第3日曜日、第３木曜日午前中、６月の第３木曜日,1名,〇,9:00～21:00、日曜･祝日～17:00、第3木曜日は13:00～、休館日:第3日曜日、第３木曜日午前中、６月の第３木曜日,一般和室
杉並区,トモズ新高円寺店,梅里1-6-1,https://shop.tomods.jp/detail/96/,〇,11：00～16：00,5名,〇,11：00～16：00,調剤待合室
杉並区,トモズ東高円寺店,高円寺南1-7-4,https://shop.tomods.jp/detail/99/,〇,11：00～16：00,6名,〇,11：00～16：00,調剤待合室
杉並区,グラム薬局浜田山店,杉並区高井戸東3丁目16号24番,https://ggwh.jp/store/?area=tokyo,〇,"月・水・木・金曜日：午前9時～午後6時30分
火曜日：午前9時～午後5時
土曜日：午前9時～午後3時30分
休館日：日曜日・祝日",6名,〇,"月・水・木・金曜日：午前9時～午後6時30分
火曜日：午前9時～午後5時
土曜日：午前9時～午後3時30分
休館日：日曜日・祝日",待合室
杉並区,グラム薬局松庵店,杉並区松庵1丁目8番5号,https://ggwh.jp/store/?area=tokyo,〇,"月・火・水・金曜日：午前9時～午後7時
木曜日：午前9時～午後5時
土曜日：午前9時～午後1時
休館日：日曜日・祝日",5名,〇,"月・火・水・金曜日：午前9時～午後7時
木曜日：午前9時～午後5時
土曜日：午前9時～午後1時
休館日：日曜日・祝日",待合室
杉並区,グラム薬局西荻窪店,杉並区西荻北4丁目27番4号　福田荘1階,https://ggwh.jp/store/?area=tokyo,〇,"月・火・水・金曜日：午前9時～午後6時
木曜日：午前9時～午後5時
土曜日：午前9時～午後1時
休館日：日曜日・祝日",6名,〇,"月・火・水・金曜日：午前9時～午後6時
木曜日：午前9時～午後5時
土曜日：午前9時～午後1時
休館日：日曜日・祝日",待合室
杉並区,"ナチュラルローソン
クオール薬局荻窪五丁目店",杉並区荻窪5丁目21番16号,,〇,"月～土曜日:午前9時～午後5時
休館日：日曜日・祝日",5名,〇,"月～土曜日:午前9時～午後5時
休館日：日曜日・祝日",調剤待合室
杉並区,"ローソンクオール薬局
久我山駅南店",杉並区久我山3丁目23番16号,,〇,"月～金曜日：午前10時～午後4時
土曜日：午前10時～午後1時
休館日：日曜日・祝日",5名,〇,"月～金曜日：午前10時～午後4時
土曜日：午前10時～午後1時
休館日：日曜日・祝日",調剤待合室
杉並区,クオール薬局下井草店,"東京都杉並区井草1丁目2番1号　
氏井ビル1F",,〇,"月・水・金曜日：午前9時～午後8時
火・木曜日：午前9時～午後5時
土曜日：午前9時～午後2時
日曜日：午前9時～午後1時半
休館日：祝日・不定期で日曜日",5名,〇,"月・水・金曜日：午前9時～午後8時
火・木曜日：午前9時～午後5時
土曜日：午前9時～午後2時
日曜日：午前9時～午後1時半
休館日：祝日・不定期で日曜日",待合スペース
杉並区,なかがわ薬局八幡山店,"杉並区上高井戸1丁目8番4号
TOYAビル３　１階",,〇,"月～土曜日：午前9時～午後7時30分
日曜日：午前9時30分～午後5時30分
祝日：午前9時30分～午後2時30分
休館日：祝日は臨時休業の場合有り",10名,〇,"月～土曜日：午前9時～午後7時30分
日曜日：午前9時30分～午後5時30分
祝日：午前9時30分～午後2時30分
休館日：祝日は臨時休業の場合有り",調剤薬局　待合室
杉並区,ダイハツ東京販売荻窪店,杉並区清水2丁目18番13号,https://daihatsu-tokyo.co.jp/Shop/ogikubo,〇,"月・水～日曜日：午前9時30分～午後6時
休館日：火曜日、第1・3水曜日は定休日。ゴールデンウイーク、お盆期間中は臨時休業の場合有り",5名,〇,月・水～日曜日：午前9時30分～午後6時,ダイハツ東京販売荻窪店　店内
杉並区,サミットストア　善福寺店,杉並区善福寺1丁目34番24号,https://www.summitstore.co.jp/store/tokyo/post/?id=337,〇,月～日曜日：午前9時～午前0時,45名,〇,月～日曜日：午前9時～午前0時,私の喫茶室
杉並区,サミットストア　高井戸東店,杉並区高井戸東4丁目1番13号,https://www.summitstore.co.jp/store/tokyo/post/?id=132,〇,月～日曜日：午前9時～午後11時,13名,〇,月～日曜日：午前9時～午後11時,サミCafé
杉並区,サミットストア　本天沼店,杉並区本天沼2丁目42番11号,https://www.summitstore.co.jp/store/tokyo/post/?id=356,〇,月～日曜日：午前9時～午後11時,22名,〇,月～日曜日：午前9時～午後11時,サミCafé
杉並区,サミットストア　妙法寺前店,杉並区堀ノ内3丁目3番20号,https://www.summitstore.co.jp/store/tokyo/post/?id=130,〇,月～日曜日：午前9時～午後11時,20名,〇,月～日曜日：午前9時～午後11時,サミCafé
杉並区,サミットストア　井荻駅前店,杉並区井草3丁目4番23号,https://www.summitstore.co.jp/store/tokyo/post/?id=330,〇,月～日曜日：午前9時～午前0時,8名,〇,月～日曜日：午前9時～午前0時,サミCafé
杉並区,ユニスマイル薬局　方南町店,"杉並区方南2丁目18番14号　
藤田ビル１階",https://unismile.co.jp/,〇,月～金曜日：午前9時～午後6時30分,5名,〇,月～金曜日：午前9時～午後6時30分,待合室
杉並区,ユニスマイル薬局　今川店,杉並区今川3丁目14番19号,https://unismile.co.jp/,〇,"月～金曜日：午前9時～午後6時
土曜日：午前9時～午後3時",5名,〇,"月～金曜日：午前9時～午後6時
土曜日：午前9時～午後3時",待合室
杉並区,ユニスマイル薬局　阿佐谷南店,杉並区阿佐谷南3丁目37番4号,https://unismile.co.jp/,〇,"月～金曜日：午前9時～午後6時
土曜日：午前9時～午後1時",5名,〇,"月～金曜日：午前9時～午後6時
土曜日：午前9時～午後1時",待合室
杉並区,ユニスマイル薬局　阿佐谷神明店,杉並区阿佐谷北1丁目22番2号,https://unismile.co.jp/,〇,"月～金曜日：午前9時～午後6時
土曜日：午前9時～午後1時",5名,〇,"月～金曜日：午前9時～午後6時
土曜日：午前9時～午後1時",待合室
杉並区,たから薬局杉並和田店,杉並区和田2丁目24番7号,,〇,"月～金曜日：午前9時～午後6時
土曜日：午前9時～午後2時",5名,〇,"月～金曜日：午前9時～午後6時
土曜日：午前9時～午後2時",待合室
杉並区,たから薬局杉並和田2号店,杉並区和田2丁目24番5号,,〇,"月～金曜日：午前9時～午後6時
土曜日：午前9時～午後2時",5名,〇,"月～金曜日：午前9時～午後6時
土曜日：午前9時～午後2時",待合室
杉並区,龍生堂薬局西荻店,杉並区西荻北2丁目3番1号,,〇,月～土曜日：午後1時～午後3時,5名,〇,月～土曜日：午後1時～午後3時,待合室
杉並区,昭和薬局,杉並区上井草1丁目24番10号,,〇,月～土曜日：午前9時～午後6時,3名,〇,月～土曜日：午前9時～午後6時,待合室
杉並区,ひとみ薬局,杉並区井草3丁目3番3号,,〇,"月～金曜日：午前9時～午後6時
土曜日：午前9時～午後2時",3名,〇,"月～金曜日：午前9時～午後6時
土曜日：午前9時～午後2時",待合室
杉並区,セドナ薬局,杉並区荻窪5丁目26番7号,,〇,月～土曜日：午前9時～午後6時,3名,〇,月～土曜日：午前9時～午後6時,待合室
杉並区,なないろ薬局,東京都杉並区阿佐谷北1丁目3番16号コスモス阿佐谷1階,,〇,"月～金曜日：午前9時～午後8時
土曜日：午前9時～午後6時",3名,〇,"月～金曜日：午前9時～午後8時
土曜日：午前9時～午後6時",待合室
杉並区,なつみ薬局,杉並区井草4丁目5番2号ザ・メデル1F-C,,〇,月～金曜日：午後12時～午後4時,2名,〇,月～金曜日：午後12時～午後4時,待合室
杉並区,なないろ薬局あさがや2号店,東京都杉並区阿佐谷北1丁目3番8号城西阿佐ヶ谷ビル1階,,〇,"月・火・水・金曜日：午前9時～午後7時
木曜日：午前9時30分～午後5時30分
土曜日：午前9時～午後6時",1名,〇,"月・火・水・金曜日：午前9時～午後7時
木曜日：午前9時30分～午後5時30分
土曜日：午前9時～午後6時",待合室
杉並区,きりん薬局,杉並区上高井戸1丁目8番18号サンハイツ八幡山Ａ-107,,〇,"月・金曜日：午前8時～午後7時
火・木曜日：午前9時～午後7時
水曜日：午前9時～午後6時30分
土・日曜日：午前9時～午後1時",3名,〇,"月・金曜日：午前8時～午後7時
火・木曜日：午前9時～午後7時
水曜日：午前9時～午後6時30分
土・日曜日：午前9時～午後1時",調剤待合室
杉並区,くるみ薬局,杉並区西荻南4丁目4番5号　2F,,〇,"月～金曜日：午前9時～午後6時30分
土曜日：午前9時～午後2時",5名,〇,"月～金曜日：午前9時～午後6時30分
土曜日：午前9時～午後2時",待合室
杉並区,"かもめ薬局
しもたかレンガ通り店",杉並区下高井戸1丁目1番8号　橋本ビル1F,https://www.triad-j.co.jp/pharmacy/list/shimotakarenga/,〇,月～土曜日：午前9時～午後6時,5名,〇,月～土曜日：午前9時～午後6時,待合室
杉並区,ミスト薬局　新高円寺店,杉並区梅里1丁目7番14号,,〇,"月～金曜日：午前9時～午後7時
土曜日：午前9時～午後2時",5名,〇,"月～金曜日：午前9時～午後7時
土曜日：午前9時～午後2時",待合室
杉並区,上井草調剤薬局,杉並区上井草3丁目31番23号,,〇,"月～金曜日：午前9時30分～午後1時、
午後3時～午後6時
土曜日：午前9時～午後1時",3名,〇,"月～金曜日：午前9時30分～午後1時、
午後3時～午後6時
土曜日：午前9時～午後1時",待合室
杉並区,健幸堂薬局　上井草店,"杉並区上井草 3-33-22 
池田ビル102号室",,〇,"月～金曜日：午前9時～午後7時
土曜日：午前9時～午後6時",2名,〇,"月～金曜日：午前9時～午後7時
土曜日：午前9時～午後6時",待合室
杉並区,ツル薬局,杉並区高円寺北3-23-12,,〇,"月～金曜日：午前9時～午後8時
土曜日：午前9時～午後6時",5名,〇,"月～金曜日：午前9時～午後8時
土曜日：午前9時～午後6時",待合室
杉並区,サエラ薬局浜田山店,杉並区浜田山4-16-4-119,,〇,"月～金曜日：午前9時～午後7時
土曜日：午前9時～午後1時",5名,〇,"月～金曜日：午前9時～午後7時
土曜日：午前9時～午後1時",待合室
杉並区,フタバ薬局杉並店,杉並区上井草1-23-22,,〇,"月・火・木・金曜日：午前9時～午後6時
水・土曜日：午前9時～午後1時",5名,〇,"月・火・木・金曜日：午前9時～午後6時
水・土曜日：午前9時～午後1時",待合
杉並区,稲垣薬局　荻窪店,杉並区今川2-5-11,https://www.inagaki-group.jp/pharmacy/stores/%E6%9D%89%E4%B8%A6%E5%8C%BA/%E7%A8%B2%E5%9E%A3%E8%96%AC%E5%B1%80%E3%80%80%E8%8D%BB%E7%AA%AA%E5%BA%97/,〇,"月～金曜日：午前9時～午後6時30分
土曜日：午前9時～午後3時",5名,〇,"月～金曜日：午前9時～午後6時30分
土曜日：午前9時～午後3時",待合室
杉並区,旭薬局,杉並区西荻北3-13-12,,〇,月～土曜日：午前9時～午後6時,5名,〇,月～土曜日：午前9時～午後6時,待合場所
杉並区,セコム薬局杉並,"杉並区久我山2-16-26
サンテ久我山",https://medical.secom.co.jp/service/medical/pharmacy/access.html#anchor-02,〇,"月～金曜日：午前10時～午後5時
土曜日：午前10時～午後1時",5名,〇,"月～金曜日：午前10時～午後5時
土曜日：午前10時～午後1時",待合室
杉並区,中村薬局,杉並区下井草2-39-5,,〇,"月～金曜日：午前9時～午後5時
土曜日：午前9時～午後3時",2名,〇,"月～金曜日：午前9時～午後5時
土曜日：午前9時～午後3時",待合室
杉並区,中村薬局　支店,杉並区下井草2-36-21,,〇,"月～金曜日：午前9時～午後12時、午後3時～午後6時30分
土曜日：午前8時～午後12時",2名,〇,"月～金曜日：午前9時～午後12時、午後3時～午後6時30分
土曜日：午前8時～午後12時",待合室
杉並区,まちナカ・コミュニティ西荻みなみ,杉並区西荻南2-28-14,https://www.nishiogi-machinaka.org/,〇,月～金曜日：午後1時～午後5時,24名,〇,月～金曜日：午後1時～午後5時,西荻みなみ
杉並区,なの花薬局西荻南店,杉並区西荻南1-1-1,https://www.nanohana-ph.jp/shop/kanto-koshinetsu/tokyo/suginamiku/nishiogiminami.php,〇,"月・木曜日：午前9時～午後8時30分
火・水・金・土曜日：午前9時～午後6時30分
日曜日：午前9時～午後1時",3名,〇,"月・木曜日：午前9時～午後8時30分
火・水・金・土曜日：午前9時～午後6時30分
日曜日：午前9時～午後1時",待合室
杉並区,なの花薬局桜上水店,杉並区下高井戸1-24-10,https://www.nanohana-ph.jp/shop/kanto-koshinetsu/tokyo/suginamiku/sakurajosui.php,〇,"月・火・木・金曜日：午前9時～午後6時30分
土曜日：午前9時～午後4時
日曜日：午前9時～正午",10名,〇,"月・火・木・金曜日：午前9時～午後6時30分
土曜日：午前9時～午後4時
日曜日：午前9時～正午",待合室
杉並区,なの花薬局荻窪北口店,杉並区上荻1-5-1,,〇,"月～金曜日：午前9時～午後6時45分
土曜日：午前9時～午後6時",5名,〇,"月～金曜日：午前9時～午後6時45分
土曜日：午前9時～午後6時",調剤薬局待合室
杉並区,上荻薬局,"杉並区上荻4-30-2
ハイネス西荻窪102",,〇,"月・火・木・金曜日：午前9時～午後7時
水曜日：午前9時～午後6時30分
土曜日：午前9時～午後1時30分",5名,〇,"月・火・木・金曜日：午前9時～午後7時
水曜日：午前9時～午後6時30分
土曜日：午前9時～午後1時30分",待合室
杉並区,志宝薬局方南町店,杉並区和泉4-50-15,https://shop.sogo-pharmacy.jp/detail/660/,〇,"月～金曜日：午前9時～午後7時30分　
土曜日：午前9時～午後5時",2名,〇,"月～金曜日：午前9時～午後7時30分　
土曜日：午前9時～午後5時",待合室
豊島区,区民ひろば仰高,駒込4-12-3,https://www.city.toshima.lg.jp/078/kurashi/hiroba/shisetsu/031251.html,〇,"休館日を除く日の9:00～17:00まで
※休館日は年末年始、祝日（祝日が日曜日と重なった場合は、日曜日を開館し、翌日の振替休日を休館とする）、各区民ひろばが定める休館日",10名,〇,"休館日を除く日の9:00～17:00まで
※休館日は年末年始、祝日（祝日が日曜日と重なった場合は、日曜日を開館し、翌日の振替休日を休館とする）、各区民ひろばが定める休館日",1階交流ロビー
豊島区,区民ひろば駒込,駒込2-2-4,https://www.city.toshima.lg.jp/074/kurashi/hiroba/shisetsu/007018.html,〇,"休館日を除く日の9:00～17:00まで
※休館日は年末年始、祝日（祝日が日曜日と重なった場合は、日曜日を開館し、翌日の振替休日を休館とする）、各区民ひろばが定める休館日",5名,〇,"休館日を除く日の9:00～17:00まで
※休館日は年末年始、祝日（祝日が日曜日と重なった場合は、日曜日を開館し、翌日の振替休日を休館とする）、各区民ひろばが定める休館日",1階ロビー、1階図書コーナー一画
豊島区,区民ひろば南大塚,"南大塚2-36-1
",https://www.city.toshima.lg.jp/074/kurashi/hiroba/shisetsu/007019.html,〇,"休館日を除く日の9:00～17:00まで
※休館日は年末年始、祝日（祝日が日曜日と重なった場合は、日曜日を開館し、翌日の振替休日を休館とする）、各区民ひろばが定める休館日",10名,〇,"休館日を除く日の9:00～17:00まで
※休館日は年末年始、祝日（祝日が日曜日と重なった場合は、日曜日を開館し、翌日の振替休日を休館とする）、各区民ひろばが定める休館日",1階ロビー
豊島区,区民ひろば清和第一,巣鴨 3-15-20,https://www.city.toshima.lg.jp/074/kurashi/hiroba/shisetsu/007020.html,〇,"休館日を除く日の9:00～17:00まで
※休館日は年末年始、祝日（祝日が日曜日と重なった場合は、日曜日を開館し、翌日の振替休日を休館とする）、各区民ひろばが定める休館日",20名,〇,"休館日を除く日の9:00～17:00まで
※休館日は年末年始、祝日（祝日が日曜日と重なった場合は、日曜日を開館し、翌日の振替休日を休館とする）、各区民ひろばが定める休館日",1階ホール、3階ラウンジ
豊島区,区民ひろば清和第二,巣鴨 3-13-12,https://www.city.toshima.lg.jp/074/kurashi/hiroba/shisetsu/013852.html,〇,"休館日を除く日の9:00～17:00まで
※休館日は年末年始、祝日（祝日が日曜日と重なった場合は、日曜日を開館し、翌日の振替休日を休館とする）、各区民ひろばが定める休館日",30名,〇,"休館日を除く日の9:00～17:00まで
※休館日は年末年始、祝日（祝日が日曜日と重なった場合は、日曜日を開館し、翌日の振替休日を休館とする）、各区民ひろばが定める休館日",交流ロビー、サークル1
豊島区,区民ひろば西巣鴨第一,西巣鴨2-35-3,https://www.city.toshima.lg.jp/082/kurashi/hiroba/shisetsu/007021.html,〇,"休館日を除く日の9:00～17:00まで
※休館日は年末年始、祝日（祝日が日曜日と重なった場合は、日曜日を開館し、翌日の振替休日を休館とする）、各区民ひろばが定める休館日",10名,〇,"休館日を除く日の9:00～17:00まで
※休館日は年末年始、祝日（祝日が日曜日と重なった場合は、日曜日を開館し、翌日の振替休日を休館とする）、各区民ひろばが定める休館日",1階ロビー
豊島区,区民ひろば西巣鴨第二,西巣鴨2-14-11,https://www.city.toshima.lg.jp/082/kurashi/hiroba/shisetsu/007022.html,〇,"休館日を除く日の9:00～17:00まで
※休館日は年末年始、祝日（祝日が日曜日と重なった場合は、日曜日を開館し、翌日の振替休日を休館とする）、各区民ひろばが定める休館日",5名,〇,"休館日を除く日の9:00～17:00まで
※休館日は年末年始、祝日（祝日が日曜日と重なった場合は、日曜日を開館し、翌日の振替休日を休館とする）、各区民ひろばが定める休館日",2階ロビー
豊島区,区民ひろば豊成,上池袋1-28-7,https://www.city.toshima.lg.jp/076/kurashi/hiroba/shisetsu/1507171054.html,〇,"休館日を除く日の9:00～17:00まで
※休館日は年末年始、祝日（祝日が日曜日と重なった場合は、日曜日を開館し、翌日の振替休日を休館とする）、各区民ひろばが定める休館日",30名,〇,"休館日を除く日の9:00～17:00まで
※休館日は年末年始、祝日（祝日が日曜日と重なった場合は、日曜日を開館し、翌日の振替休日を休館とする）、各区民ひろばが定める休館日",1階多目的ホール、いきいきひろば
豊島区,区民ひろば朋有,東池袋2-38-10,https://www.city.toshima.lg.jp/083/kurashi/hiroba/shisetsu/007023.html,〇,"休館日を除く日の9:00～17:00まで
※休館日は年末年始、祝日（祝日が日曜日と重なった場合は、日曜日を開館し、翌日の振替休日を休館とする）、各区民ひろばが定める休館日",10名,〇,"休館日を除く日の9:00～17:00まで
※休館日は年末年始、祝日（祝日が日曜日と重なった場合は、日曜日を開館し、翌日の振替休日を休館とする）、各区民ひろばが定める休館日",1階ロビー
豊島区,区民ひろば朝日,西巣鴨4-10-12,https://www.city.toshima.lg.jp/084/kurashi/hiroba/shisetsu/007024.html,〇,"休館日を除く日の9:00～17:00まで
※休館日は年末年始、祝日（祝日が日曜日と重なった場合は、日曜日を開館し、翌日の振替休日を休館とする）、各区民ひろばが定める休館日",10名,〇,"休館日を除く日の9:00～17:00まで
※休館日は年末年始、祝日（祝日が日曜日と重なった場合は、日曜日を開館し、翌日の振替休日を休館とする）、各区民ひろばが定める休館日",1階ロビー
豊島区,区民ひろば上池袋,上池袋3-13-5,https://www.city.toshima.lg.jp/074/kurashi/hiroba/shisetsu/007025.html,〇,"休館日を除く日の9:00～17:00まで
※休館日は年末年始、祝日（祝日が日曜日と重なった場合は、日曜日を開館し、翌日の振替休日を休館とする）、各区民ひろばが定める休館日",15名,〇,"休館日を除く日の9:00～17:00まで
※休館日は年末年始、祝日（祝日が日曜日と重なった場合は、日曜日を開館し、翌日の振替休日を休館とする）、各区民ひろばが定める休館日",1階ロビー
豊島区,区民ひろば池袋本町,池袋本町3-9-4,https://www.city.toshima.lg.jp/074/kurashi/hiroba/shisetsu/012760.html,〇,"休館日を除く日の9:00～17:00まで
※休館日は年末年始、祝日（祝日が日曜日と重なった場合は、日曜日を開館し、翌日の振替休日を休館とする）、各区民ひろばが定める休館日",10名,〇,"休館日を除く日の9:00～17:00まで
※休館日は年末年始、祝日（祝日が日曜日と重なった場合は、日曜日を開館し、翌日の振替休日を休館とする）、各区民ひろばが定める休館日",1階ロビー
豊島区,区民ひろば西池袋,"西池袋2-37-4 
としま産業振興プラザ2階 ",https://www.city.toshima.lg.jp/074/kurashi/hiroba/shisetsu/007027.html,〇,"休館日を除く日の9:00～17:00まで
※休館日は年末年始、祝日（祝日が日曜日と重なった場合は、日曜日を開館し、翌日の振替休日を休館とする）、各区民ひろばが定める休館日",6名,〇,"休館日を除く日の9:00～17:00まで
※休館日は年末年始、祝日（祝日が日曜日と重なった場合は、日曜日を開館し、翌日の振替休日を休館とする）、各区民ひろばが定める休館日",交流ひろば
豊島区,区民ひろば池袋,池袋4-21-10,https://www.city.toshima.lg.jp/087/kurashi/hiroba/shisetsu/007028.html,〇,"休館日を除く日の9:00～17:00まで
※休館日は年末年始、祝日（祝日が日曜日と重なった場合は、日曜日を開館し、翌日の振替休日を休館とする）、各区民ひろばが定める休館日",10名,〇,"休館日を除く日の9:00～17:00まで
※休館日は年末年始、祝日（祝日が日曜日と重なった場合は、日曜日を開館し、翌日の振替休日を休館とする）、各区民ひろばが定める休館日",1階ロビー
豊島区,区民ひろば南池袋,南池袋3-5-12,"https://www.city.toshima.lg.jp/074/kurashi/hiroba/shisetsu/007029.html
",〇,"休館日を除く日の9:00～17:00まで
※休館日は年末年始、祝日（祝日が日曜日と重なった場合は、日曜日を開館し、翌日の振替休日を休館とする）、各区民ひろばが定める休館日",20名,〇,"休館日を除く日の9:00～17:00まで
※休館日は年末年始、祝日（祝日が日曜日と重なった場合は、日曜日を開館し、翌日の振替休日を休館とする）、各区民ひろばが定める休館日",2階交流ひろば
豊島区,区民ひろば高南第一,高田2-11-2,https://www.city.toshima.lg.jp/089/kurashi/hiroba/shisetsu/007030.html,〇,"休館日を除く日の9:00～17:00まで
※休館日は年末年始、祝日（祝日が日曜日と重なった場合は、日曜日を開館し、翌日の振替休日を休館とする）、各区民ひろばが定める休館日",6名,〇,"休館日を除く日の9:00～17:00まで
※休館日は年末年始、祝日（祝日が日曜日と重なった場合は、日曜日を開館し、翌日の振替休日を休館とする）、各区民ひろばが定める休館日",2階ロビー
豊島区,区民ひろば高南第二,高田3-38-7,https://www.city.toshima.lg.jp/089/kurashi/hiroba/shisetsu/007033.html,〇,"休館日を除く日の9:00～17:00まで
※休館日は年末年始、祝日（祝日が日曜日と重なった場合は、日曜日を開館し、翌日の振替休日を休館とする）、各区民ひろばが定める休館日",5名,〇,"休館日を除く日の9:00～17:00まで
※休館日は年末年始、祝日（祝日が日曜日と重なった場合は、日曜日を開館し、翌日の振替休日を休館とする）、各区民ひろばが定める休館日",3階ロビー
豊島区,区民ひろば目白,目白2-20-26,https://www.city.toshima.lg.jp/077/kurashi/hiroba/shisetsu/1506301029.html,〇,"休館日を除く日の9:00～17:00まで
※休館日は年末年始、祝日（祝日が日曜日と重なった場合は、日曜日を開館し、翌日の振替休日を休館とする）、各区民ひろばが定める休館日",20名,〇,"休館日を除く日の9:00～17:00まで
※休館日は年末年始、祝日（祝日が日曜日と重なった場合は、日曜日を開館し、翌日の振替休日を休館とする）、各区民ひろばが定める休館日",1階ロビー(交流広場)
豊島区,区民ひろば要,要町1-5-1,https://www.city.toshima.lg.jp/092/kurashi/hiroba/shisetsu/026487.html,〇,"休館日を除く日の9:00～17:00まで
※休館日は年末年始、祝日（祝日が日曜日と重なった場合は、日曜日を開館し、翌日の振替休日を休館とする）、各区民ひろばが定める休館日",20名,〇,"休館日を除く日の9:00～17:00まで
※休館日は年末年始、祝日（祝日が日曜日と重なった場合は、日曜日を開館し、翌日の振替休日を休館とする）、各区民ひろばが定める休館日",ロビー、会議室
豊島区,区民ひろば長崎,長崎2-27-18,https://www.city.toshima.lg.jp/090/kurashi/hiroba/shisetsu/007034.html,〇,"休館日を除く日の9:00～17:00まで
※休館日は年末年始、祝日（祝日が日曜日と重なった場合は、日曜日を開館し、翌日の振替休日を休館とする）、各区民ひろばが定める休館日",20名,〇,"休館日を除く日の9:00～17:00まで
※休館日は年末年始、祝日（祝日が日曜日と重なった場合は、日曜日を開館し、翌日の振替休日を休館とする）、各区民ひろばが定める休館日",1階ロビー
豊島区,区民ひろば椎名町,南長崎4-29-10,https://www.city.toshima.lg.jp/091/kurashi/hiroba/shisetsu/007035.html,〇,"休館日を除く日の9:00～17:00まで
※休館日は年末年始、祝日（祝日が日曜日と重なった場合は、日曜日を開館し、翌日の振替休日を休館とする）、各区民ひろばが定める休館日",8名,〇,"休館日を除く日の9:00～17:00まで
※休館日は年末年始、祝日（祝日が日曜日と重なった場合は、日曜日を開館し、翌日の振替休日を休館とする）、各区民ひろばが定める休館日",玄関前のスペース
豊島区,区民ひろば富士見台,南長崎1-6-1 ,https://www.city.toshima.lg.jp/074/kurashi/hiroba/shisetsu/007036.html,〇,"休館日を除く日の9:00～17:00まで
※休館日は年末年始、祝日（祝日が日曜日と重なった場合は、日曜日を開館し、翌日の振替休日を休館とする）、各区民ひろばが定める休館日",15名,〇,"休館日を除く日の9:00～17:00まで
※休館日は年末年始、祝日（祝日が日曜日と重なった場合は、日曜日を開館し、翌日の振替休日を休館とする）、各区民ひろばが定める休館日",1階ロビー、2階フリールーム
豊島区,区民ひろば千早,要町3-7-10 ,https://www.city.toshima.lg.jp/074/kurashi/hiroba/shisetsu/007037.html,〇,"休館日を除く日の9:00～17:00まで
※休館日は年末年始、祝日（祝日が日曜日と重なった場合は、日曜日を開館し、翌日の振替休日を休館とする）、各区民ひろばが定める休館日",10名,〇,"休館日を除く日の9:00～17:00まで
※休館日は年末年始、祝日（祝日が日曜日と重なった場合は、日曜日を開館し、翌日の振替休日を休館とする）、各区民ひろばが定める休館日",1階ロビ－
豊島区,区民ひろば高松,高松2-25-9,https://www.city.toshima.lg.jp/074/kurashi/hiroba/shisetsu/007038.html,〇,"休館日を除く日の9:00～17:00まで
※休館日は年末年始、祝日（祝日が日曜日と重なった場合は、日曜日を開館し、翌日の振替休日を休館とする）、各区民ひろばが定める休館日",8名,〇,"休館日を除く日の9:00～17:00まで
※休館日は年末年始、祝日（祝日が日曜日と重なった場合は、日曜日を開館し、翌日の振替休日を休館とする）、各区民ひろばが定める休館日",1階談話室
豊島区,区民ひろばさくら第一,南長崎6-20-15 ,https://www.city.toshima.lg.jp/074/kurashi/hiroba/shisetsu/007039.html,〇,"休館日を除く日の9:00～17:00まで
※休館日は年末年始、祝日（祝日が日曜日と重なった場合は、日曜日を開館し、翌日の振替休日を休館とする）、各区民ひろばが定める休館日",8名,〇,"休館日を除く日の9:00～17:00まで
※休館日は年末年始、祝日（祝日が日曜日と重なった場合は、日曜日を開館し、翌日の振替休日を休館とする）、各区民ひろばが定める休館日",1階ロビー
豊島区,区民ひろばさくら第二,長崎6-37-11,https://www.city.toshima.lg.jp/074/kurashi/hiroba/shisetsu/007040.html,〇,"休館日を除く日の9:00～17:00まで
※休館日は年末年始、祝日（祝日が日曜日と重なった場合は、日曜日を開館し、翌日の振替休日を休館とする）、各区民ひろばが定める休館日",8名,〇,"休館日を除く日の9:00～17:00まで
※休館日は年末年始、祝日（祝日が日曜日と重なった場合は、日曜日を開館し、翌日の振替休日を休館とする）、各区民ひろばが定める休館日",1階ロビー
豊島区,中央図書館,東池袋4-5-2ライズアリーナビル4、5階,https://www.library.toshima.tokyo.jp/contents?1&pid=40,〇,"平日：10:00～22:00、土・日・祝日：10:00～18:00（休館日を除く）
※休館日は毎月第2月曜日、第4金曜日",40名,〇,"平日：10:00～22:00、土・日・祝日：10:00～18:00（休館日を除く）
※休館日は毎月第2月曜日、第4金曜日",館内
豊島区,駒込図書館,駒込2-2-2,https://www.library.toshima.tokyo.jp/contents?2&pid=41　,〇,"平日：9:00～20:00、土・日・祝日：9:00～18:00（休館日を除く）
※休館日は毎月第1火曜日、第4金曜日",10名,〇,"平日：9:00～20:00、土・日・祝日：9:00～18:00（休館日を除く）
※休館日は毎月第1火曜日、第4金曜日",館内
豊島区,巣鴨図書館,巣鴨3-8-2,https://www.library.toshima.tokyo.jp/contents?3&pid=42　,〇,"平日：9:00～19:00、土・日・祝日：9:00～18:00（休館日を除く）
※休館日は毎月第1月曜日、第4金曜日",20名,〇,"平日：9:00～19:00、土・日・祝日：9:00～18:00（休館日を除く）
※休館日は毎月第1月曜日、第4金曜日",館内
豊島区,目白図書館,目白4-31-8,https://www.library.toshima.tokyo.jp/contents?6&pid=44　,〇,"平日：9:00～20:00、土・日・祝日：9:00～18:00（休館日を除く）　
※休館日は毎月第1月曜日、第4金曜日",10名,〇,"平日：9:00～20:00、土・日・祝日：9:00～18:00（休館日を除く）　
※休館日は毎月第1月曜日、第4金曜日",館内
豊島区,上池袋図書館,上池袋2-45-15,https://www.library.toshima.tokyo.jp/contents?0&pid=43,〇,"平日：9:00～20:00、土・日・祝日：9:00～18:00（休館日を除く）　
※休館日は毎月第1火曜日、第4金曜日
令和8年5月末まで休館中、6月から開館予定。",20名,〇,"平日：9:00～20:00、土・日・祝日：9:00～18:00（休館日を除く）　
※休館日は毎月第1火曜日、第4金曜日
令和8年5月末まで休館中、6月から開館予定。",館内
豊島区,男女平等推進センター,豊島区西池袋2-37-4　3階,https://www.city.toshima.lg.jp/049/kuse/danjo/004668.html,〇,"休館日を除いた月曜日から土曜日の9:00～17:00
※休館日は日曜日
祝日・年末年始（12月28日から1月4日）
毎月最終月曜日（祝日と重なる場合は前週の月曜日）
その他、臨時の館内整理日",10名,〇,"休館日を除いた月曜日から土曜日の9:00～17:00
※休館日は日曜日
祝日・年末年始（12月28日から1月4日）
毎月最終月曜日（祝日と重なる場合は前週の月曜日）
その他、臨時の館内整理日",男女平等推進センター内情報交流スペース
豊島区,健康プラザとしま,豊島区上池袋2-5-1,,〇,"10:00～16:00
※休館日：年末年始（12月30日から1月3日）",20名,〇,"10:00～16:00
※休館日：年末年始（12月30日から1月3日）",1階ロビー
豊島区,みらい館大明,豊島区池袋3-30-8,https://miraikantaimei.jp/,〇,"9:00～21:00
※休館日：年末年始（12月28日から1月4日）",10名,〇,"9:00～21:00
※休館日：年末年始（12月28日から1月4日）",1階サロン
豊島区,豊島体育館,豊島区要町3-47-8,https://www.city.toshima.lg.jp/501/bunka/sports/sports/003418/003420.html,〇,"平日9:00～21:00
（大会開催時を除く）
※休館日
・偶数月の最終月曜日（該当日が祝祭日の場合は前週の月曜日）
・12/29～1/3",80名,〇,"平日9:00～21:00
（大会開催時を除く）
※休館日
・偶数月の最終月曜日（該当日が祝祭日の場合は前週の月曜日）
・12/29～1/3",観覧席
豊島区,東池袋フレイル対策センター,豊島区東池袋2-38-10,https://www.city.toshima.lg.jp/167/kenko/koresha/kaigoyobo/1903181809.html,〇,"月曜日から土曜日（祝日を除く）
9:00～16:00",5名,〇,"月曜日から土曜日（祝日を除く）
9:00～16:00",1階エントランスホール、活動室等
豊島区,高田介護予防センター,豊島区高田3-38-7,https://www.city.toshima.lg.jp/167/kenko/koresha/kaigoyobo/1703101156.html,〇,"月曜日から土曜日（祝日を除く）
9:00～16:00",5名,〇,"月曜日から土曜日（祝日を除く）
9:00～16:00",活動室
豊島区,豊島区保健所,豊島区南池袋2－1-1,https://www.city.toshima.lg.jp/208/kenko/kenko/kenkoiryokanren/013298.html,〇,平日8:30～17:00,10名,〇,平日8:30～17:00,10名
豊島区,長崎健康相談所,豊島区長崎3-6-24,https://www.city.toshima.lg.jp/225/shisetsu/fukushi/002.html,〇,平日9:00～17:00,5名,〇,平日9:00～17:00,5名
豊島区,池袋都民防災教育センター（池袋防災館）,豊島区西池袋2-37-8,https://www.tfd.metro.tokyo.lg.jp/taiken/ikebukuro/index.html,〇,"休館日を除く9:00～17:00
※休館日：毎月第1･3火曜日、第3火曜日の翌日（祝日の場合は直後の平日）、年末年始
※4階受付は必ず通過してください　",30名,〇,"休館日を除く9:00～17:00
※休館日:毎月第1･3火曜日、第3火曜日の翌日(祝日の場合は直後の平日)、年末年始
※4階受付は必ず通過してください　",館内各所
豊島区,としま区民センター,豊島区東池袋1-20-10,https://toshima-civic-center.jp/,〇,9:00～22:00（年末年始及び施設点検日を除く）,12名,〇,9:00～22:00（年末年始及び施設点検日を除く）,１階エントランスホール、４階ラウンジ
豊島区,東京芸術劇場,豊島区西池袋1-8-1,https://www.geigeki.jp/,,,,〇,"9:00～22:00
※休館日は除く
",2階カフェ・レストラン(有料)、劇場内各ホール(有料)1階アトリウム、地下1階ロワー広場及び5階広場は短時間の休憩可能(空調はありません)
豊島区,アトリエ村,豊島区長崎4-23-1,https://toshimaj.or.jp/facilities/atoriemura,,,,〇,平日　10:30～16:00,１Fロビー
豊島区,池袋ほんちょうの郷,豊島区池袋本町1-29-12,https://www.frontier-sw.or.jp/facility/ikehon/,,,,〇,平日　10:30～16:00,1F地域交流スペース
豊島区,ゆたか苑,豊島区長崎3－26‐4,https://doen.jp/introduction/older/yutaka,,,,〇,平日　9:00～17:30,１F　ロビー
豊島区,菊かおる園,豊島区西巣鴨2‐30‐19,https://toshimaj.or.jp/facilities/kikukaorusono,,,,〇,毎日　9:00～17:00,ケアハウス菊かおる園　1階エントランス
豊島区,風かおる里,豊島区南長崎6-15-6,https://toshimaj.or.jp/facilities/kazekaorusato,,,,〇,平日　9:00～17:00,1階ロビー
豊島区,池袋敬心苑,豊島区南池袋3-7-8,http://www.keishinen.or.jp/ikebukuro/,,,,〇,平日　9：00～16：30,１階「ふらっと文庫」内
豊島区,あかまつ薬局,豊島区巣鴨1-2-5,https://akamatsu-ph-sugamo.com/,,,,〇,"月10:00‐19:00
火10:00‐20:00
水10:00‐19:00
木9:30‐20:00
金9:30‐20:00
土9:00‐16:00",調剤待合室の一部
豊島区,雄飛堂薬局巣鴨店,豊島区巣鴨1-31-5,https://yuhido.com/,,,,〇,"月～金　9:30‐19:00
土　9:30-13:00",調剤待合室の一部
豊島区,巣鴨萬盛堂薬局六地蔵店,豊島区巣鴨3-21-17,https://www.s-manseido.co.jp/,,,,〇,毎日　9:00‐19:00,椅子付近
豊島区,アイランド薬局北大塚店,豊島区北大塚2-9-11,https://www.apocreat.co.jp/pharmacy/,,,,〇,"月～金　9:00‐19:00
土　9:00-14:30",調剤待合室の一部
豊島区,テイケイ調剤薬局,豊島区南大塚2-10-1,https://store.ainj.co.jp/detail/1101602/,,,,〇,月～金　8：40-17：30,調剤待合室の一部
豊島区,サンコー薬局大塚店,豊島区南大塚2-37-7,https://sanko-pharmacy.com/pages/217/,,,,〇,"月～木　9:00‐19:00
金　9:00‐18:00
土　9:00‐13:00",調剤待合室の一部
豊島区,マロン薬局大塚店,豊島区南大塚3-1-12,https://www.marron-g.co.jp/,,,,〇,"月水金　9:30‐18:30
火木　9：30‐17:30
土　9:30-14:00",調剤待合室の一部
豊島区,北池薬局,豊島区池袋本町1-45-16,,,,,〇,"月～金　8:30‐19:00
土　8:30-15:00",調剤待合室の一部
豊島区,近藤薬局,豊島区池袋本町3-7-27,https://an-west.com/company/sample-company4/#map-6,,,,〇,"月～金　9:00‐17:00
土　9:00‐13:00",調剤待合室の一部
豊島区,すず薬局上池袋店,豊島区上池袋4-1-3,https://pharmacy-suzu.com/pharmacy/356/,,,,〇,"月～金　9:00‐18:00
土　9:00-13:00",調剤待合室の一部
豊島区,ダリヤ大塚台薬局,豊島区東池袋2-4-3,,,,,〇,"月火木金　9:00‐19:00
水　9:00‐18:00
土　9:00‐13:00",調剤待合室の一部
豊島区,デイジー薬局東池袋店,豊島区東池袋4-5-1　B102,https://daisy-pharmacy.com/,,,,〇,"月～金　8:30‐18:00
土　9:00-17:00",調剤待合室の一部
豊島区,池袋あうる薬局,豊島区東池袋4-42-16,https://toyoyaku.jp/owl_center.html,,,,〇,"月～金　9:00‐17:00
土・日・祝　9:00‐21:00",調剤待合室の一部
豊島区,さくら薬局池袋2丁目店,豊島区池袋2-18-1,https://www.kraft-net.co.jp/sakura/store/3664/,,,,〇,"月～金　9:00‐18:00
土　9:00-12:00",調剤待合室の一部
豊島区,雄飛堂薬局池袋トキワ通り店,豊島区池袋3-30-25,https://yuhido.com/,,,,〇,"月～金　9:00‐17:30
土　9:00-13:00",調剤待合室の一部
豊島区,スリーアイ薬局池袋店,豊島区西池袋1-17-10　7F,https://www.ikebukuro-pharmacy.com/,,,,〇,月～金　9:00‐14:00,調剤待合室の一部
豊島区,池袋萬盛堂薬局,豊島区西池袋1-21-13,https://ikebukuro-manseido.com/,,,,〇,月～金　13:00‐16:00,調剤待合室の一部
豊島区,雄飛堂薬局西池袋店,豊島区西池袋3-2-17,https://yuhido.com/,,,,〇,"月～金　9:00‐18:00
土　9:00-14:00",調剤待合室の一部
豊島区,佐藤薬局,豊島区西池袋3-32-6,,,,,〇,月～土　9:00‐20:00,調剤待合室の一部
豊島区,マロン薬局目白店,豊島区高田1-38-12,https://www.marron-g.co.jp/,,,,〇,"月・火・水・金　9:00‐19:00
木　10:00‐18:00
土　9:00-13:00",調剤待合室の一部
豊島区,高田馬場薬局,豊島区高田3-8-5,,,,,〇,"月火水金　9:00‐18:00
木土　9:00-17:00",調剤待合室の一部
豊島区,児島薬局,豊島区高松1-7-6,,,,,〇,"月～金　10:00‐18:00
土　10:00‐15:00",調剤待合室の一部
豊島区,ウイング薬局椎名町店,豊島区長崎1-2-6,https://wing-pharmacy.wixsite.com/shiinamachi,,,,〇,"月火水金　9:00‐19:00
木土　9:00-17:00",調剤待合室の一部
豊島区,チチブ薬局,豊島区長崎1-5-1,https://www.chichibupharmacy.co.jp/,,,,〇,"月～金　9:00‐18:30
土　9:00-13:00",調剤待合室の一部
豊島区,チチブ薬局二丁目店,豊島区長崎2-26-19,https://www.chichibupharmacy.co.jp/,,,,〇,"月～金　9:00‐18:30
土　9:00-13:00",調剤待合室の一部
豊島区,椎名町薬局,豊島区長崎3-19-15,https://www.summa-pharmacy.com/shop/12/,,,,〇,"月～金
9:00‐18:00
土
9:00-13:00",調剤待合室の一部
豊島区,いろり薬局東長崎店,豊島区長崎4-7-11,https://iroriassociates.com/higashinagasaki/,,,,〇,"月～金
9:30‐17:00
土
9:30-11:00",外のベンチ
豊島区,薬局マツモトキヨシ東長崎駅北口店,豊島区長崎4-8-5,,,,,〇,"月～金
9:00‐18:00
土
9:00-15:00",調剤待合室の一部
豊島区,十字堂薬局,豊島区西巣鴨3-6-2,,,,,〇,"月火水金
9:00‐18:30
木土
9:00-13:30",調剤待合室の一部
豊島区,クオール薬局駒込店,豊島区駒込3-6-15　モラダ駒込1Ｆ,https://store.qol-net.co.jp/detail/117/,,,,〇,"月～金
9:00‐19:00
土
9:00-13:00",調剤待合室の一部
豊島区,クオール薬局大塚2号店,豊島区南大塚2-11-4,https://www.qol-net.co.jp/pharmacy/map/detail.php?id=526,,,,〇,"月～金
9:00‐17:30
土
9:00-13:00",調剤待合室の一部
豊島区,長崎調剤薬局,豊島区長崎4-30-2,,,,,〇,"月～金
8:30‐19:00
土
8:30-13:00",調剤待合室の一部
豊島区,巣鴨やまなみ薬局,豊島区巣鴨2-5-12　真野ビル1F,www.ainj.co.jp,,,,〇,"月水金
9:30‐19:00
火木土
9:30-18:00",調剤待合室の一部
豊島区,東池薬局,豊島区東池袋1-7-10　鳥駒第一ビル1F,https://www.summa-pharmacy.com,,,,〇,"月～金
10:00‐21:00
土9:30-18:30
日10:00‐19:00",調剤待合室の一部
豊島区,西参道薬局,豊島区雑司が谷3-3-18,https://www.tmy.or.jp,,,,〇,"月水木金
9:00-17:00
火9:00‐20:00
土9:00‐13:00",調剤待合室の一部
豊島区,アイン薬局池袋駅東口店,豊島区南池袋1-27-10　油木第一ビル1階,https://www.ainj.co.jp/,,,,〇,"月～金
9:30‐20:00
土日
9:00-18:00",調剤待合室の一部
豊島区,薬局アポック池袋店,豊島区東池袋3-1-1　サンシャイン60－8F,https://www.apocreat.co.jp/,,,,〇,"月～金
9:00‐19:00
土
9:00-13:30",調剤待合室の一部
豊島区,薬局マツモトキヨシ池袋ｐａｒｔ２店,豊島区東池袋1-22-8,,,,,〇,"月～金
10:00‐20:00
土日
10:00‐19:00",調剤待合室の一部
豊島区,みやこ薬局巣鴨店,豊島区巣鴨4-29-3　パルコートいせや１階,https://saiphar.co.jp/wp/store/%E3%81%BF%E3%82%84%E3%81%93%E8%96%AC%E5%B1%80-%E5%B7%A3%E9%B4%A8%E5%BA%97/,,,,〇,"月～金
9:00‐18:30
土
9:00‐14:00",調剤待合室の一部
豊島区,雑司が谷公園丘の上テラス,雑司が谷二丁目12－1,https://www.city.toshima.lg.jp/454/shisetsu/koen/2008270918.html,〇,午前9時 から午後9時 まで,,〇,午前9時 から午後9時 まで,丘の上テラスエントランス共用部
豊島区,ビックカメラ池袋西口IT tower店,"豊島区西池袋3-28-13
2階～4階",https://www.biccamera.com/bc/i/shop/shoplist/shop133.jsp,,,,〇,毎日　10:00～21:00,2階試食室
豊島区,ハロー薬局巣鴨店,豊島区巣鴨1-18-10,https://www.hello-ph.com/,,,,〇,"月～金
9:00‐18:00
土
9:00‐17:00",1階待合室
豊島区,ダイハツ東京販売株式会社Dモール池袋店,豊島区東池袋3-23-14,https://daihatsu-tokyo.co.jp/Shop/ikebukuro,,,,〇,"定休日及び8/9～16を除く9:30～18:00
※定休日：毎週火曜日、第一第三水曜日",カウンター席
豊島区,大正大学,豊島区西巣鴨3-20-1,https://www.tais.ac.jp/,,,,〇,休業日及び8/9～16、22、9/12を除く平日8:00～18:00　土曜：8:00～16:00　※休業日：日曜・祝日,8号館1階（もしくは3号館1階）
豊島区,トモズ　東池袋店,豊島区東池袋3-4-3,https://shop.tomods.jp/detail/151/,,,,〇,毎日　11:00～16:00,調剤待合室
豊島区,ファイテンショップ巣鴨店,豊島区巣鴨3-29-1,https://www.phiten.com/shop/?id=1,,,,〇,"定休日及び年末年始を除く10:00～19:00
※定休日：火曜日（祝日の場合営業）",ファイテンショップ内　疲労回復コーナー
豊島区,ひがいけポンド,豊島区東池袋4-30-9 ポンドビル,https://www.higaike-pond.com/,,,,〇,月曜日、水曜日、金曜日：12:00～17:00,1階および2階
北区,北とぴあ,北区王子1-11-1,https://www.city.kita.lg.jp/city-information/facilities/1015758/1002290.html,〇,施設の開館時間,10名,〇,施設の開館時間,1階JTB跡地（赤ちゃん休憩室奥）
北区,赤羽会館,北区赤羽南1-13-1,https://www.city.kita.lg.jp/living/community/1002262/1019088.html,〇,施設の開館時間,20名,〇,施設の開館時間,1階PRコーナー
北区,滝野川会館,北区西ケ原1-23-3,https://www.city.kita.lg.jp/living/community/1002262/1019089.html,〇,施設の開館時間,20名,〇,施設の開館時間,4階エレベーターホール待合スペース
北区,いきがい活動センター「きらりあ北」,北区王子5-2-5-101,https://www.city.kita.lg.jp/city-information/facilities/1015898/1019416.html,〇,施設の開館時間,15名,〇,施設の開館時間,1Fロビー
北区,東京都障害者総合スポーツセンター,北区十条台1-2-2,https://tsad-portal.com/mscd,,,,〇,休館日:原則水曜日、定休日:日曜日、利用時間:10:00～15:00、※障がい者等専用施設のため、レストラン以外は利用不可,館内1階レストラン
北区,昭和町区民センター,北区昭和町3-10-7,https://www.city.kita.lg.jp/city-information/facilities/1015789/1018347/1002388.html,〇,施設の開館時間,8名,〇,施設の開館時間,
北区,浮間区民センター,北区浮間2-10-2,https://www.city.kita.lg.jp/city-information/facilities/1015789/1018346/1002374.html,〇,施設の開館時間,8名,〇,施設の開館時間,
北区,神谷区民センター,北区神谷3-35-17,https://www.city.kita.lg.jp/city-information/facilities/1015789/1018346/1002376.html,〇,施設の開館時間,10名,〇,施設の開館時間,
北区,堀船ふれあい館 ,北区堀船3-7-12,https://www.city.kita.lg.jp/city-information/facilities/1015789/1018345/1002387.html,〇,施設の開館時間,9名,〇,施設の開館時間,
北区,桐ケ丘ふれあい館 ,北区桐ケ丘2-7-43,https://www.city.kita.lg.jp/city-information/facilities/1015789/1018346/1002378.html,〇,施設の開館時間,10名,〇,施設の開館時間,
北区,島下ふれあい館 ,北区赤羽西6-10-12,https://www.city.kita.lg.jp/city-information/facilities/1015789/1018346/1002379.html,〇,施設の開館時間,10名,〇,施設の開館時間,
北区,東田端ふれあい館,北区東田端2-20-51,https://www.city.kita.lg.jp/city-information/facilities/1015789/1018347/1002389.html,〇,施設の開館時間,10名,〇,施設の開館時間,
北区,滝野川体育館　,北区西ケ原2-1-6,https://www.city.kita.lg.jp/culture-tourism-sports/sports/1010385/1010387/1010416/1010420/1010421.html,〇,施設の開館時間,30名,〇,施設の開館時間,
北区,赤羽体育館　,北区志茂3-46-16,https://www.city.kita.lg.jp/culture-tourism-sports/sports/1010385/1010387/1010416/1010420/1010423.html,〇,施設の開館時間,25名,〇,施設の開館時間,
北区,富士見橋エコー広場館,北区田端5-16-1,https://www.eko-hirobakan.jp/fujimibashi/,〇,施設の開館時間,18名,〇,施設の開館時間,
北区,みどりと環境の情報館（エコベルデ）,北区豊島5-6-1（豊島五丁目遊び場内）,https://www.city.kita.lg.jp/dev-environment/environment/1009900/1009946.html,〇,施設の開館時間,15名,〇,施設の開館時間,
北区,中央公園文化センター,北区十条台1-2-1,https://www.city.kita.lg.jp/children-edu/adult-learning/1010206/1010207/1010208.html,〇,施設の開館時間,15名,〇,施設の開館時間,
北区,赤羽文化センター,北区赤羽西1-6-1,https://www.city.kita.lg.jp/children-edu/adult-learning/1010206/1010227/1010228.html,〇,施設の開館時間,10名,〇,施設の開館時間,ビビオ3階
北区,中央図書館,北区十条台1-2-5,https://www.library.city.kita.lg.jp/viewer/info.html?id=1,〇,施設の開館時間,10名,〇,施設の開館時間,
北区,防災センター,西ケ原２－１－６,https://www.city.kita.lg.jp/safety/disaster/1002639/1002675.html,〇,施設の開館時間,10名,〇,施設の開館時間,
北区,桐ケ丘体育館,赤羽台３－１７－５７,https://www.city.kita.lg.jp/culture-tourism-sports/sports/1010385/1010387/1010416/1010420/1010422.html,〇,施設の開放時間,20名,〇,施設の開館時間,地下1Fロビー
北区,豊島区民センター,豊島３－２７－２２,https://www.city.kita.lg.jp/city-information/facilities/1015789/1018345/1002384.html,〇,施設の開放時間,5名,〇,施設の開館時間,2F豊島ふれあい館内
北区,赤羽区民事務所,赤羽1-1-38,https://www.city.kita.lg.jp/living/registration/1001629/1001634.html,,,,〇,施設の開館時間,多目的ホール
北区,ぷらっとほーむ桐ケ丘,桐ケ丘1-6-2-101,https://www.city.kita.lg.jp/socialcare-health/elderly/1008636/1008639.html,〇,施設の開放時間,10名,〇,施設の開館時間,
北区,イトーヨーカドー 赤羽店,赤羽西1-7-1,https://stores.itoyokado.co.jp/170,〇,施設の開放時間,20名,〇,施設の開館時間,
北区,イオンスタイル赤羽,神谷3-12-1,https://www.aeon.com/store/%E3%82%A4%E3%82%AA%E3%83%B3/%E3%82%A4%E3%82%AA%E3%83%B3%E3%82%B9%E3%82%BF%E3%82%A4%E3%83%AB%E8%B5%A4%E7%BE%BD/shop_info/map/,,施設の開放時間,42名,〇,施設の開館時間,
北区,赤羽中央総合病院,志茂1-19-14,https://www.hakueikai.or.jp/akabane/map/,〇,施設の開放時間,10名,〇,施設の開館時間,
北区,荒川知水資料館 amoa,志茂5-41-1,https://www.ara-amoa.com/%E3%82%A2%E3%82%AF%E3%82%BB%E3%82%B9/,〇,施設の開放時間,5名,〇,施設の開館時間,
北区,テン薬局 北赤羽駅前店,北赤羽2-31-16-101,,〇,施設の開放時間,10名,〇,施設の開館時間,
北区,赤羽西口薬局,赤羽西1-39-6 ヴィルトー 101号,,〇,施設の開放時間,5名,〇,施設の開館時間,
北区,あすか薬局,豊島3-8-5,,〇,施設の開放時間,5名,〇,施設の開館時間,
北区,ウメザワ薬局,赤羽西2-21-16,,〇,施設の開放時間,5名,〇,施設の開館時間,
北区,ウメザワ薬局 滝三店,滝野川 3-4-15 アキヤマビル1F,,〇,施設の開放時間,2名,〇,施設の開館時間,
北区,オリーブ薬局,西ヶ原2-13-2,,〇,施設の開放時間,2名,〇,施設の開館時間,
北区,クオール薬局 滝野川店,滝野川6-14-9 東京先端医療モールビル1階,,〇,施設の開放時間,2名,〇,施設の開館時間,
北区,栗原薬局,東十条4-5-22,,〇,施設の開放時間,2名,〇,施設の開館時間,
北区,ことぶき薬局 梶原店,堀船3-33-2,,〇,施設の開放時間,4名,〇,施設の開館時間,
北区,さくら薬局 東十条店,東十条3-3-1 RJRプレシア東十条 1階 1号室,,〇,施設の開放時間,2名,〇,施設の開館時間,
北区,サンドラッグ赤羽台薬局,赤羽台4-11-8,,〇,施設の開放時間,2名,〇,施設の開館時間,
北区,しらゆり薬局 王子店,王子2-14-15,,〇,施設の開放時間,5名,〇,施設の開館時間,
北区,薬局 滝野川ファーマシー,滝野川2-4-17,,〇,施設の開放時間,2～3名,〇,施設の開館時間,
北区,竹内薬局 田端新町店,田端新町2-19-13,,〇,施設の開放時間,2名,〇,施設の開館時間,
北区,竹内薬局 田端店,田端新町1-20-14,,〇,施設の開放時間,2～3名,〇,施設の開館時間,
北区,田辺薬局 赤羽東口店,赤羽1-38-6 中央ビル1階,,〇,施設の開放時間,3名,〇,施設の開館時間,
北区,つばめ薬局,神谷1-15-1 センテニアル王子神谷A,,〇,施設の開放時間,3名,〇,施設の開館時間,
北区,デイジー薬局 環八店,赤羽北2-24-24 バンイードビル102号室,,〇,施設の開放時間,1名,〇,施設の開館時間,
北区,トミヤ薬局,田端新町3-15-14 トミヤビル101,,〇,施設の開放時間,2名,〇,施設の開館時間,
北区,中川薬局 田端店,田端4-3-2,,〇,施設の開放時間,6名,〇,施設の開館時間,
北区,野口薬局,田端4-6-4,,〇,施設の開放時間,4名,〇,施設の開館時間,
北区,ひまわり薬局 浮間店,浮間3-22-5 二宮ビル1F,,〇,施設の開放時間,2名,〇,施設の開館時間,
北区,フクシ調剤薬局,東十条5-17-11,,〇,施設の開放時間,5名,〇,施設の開館時間,
北区,冨士薬局 東十条店,東十条2-4-14,,〇,施設の開放時間,1名,〇,施設の開館時間,
北区,マエダ薬局,志茂2-34-11,,〇,施設の開放時間,3名,〇,施設の開館時間,
北区,マエノ薬局,赤羽西1-4-12,,〇,施設の開放時間,5名,〇,施設の開館時間,
北区,マエノ薬局 赤羽駅前店,赤羽西1-6-1 パルロード2 107号室,,〇,施設の開放時間,3名,〇,施設の開館時間,
北区,マエノ薬局 赤羽西口店,赤羽西1-15-14 エル・ルージュ赤羽西101,,〇,施設の開放時間,4名,〇,施設の開館時間,
北区,マエノ薬局 王子店,王子1-16-7,,〇,施設の開放時間,5名,〇,施設の開館時間,
北区,マエノ薬局 桐ヶ丘店,赤羽西6-17-1 セゾン片桐1階,,〇,施設の開放時間,5名,〇,施設の開館時間,
北区,マエノ薬局 滝野川店,滝野川3-66-10-102,,〇,施設の開放時間,2名,〇,施設の開館時間,
北区,マエノ薬局 西が丘店,西が丘1-15-11,,〇,施設の開放時間,2～3名,〇,施設の開館時間,
北区,ミキ薬局 田端店,田端1-21-8 NSKビル1F,,〇,施設の開放時間,2名,〇,施設の開館時間,
北区,みよの台薬局 銀座通り店,滝野川6-62-1 ライオンズST板橋滝野川101,,〇,施設の開放時間,5名,〇,施設の開館時間,
北区,ヤハタ薬局,滝野川7-25-12,,〇,施設の開放時間,3名,〇,施設の開館時間,
北区,みよの台薬局 中里店,中里3-11-8 片桐ビル1階,,〇,施設の開放時間,5名,〇,施設の開館時間,
北区,アイン薬局 西ヶ原店,西ヶ原2-3-2,,〇,施設の開放時間,5名,〇,施設の開放時間,
北区,あおき薬局 浮間橋店,赤羽北2-26-9,,〇,施設の開放時間,1～2名,〇,施設の開放時間,
北区,あかねさん薬局,赤羽 2-64-15 栃木屋ビル1F,,〇,月曜～金曜日　9:30-17:00,2名,〇,月曜～金曜日　9:30-17:00,
北区,赤羽調剤薬局,赤羽2-15-10 山田ビル1階,,〇,施設の開放時間,2～3名,〇,施設の開放時間,
北区,ウメザワ薬局 西巣鴨店,滝野川 1-90-8-101,,〇,施設の開放時間,3名,〇,施設の開放時間,
北区,尾久駅前薬局,昭和町2-8-3-101,,〇,月曜～水曜日・金曜日　12:30-15:00,3名,〇,月曜～水曜日・金曜日　12:30-15:00,
北区,薬局ガレリア,赤羽2-24-11 ル・シャトー・ヴィラージュB号室,,〇,施設の開放時間,2名,〇,施設の開放時間,
北区,しばた薬局 王子店,豊島2-12-17,,〇,施設の開放時間,2名,〇,施設の開放時間,
北区,しらゆき薬局,赤羽2-12-8 稲見ビル1F,,〇,施設の開放時間,2～3名,〇,施設の開放時間,
北区,田端あおい薬局,東田端1-14-1 MED田端101,,〇,施設の開放時間,2～3名,〇,施設の開放時間,
北区,ハート薬局 王子店,王子本町1-18-4 ヴィーヴィル 1F,,〇,施設の開放時間,5名,〇,施設の開放時間,
北区,ひのき薬局,十条仲原2-14-3,,〇,施設の開放時間,5名,〇,施設の開放時間,
北区,マエノ薬局 王子中央店,王子 1-13-18,,〇,施設の開放時間,4名,〇,施設の開放時間,
北区,マルヱ薬局,中里2-1-2,,〇,施設の開放時間,2名,〇,施設の開放時間,
北区,みよの台薬局 板橋店,滝野川7-30-9,,〇,施設の開放時間,5名,〇,施設の開放時間,
北区,ももの木薬局 赤羽南,赤羽南2-11-6,,〇,施設の開放時間,3名,〇,施設の開放時間,
北区,雄飛堂薬局 王子本町店,王子本町1-19-12 第二大扇ビル1階,,〇,施設の開放時間,2～3名,〇,施設の開放時間,
北区,ユーカリ薬局,豊島8-11-9,,〇,"月曜・水曜・金曜日　13:00-15:00
火曜日　13:00-19:00
木曜日　9:00-17:00",3名,〇,"月曜・水曜・金曜日　13:00-15:00
火曜日　13:00-19:00
木曜日　9:00-17:00",
北区,アイランド薬局 東十条店,東十条3-1-11 昌鶴堂ビル1階,,〇,施設の開放時間,4名,〇,施設の開放時間,
荒川区,荒川さつき会館,荒川区荒川8-16-13,https://www.city.arakawa.tokyo.jp/a001/shisetsuannai/koukyoushisetsu/bunka007.html,〇,施設の開館時間による,16名,〇,施設の開館時間による,館内一部
荒川区,アクト21（男女平等推進センター）,荒川区東尾久5-9-3,https://www.city.arakawa.tokyo.jp/a001/shisetsuannai/koukyoushisetsu/bunka002.html,〇,施設の開館時間による,26名,〇,施設の開館時間による,館内一部
荒川区,石浜ふれあい館,荒川区南千住3-28-2,https://www.city.arakawa.tokyo.jp/a011/shisetsuannai/koukyoushisetsu/hiroba001.html,〇,施設の開館時間による,20名,〇,施設の開館時間による,館内一部
荒川区,南千住ふれあい館,荒川区南千住6-36-13,https://www.city.arakawa.tokyo.jp/a011/shisetsuannai/koukyoushisetsu/hiroba002.html,〇,施設の開館時間による,24名,〇,施設の開館時間による,館内一部
荒川区,南千住駅前ふれあい館,荒川区南千住7-1-1-208,https://www.city.arakawa.tokyo.jp/a011/shisetsuannai/koukyoushisetsu/hiroba003.html,〇,施設の開館時間による,7名,〇,施設の開館時間による,館内一部
荒川区,汐入ふれあい館,荒川区南千住8-2-2,https://www.city.arakawa.tokyo.jp/a011/shisetsuannai/koukyoushisetsu/hiroba004.html,〇,施設の開館時間による,28名,〇,施設の開館時間による,館内一部
荒川区,峡田ふれあい館,荒川区荒川3-3-10,https://www.city.arakawa.tokyo.jp/a011/shisetsuannai/koukyoushisetsu/hiroba006.html,〇,施設の開館時間による,18名,〇,施設の開館時間による,館内一部
荒川区,荒川山吹ふれあい館,荒川区荒川7-6-8,https://www.city.arakawa.tokyo.jp/a011/shisetsuannai/koukyoushisetsu/hiroba007.html,〇,施設の開館時間による,27名,〇,施設の開館時間による,館内一部
荒川区,町屋ふれあい館,荒川区町屋1-35-8,https://www.city.arakawa.tokyo.jp/a011/shisetsuannai/koukyoushisetsu/hiroba014.html,〇,施設の開館時間による,30名,〇,施設の開館時間による,館内一部
荒川区,荒木田ふれあい館,荒川区町屋6-13-2,https://www.city.arakawa.tokyo.jp/a011/shisetsuannai/koukyoushisetsu/hiroba013.html,〇,施設の開館時間による,25名,〇,施設の開館時間による,館内一部
荒川区,東尾久本町通りふれあい館,荒川区東尾久2-37-14,https://www.city.arakawa.tokyo.jp/a011/shisetsuannai/koukyoushisetsu/hiroba030.html,〇,施設の開館時間による,20名,〇,施設の開館時間による,館内一部
荒川区,尾久ふれあい館,荒川区西尾久2-25-13,https://www.city.arakawa.tokyo.jp/a011/shisetsuannai/koukyoushisetsu/hiroba015.html,〇,施設の開館時間による,20名,〇,施設の開館時間による,館内一部
荒川区,西尾久ふれあい館,荒川区西尾久8-33-31,https://www.city.arakawa.tokyo.jp/a011/shisetsuannai/koukyoushisetsu/hiroba016.html,〇,施設の開館時間による,14名,〇,施設の開館時間による,館内一部
荒川区,東日暮里ふれあい館,荒川区東日暮里1-17-13,https://www.city.arakawa.tokyo.jp/a011/shisetsuannai/koukyoushisetsu/hiroba024.html,〇,施設の開館時間による,11名,〇,施設の開館時間による,館内一部
荒川区,夕やけこやけふれあい館,荒川区東日暮里3-11-19,https://www.city.arakawa.tokyo.jp/a011/shisetsuannai/koukyoushisetsu/hiroba025.html,〇,施設の開館時間による,8名,〇,施設の開館時間による,館内一部
荒川区,ひぐらしふれあい館,荒川区東日暮里6-28-15,https://www.city.arakawa.tokyo.jp/a011/shisetsuannai/koukyoushisetsu/hiroba031.html,〇,施設の開館時間による,5名,〇,施設の開館時間による,館内一部
荒川区,西日暮里ふれあい館,荒川区西日暮里6-24-4,https://www.city.arakawa.tokyo.jp/a011/shisetsuannai/koukyoushisetsu/hiroba026.html,〇,施設の開館時間による,20名,〇,施設の開館時間による,館内一部
荒川区,町屋文化センター,荒川区荒川7-20-1,https://www.city.arakawa.tokyo.jp/a016/shisetsuannai/koukyoushisetsu/bunka004.html,〇,施設の開館時間による,100名,〇,施設の開館時間による,館内一部
荒川区,生涯学習センター,荒川区荒川3-49-1,https://www.city.arakawa.tokyo.jp/a016/shisetsuannai/koukyoushisetsu/bunka008.html,〇,施設の開館時間による,15名,〇,施設の開館時間による,館内一部
荒川区,荒川総合スポーツセンター,荒川区南千住6-45-5,https://www.city.arakawa.tokyo.jp/a017/shisetsuannai/koukyoushisetsu/sports001.html,〇,施設の開館時間による,35名,〇,施設の開館時間による,館内一部
荒川区,ゆいの森あらかわ,荒川区荒川2-50-1,https://www.city.arakawa.tokyo.jp/a018/shisetsuannai/koukyoushisetsu/toshokan001.html,〇,施設の開館時間による,141名,〇,施設の開館時間による,館内一部
荒川区,南千住図書館,荒川区南千住6-63-1,https://www.city.arakawa.tokyo.jp/a019/shisetsuannai/koukyoushisetsu/toshokan002.html,〇,施設の開館時間による,64名,〇,施設の開館時間による,館内一部
荒川区,尾久図書館,荒川区東尾久8-45-4,https://www.city.arakawa.tokyo.jp/a019/shisetsuannai/koukyoushisetsu/toshokan005.html,〇,施設の開館時間による,101名,〇,施設の開館時間による,館内一部
荒川区,町屋図書館,荒川区町屋5-11-18,https://www.city.arakawa.tokyo.jp/a019/shisetsuannai/koukyoushisetsu/toshokan003.html,〇,施設の開館時間による,14名,〇,施設の開館時間による,館内一部
荒川区,日暮里図書館,荒川区東日暮里6-38-4,https://www.city.arakawa.tokyo.jp/a019/shisetsuannai/koukyoushisetsu/toshokan004.html,〇,施設の開館時間による,20名,〇,施設の開館時間による,館内一部
荒川区,汐入図書サービスステーション,荒川区南千住8-12-5-114,https://www.city.arakawa.tokyo.jp/a019/shisetsuannai/koukyoushisetsu/toshokan006.html,〇,施設の開館時間による,7名,〇,施設の開館時間による,館内一部
荒川区,冠新道図書サービスステーション,荒川区西日暮里6-25-14,https://www.city.arakawa.tokyo.jp/a019/shisetsuannai/koukyoushisetsu/toshokan007.html,〇,施設の開館時間による,13名,〇,施設の開館時間による,館内一部
荒川区,日暮里地域活性化施設（ふらっとにっぽり）,荒川区東日暮里6-17-6,https://www.city.arakawa.tokyo.jp/a020/sangyou/furattonippori/shisetsu.html,〇,施設の開館時間による,15名,〇,施設の開館時間による,館内一部
荒川区,あらかわエコセンター,荒川区荒川1-53-20,https://www.city.arakawa.tokyo.jp/a024/shisetsuannai/koukyoushisetsu/kankyou001.html,〇,施設の開館時間による,10名,〇,施設の開館時間による,館内一部
荒川区,あらかわリサイクルセンター,荒川区南千住3-28-69,https://www.city.arakawa.tokyo.jp/a025/shisetsuannai/koukyoushisetsu/kankyou004.html,〇,施設の開館時間による,6名,〇,施設の開館時間による,館内一部
荒川区,荒川老人福祉センター,荒川区荒川1-34-6,https://www.city.arakawa.tokyo.jp/a026/shisetsuannai/fukushikanren/sonota001.html,〇,施設の開館時間による,5名,〇,施設の開館時間による,館内一部
荒川区,アクロスあらかわ(障害者福祉会館),荒川区荒川2-57-8,https://www.city.arakawa.tokyo.jp/a030/shisetsuannai/fukushikanren/shougaishamuke001.html,〇,施設の開館時間による,10名,〇,施設の開館時間による,館内一部
荒川区,花の木ひろば館,荒川区荒川5-50-5,https://www.city.arakawa.tokyo.jp/a036/shisetsuannai/koukyoushisetsu/hiroba009.html,〇,施設の開館時間による,3名,〇,施設の開館時間による,館内一部
荒川区,熊野前ひろば館,荒川区東尾久5-9-3,https://www.city.arakawa.tokyo.jp/a036/shisetsuannai/koukyoushisetsu/hiroba020.html,〇,施設の開館時間による,3名,〇,施設の開館時間による,館内一部
荒川区,サンパール荒川（荒川区民会館）,荒川区荒川1-1-1,https://www.city.arakawa.tokyo.jp/a015/shisetsuannai/koukyoushisetsu/bunka003.html,〇,施設の開館時間による,5名,〇,施設の開館時間による,館内一部
荒川区,荒川区役所北庁舎,荒川区荒川2-11-1 ,https://www.city.arakawa.tokyo.jp/a004/shisetsuannai/koukyoushisetsu/kuyakusho002.html,〇,施設の開館時間による,5名,〇,施設の開館時間による,館内一部
荒川区,汐入公園,荒川区南千住8-13-1,https://www.tokyo-park.or.jp/park/shioiri/,,,,〇,"※水遊びができる屋外のスポットで、屋内施設ではありません。
未定、※電力ひっ迫時は運用を停止する可能性があります。",噴水広場
荒川区,尾久の原公園,荒川区東尾久7-1,https://tokyo-eastpark.com/parksearch/ogunohara,,,,〇,"※水遊びができる屋外のスポットで、屋内施設ではありません。
未定、※電力ひっ迫時は運用を停止する可能性があります。",じゃぶじゃぶ池
荒川区,えくぼ薬局,荒川区荒川4-3-3,,〇,"月～土　9:30～18:45
（祝日を除く）",5名,〇,"月～土　9:30～18:45
（祝日を除く）",施設内一部
荒川区,城北信用金庫　本店営業部,荒川区荒川3-79-7,,〇,平日　9:00～15:00,5名,〇,平日　9:00～15:00,施設内一部
荒川区,城北信用金庫　東尾久支店,荒川区東尾久2-37-18,,〇,平日　9:00～15:00,5名,〇,平日　9:00～15:00,施設内一部
荒川区,城北信用金庫　日暮里中央支店,荒川区東日暮里6-6-4,,〇,平日　9:00～15:00,5名,〇,平日　9:00～15:00,施設内一部
荒川区,城北信用金庫　尾久中央支店,荒川区西尾久3-8-1,,〇,平日　9:00～15:00,5名,〇,平日　9:00～15:00,施設内一部
荒川区,城北信用金庫　日暮里駅前支店,荒川区東日暮里5-51-10,,〇,平日　9:00～15:00,5名,〇,平日　9:00～15:00,施設内一部
荒川区,城北信用金庫　南千住支店,荒川区南千住5-40-16,,〇,平日　9:00～15:00,5名,〇,平日　9:00～15:00,施設内一部
荒川区,城北信用金庫　町屋支店,荒川区町屋1-3-9,,〇,平日　9:00～15:00,5名,〇,平日　9:00～15:00,施設内一部
荒川区,朝日信用金庫　東尾久支店,荒川区荒川5-31-7,,〇,平日　9:00～11:30 12:30～15:00,5名,〇,平日　9:00～11:30 12:30～15:00,施設内一部
荒川区,朝日信用金庫　西尾久支店,荒川区西尾久2-30-1,,〇,平日　9:00～11:30 12:30～15:00,5名,〇,平日　9:00～11:30 12:30～15:00,施設内一部
荒川区,朝日信用金庫　荒川南支店,荒川区荒川1-22-11,,〇,平日　9:00～11:30 12:30～15:00,5名,〇,平日　9:00～11:30 12:30～15:00,施設内一部
荒川区,よしむら薬局,荒川区町屋1-2-1-101,,〇,"月～金　9:00～19:00
土　9:00～15:00
（祝日を除く）",8名,〇,"月～金　9:00～19:00
土　9:00～15:00
（祝日を除く）",施設内一部
荒川区,日生薬局　町屋店,荒川区町屋2-2-21,,〇,"月・火・木・金　9:00～19:00
土　9:00～13:00
（祝日を除く）",6名,〇,"月・火・木・金　9:00～19:00
土　9:00～13:00
（祝日を除く）",施設内一部
荒川区,フジシロ薬局,荒川区町屋2-8-2-102,,〇,"月～金　9:00～18:00
土　9:00～15:00
（祝日を除く）",10名,〇,"月～金　9:00～18:00
土　9:00～15:00
（祝日を除く）",施設内一部
荒川区,きらら薬局,荒川区西尾久2-4-18,,〇,"月～金　9:00～18:00
土　9:00～14:00
（祝日を除く）",5名,〇,"月～金　9:00～18:00
土　9:00～14:00
（祝日を除く）",施設内一部
荒川区,尾久ミキ薬局,荒川区西尾久2-9-12,,〇,"月～金　9:00～18:00
土　9:00～13:00
（祝日を除く）",35名,〇,"月～金　9:00～18:00
土　9:00～13:00
（祝日を除く）",施設内一部
荒川区,なつめ薬局,荒川区西尾久2-15-3,,〇,"月・火・水・金　10:00～17:00
土　10:00～13:00
（祝日を除く）",5名,〇,"月・火・水・金　10:00～17:00
土　10:00～13:00
（祝日を除く）",施設内一部
荒川区,さつき薬局,荒川区西日暮里1-3-3,,〇,"月～金　9:00～17:00
土　9:00～12:30
（祝日を除く）",8名,〇,"月～金　9:00～17:00
土　9:00～12:30
（祝日を除く）",施設内一部
荒川区,メモリアルプランナーみはし,荒川区東尾久3-5-10,,〇,"月～日　10:00～17:00
（水曜日を除く）",5名,〇,"月～日　10:00～17:00
（水曜日を除く）",施設内一部
荒川区,あらかわ虹薬局,荒川区荒川4-54-1,,〇,"月～金　9:00～17:00
土　　　9:00～13:00
（祝日を除く）",10名,〇,"月～金　9:00～17:00
土　　　9:00～13:00
（祝日を除く）",施設内一部
荒川区,りんごちゃん薬局,荒川区荒川5-11-18,,〇,"月～金　9:00～18:30
土　　　9:00～13:00
日　　　9:00～12:30",3名,〇,"月～金　9:00～18:30
土　9:00～13:00
日　9:00～12:30",施設内一部
荒川区,町屋はなぞの薬局,荒川区町屋1-7-3,,〇,"月～金　9:00～19:00
土　　　9:00～13:00
（祝日を除く）",7名,〇,"月～金　9:00～19:00
土　9:00～13:00
（祝日を除く）",施設内一部
荒川区,フラワー薬局町屋駅前店,荒川区町屋1-1-8,,〇,"月～金　9:00～20:00
土　　　9:00～14:00
日　　　9:00～13:00",28名,〇,"月～金　9:00～20:00
土　9:00～14:00
日　9:00～13:00",施設内一部
荒川区,田辺薬局荒川町屋店,荒川区町屋8-2-17,,〇,"月・火・木・金　8:30～19:00
土　　　　　　　8:30～13:00
（祝日を除く）",3名,〇,"月・火・木・金　8:30～19:00
土　8:30～13:00
（祝日を除く）",施設内一部
荒川区,西日暮里薬局,荒川区西日暮里5-14-5-1階,,〇,"月　9:00～19:00
火～金　9:00～13:00 15:00～19:00
土～日　9:00～15:00
（祝日は除く）",3名,〇,"月　9:00～19:00
火～金　9:00～13:00、15:00～19:00
土～日　9:00～15:00
（祝日は除く）",施設内一部
板橋区,本庁舎1階,板橋区板橋2-66-1,https://www.city.itabashi.tokyo.jp/kenko/shokuiku/shien/1002456.html,〇,6月１日～10月21日 開放時間 8:30～17:00 休館日：土日・祝日,3～4名,〇,6月１日～10月21日 開放時間 8:30～17:00 休館日：土日・祝日,館内
板橋区,赤塚支所1階,板橋区赤塚6-38-1,https://www.city.itabashi.tokyo.jp/kenko/shokuiku/shien/1002456.html,〇,6月１日～10月21日 開放時間 8:30～17:00 休館日：保守点検日,2名,〇,6月１日～10月21日 開放時間 8:30～17:00 休館日：保守点検日,館内
板橋区,常盤台区民事務所,板橋区常盤台3ｰ27-1,https://www.city.itabashi.tokyo.jp/kenko/shokuiku/shien/1002456.html,〇,6月１日～10月21日 開放時間 8:30～17:00 休館日：土日・祝日,2名,〇,6月１日～10月21日 開放時間 8:30～17:00 休館日：土日・祝日,館内
板橋区,高島平区民事務所,板橋区高島平3-12-28,https://www.city.itabashi.tokyo.jp/kenko/shokuiku/shien/1002456.html,〇,6月１日～10月21日 開放時間 8:30～17:00 休館日：土日・祝日,2名,〇,6月１日～10月21日 開放時間 8:30～17:00 休館日：土日・祝日,館内
板橋区,板橋地域センター,板橋区板橋3-14-15,https://www.city.itabashi.tokyo.jp/kenko/shokuiku/shien/1002456.html,〇,6月１日～10月21日 開放時間 9:00～17:00 休館日：保守点検日・消毒日,2～4名,〇,6月１日～10月21日 開放時間 9:00～17:00 休館日：保守点検日・消毒日,館内
板橋区,熊野地域センター,板橋区熊野町40-9,https://www.city.itabashi.tokyo.jp/kenko/shokuiku/shien/1002456.html,〇,6月１日～10月21日 開放時間 9:00～17:00 休館日：保守点検日・消毒日,12名,〇,6月１日～10月21日 開放時間 9:00～17:00 休館日：保守点検日・消毒日,館内
板橋区,仲宿地域センター,板橋区氷川町12-10,https://www.city.itabashi.tokyo.jp/kenko/shokuiku/shien/1002456.html,〇,6月１日～10月21日 開放時間 9:00～17:00 休館日：保守点検日・消毒日,1名,〇,6月１日～10月21日 開放時間 9:00～17:00 休館日：保守点検日・消毒日,館内
板橋区,仲町地域センター,板橋区仲町20-5,https://www.city.itabashi.tokyo.jp/kenko/shokuiku/shien/1002456.html,〇,6月１日～10月21日 開放時間 9:00～17:00 休館日：保守点検日・消毒日,8名,〇,6月１日～10月21日 開放時間 9:00～17:00 休館日：保守点検日・消毒日,館内
板橋区,富士見地域センター,板橋区富士見町3-1,https://www.city.itabashi.tokyo.jp/kenko/shokuiku/shien/1002456.html,〇,6月１日～10月21日 開放時間 9:00～17:00 休館日：保守点検日・消毒日,6名,〇,6月１日～10月21日 開放時間 9:00～17:00 休館日：保守点検日・消毒日,館内
板橋区,大谷口地域センター,板橋区大谷口2-12-5,https://www.city.itabashi.tokyo.jp/kenko/shokuiku/shien/1002456.html,〇,6月１日～10月21日 開放時間 9:00～17:00 休館日：保守点検日・消毒日,9～10名,〇,6月１日～10月21日 開放時間 9:00～17:00 休館日：保守点検日・消毒日,館内
板橋区,向原ホール,板橋区向原1-18-17,https://www.city.itabashi.tokyo.jp/kenko/shokuiku/shien/1002456.html,〇,6月１日～10月21日 開放時間 9:00～17:00 休館日：保守点検日・消毒日,7名,〇,6月１日～10月21日 開放時間 9:00～17:00 休館日：保守点検日・消毒日,館内
板橋区,常盤台地域センター,板橋区常盤台4-14-1,https://www.city.itabashi.tokyo.jp/kenko/shokuiku/shien/1002456.html,〇,6月１日～10月21日 開放時間 9:00～17:00 休館日：保守点検日・消毒日,6名,〇,6月１日～10月21日 開放時間 9:00～17:00 休館日：保守点検日・消毒日,館内
板橋区,清水地域センター,板橋区泉町16-16,https://www.city.itabashi.tokyo.jp/kenko/shokuiku/shien/1002456.html,〇,6月１日～10月21日 開放時間 9:00～17:00 休館日：保守点検日・消毒日,10名,〇,6月１日～10月21日 開放時間 9:00～17:00 休館日：保守点検日・消毒日,館内
板橋区,志村坂上地域センター,板橋区小豆沢2-19-15,https://www.city.itabashi.tokyo.jp/kenko/shokuiku/shien/1002456.html,〇,6月１日～10月21日 開放時間 9:00～17:00 休館日：保守点検日・消毒日,5名,〇,6月１日～10月21日 開放時間 9:00～17:00 休館日：保守点検日・消毒日,館内
板橋区,中台地域センター,板橋区中台1-44-8,https://www.city.itabashi.tokyo.jp/kenko/shokuiku/shien/1002456.html,〇,6月１日～10月21日 開放時間 9:00～17:00 休館日：保守点検日・消毒日,2名,〇,6月１日～10月21日 開放時間 9:00～17:00 休館日：保守点検日・消毒日,館内
板橋区,蓮根地域センター,板橋区坂下2-18-1,https://www.city.itabashi.tokyo.jp/kenko/shokuiku/shien/1002456.html,〇,6月１日～10月21日 開放時間 9:00～17:00 休館日：保守点検日・消毒日,3名,〇,6月１日～10月21日 開放時間 9:00～17:00 休館日：保守点検日・消毒日,館内
板橋区,舟渡地域センター,板橋区舟渡3-19-8,https://www.city.itabashi.tokyo.jp/kenko/shokuiku/shien/1002456.html,〇,6月１日～10月21日 開放時間 9:00～17:00 休館日：保守点検日・消毒日,1名,〇,6月１日～10月21日 開放時間 9:00～17:00 休館日：保守点検日・消毒日,館内
板橋区,舟渡ホール,板橋区舟渡1-14-5,https://www.city.itabashi.tokyo.jp/kenko/shokuiku/shien/1002456.html,〇,6月１日～10月21日 開放時間 9:00～17:00 休館日：保守点検日・消毒日,13名,〇,6月１日～10月21日 開放時間 9:00～17:00 休館日：保守点検日・消毒日,館内
板橋区,前野地域センター,板橋区前野町4-6-1,https://www.city.itabashi.tokyo.jp/kenko/shokuiku/shien/1002456.html,〇,6月１日～10月21日 開放時間 9:00～17:00 休館日：保守点検日・消毒日,4名,〇,6月１日～10月21日 開放時間 9:00～17:00 休館日：保守点検日・消毒日,館内
板橋区,前野ホール,板橋区前野町2-43-15,https://www.city.itabashi.tokyo.jp/kenko/shokuiku/shien/1002456.html,〇,6月１日～10月22日 開放時間 9:00～17:00 休館日：保守点検日・消毒日,4名,〇,6月１日～10月22日 開放時間 9:00～17:00 休館日：保守点検日・消毒日,館内
板橋区,桜川地域センター,板橋区東新町2-45-6,https://www.city.itabashi.tokyo.jp/kenko/shokuiku/shien/1002456.html,〇,6月１日～10月21日 開放時間 9:00～17:00 休館日：保守点検日・消毒日,14名,〇,6月１日～10月21日 開放時間 9:00～17:00 休館日：保守点検日・消毒日,館内
板橋区,成増地域センター,板橋区成増3-11ｰ3ｰ405,https://www.city.itabashi.tokyo.jp/kenko/shokuiku/shien/1002456.html,〇,6月１日～10月21日 開放時間 9:00～17:00 休館日：保守点検日・消毒日,14名,〇,6月１日～10月21日 開放時間 9:00～17:00 休館日：保守点検日・消毒日,館内
板橋区,徳丸地域センター,板橋区徳丸3-35-15,https://www.city.itabashi.tokyo.jp/kenko/shokuiku/shien/1002456.html,〇,6月１日～10月21日 開放時間 9:00～17:00 休館日：保守点検日・消毒日,9名,〇,6月１日～10月21日 開放時間 9:00～17:00 休館日：保守点検日・消毒日,館内
板橋区,文化会館,板橋区大山東町51-1,https://www.city.itabashi.tokyo.jp/kenko/shokuiku/shien/1002456.html,〇,6月１日～10月21日 開放時間 9:00～17:00 休館日：保守点検日・消毒日,4名,〇,6月１日～10月21日 開放時間 9:00～17:00 休館日：保守点検日・消毒日,館内
板橋区,グリーンホール1階,板橋区栄町36-1,https://www.city.itabashi.tokyo.jp/kenko/shokuiku/shien/1002456.html,〇,6月１日～10月21日 開放時間 9:00～17:00 休館日：保守点検日・消毒日,2名,〇,6月１日～10月21日 開放時間 9:00～17:00 休館日：保守点検日・消毒日,館内
板橋区,美術館,板橋区赤塚5-34-27,https://www.city.itabashi.tokyo.jp/kenko/shokuiku/shien/1002456.html,〇,6月１日～10月21日 開放時間 9:30～17:00 休館日:月曜日（祝日のときは翌平日）,19名,〇,6月１日～10月21日 開放時間 9:30～17:00 休館日:月曜日（祝日のときは翌平日）,館内
板橋区,小豆沢体育館,板橋区小豆沢3-1-1,https://www.city.itabashi.tokyo.jp/kenko/shokuiku/shien/1002456.html,〇,6月１日～10月21日 開放時間 9:00～17:00 休館日：第二月曜日（祝日のときは翌平日）,3名,〇,6月１日～10月21日 開放時間 9:00～17:00 休館日：第二月曜日（祝日のときは翌平日）,館内
板橋区,赤塚体育館,板橋区赤塚5-6-1,https://www.city.itabashi.tokyo.jp/kenko/shokuiku/shien/1002456.html,〇,6月１日～10月21日 開放時間 9:00～17:00 休館日：第三月曜日（祝日のときは翌平日）,2名,〇,6月１日～10月21日 開放時間 9:00～17:00 休館日：第三月曜日（祝日のときは翌平日）,館内
板橋区,加賀スポーツセンター,板橋区加賀1ｰ10-5,https://www.city.itabashi.tokyo.jp/kenko/shokuiku/shien/1002456.html,〇,6月１日～10月21日 開放時間 9:00～17:00 休館日：第三月曜日（祝日のときは翌平日）,6名,〇,6月１日～10月21日 開放時間 9:00～17:00 休館日：第三月曜日（祝日のときは翌平日）,館内
板橋区,上板橋体育館,板橋区桜川1-3-1,https://www.city.itabashi.tokyo.jp/kenko/shokuiku/shien/1002456.html,〇,6月１日～10月21日 開放時間 9:00～17:00 休館日：第二月曜日（祝日のときは翌平日）,4名,〇,6月１日～10月21日 開放時間 9:00～17:00 休館日：第二月曜日（祝日のときは翌平日）,館内
板橋区,高島平温水プール,板橋区高島平8-28-1,https://www.city.itabashi.tokyo.jp/kenko/shokuiku/shien/1002456.html,〇,6月１日～10月21日 開放時間 9:00～17:00 休館日：第二月曜日（祝日のときは翌平日）,3名,〇,6月１日～10月21日 開放時間 9:00～17:00 休館日：第二月曜日（祝日のときは翌平日）,館内
板橋区,仲町ふれあい館,板橋区仲町20-5,https://www.city.itabashi.tokyo.jp/kenko/shokuiku/shien/1002456.html,〇,6月１日～10月21日 開放時間 9:00～17:00 休館日：月曜日,9名,〇,6月１日～10月21日 開放時間 9:00～17:00 休館日：月曜日,館内
板橋区,中台ふれあい館,板橋区中台2-14-1,https://www.city.itabashi.tokyo.jp/kenko/shokuiku/shien/1002456.html,〇,6月１日～10月21日 開放時間 9:00～17:00 休館日：月曜日,4名,〇,6月１日～10月21日 開放時間 9:00～17:00 休館日：月曜日,館内
板橋区,徳丸ふれあい館,板橋区徳丸2-12-12,https://www.city.itabashi.tokyo.jp/kenko/shokuiku/shien/1002456.html,〇,6月１日～10月21日 開放時間 9:00～17:00 休館日：火曜日,8名,〇,6月１日～10月21日 開放時間 9:00～17:00 休館日：火曜日,館内
板橋区,志村ふれあい館,板橋区志村3-32-6,https://www.city.itabashi.tokyo.jp/kenko/shokuiku/shien/1002456.html,〇,6月１日～10月21日 開放時間 9:00～17:00 休館日：火曜日,8名,〇,6月１日～10月21日 開放時間 9:00～17:00 休館日：火曜日,館内
板橋区,高島平ふれあい館,板橋区高島平8-29-1,https://www.city.itabashi.tokyo.jp/kenko/shokuiku/shien/1002456.html,〇,6月１日～10月21日 開放時間 9:00～17:00 休館日：月曜日,3名,〇,6月１日～10月21日 開放時間 9:00～17:00 休館日：月曜日,館内
板橋区,旧おとしより保健福祉センター,板橋区前野町4-16-1,https://www.city.itabashi.tokyo.jp/kenko/shokuiku/shien/1002456.html,〇,6月１日～10月21日 開放時間 9:00～17:00 休館日：土曜日・日曜日・祝日,4名,〇,6月１日～10月21日 開放時間 9:00～17:00 休館日：土曜日・日曜日・祝日,館内
板橋区,熊野おとしより相談センター併設フリースペース,板橋区中丸町27-11,https://www.city.itabashi.tokyo.jp/kenko/shokuiku/shien/1002456.html,〇,6月１日～10月21日 開放時間 9:00～17:00 休館日：日曜日・祝日,1名,〇,6月１日～10月21日 開放時間 9:00～17:00 休館日：日曜日・祝日,館内
板橋区,富士見おとしより相談センター併設フリースペース,板橋区大和町26-3,https://www.city.itabashi.tokyo.jp/kenko/shokuiku/shien/1002456.html,〇,6月１日～10月21日 開放時間 9:00～17:00 休館日：日曜日・祝日,2名,〇,6月１日～10月21日 開放時間 9:00～17:00 休館日：日曜日・祝日,館内
板橋区,清水おとしより相談センター併設フリースペース,板橋区泉町16-16,https://www.city.itabashi.tokyo.jp/kenko/shokuiku/shien/1002456.html,〇,6月１日～10月21日 開放時間 9:00～17:00 休館日：日曜日・祝日,5名,〇,6月１日～10月21日 開放時間 9:00～17:00 休館日：日曜日・祝日,館内
板橋区,ウェルネススペース板橋,板橋区板橋3-26-4,https://www.city.itabashi.tokyo.jp/kenko/shokuiku/shien/1002456.html,〇,6月１日～10月21日 開放時間 9:00～17:00 休館日：日曜日・祝日,2名,〇,6月１日～10月21日 開放時間 9:00～17:00 休館日：日曜日・祝日,館内
板橋区,ウェルネススペース蓮根,板橋区蓮根3-15-1-103,https://www.city.itabashi.tokyo.jp/kenko/shokuiku/shien/1002456.html,〇,6月１日～10月21日 開放時間 9:00～17:00 休館日：日曜日・祝日,2名,〇,6月１日～10月21日 開放時間 9:00～17:00 休館日：日曜日・祝日,館内
板橋区,板橋区保健所1階,板橋区大山東町32-15,https://www.city.itabashi.tokyo.jp/kenko/shokuiku/shien/1002456.html,〇,6月１日～10月21日 開放時間 9:00～17:00 休館日：土日・祝日,2名,〇,6月１日～10月21日 開放時間 9:00～17:00 休館日：土日・祝日,館内
板橋区,上板橋健康福祉センター,板橋区桜川3-18-6,https://www.city.itabashi.tokyo.jp/kenko/shokuiku/shien/1002456.html,〇,6月１日～10月21日 開放時間 9:00～17:00 休館日：土日・祝日,1名,〇,6月１日～10月21日 開放時間 9:00～17:00 休館日：土日・祝日,館内
板橋区,赤塚健康福祉センター,板橋区赤塚1-10-13,https://www.city.itabashi.tokyo.jp/kenko/shokuiku/shien/1002456.html,〇,6月１日～10月21日 開放時間 9:00～17:00 休館日：土日・祝日,5名,〇,6月１日～10月21日 開放時間 9:00～17:00 休館日：土日・祝日,館内
板橋区,志村健康福祉センター,板橋区蓮根2-5-5,https://www.city.itabashi.tokyo.jp/kenko/shokuiku/shien/1002456.html,〇,6月１日～10月21日 開放時間 9:00～17:00 休館日：土日・祝日,5名,〇,6月１日～10月21日 開放時間 9:00～17:00 休館日：土日・祝日,館内
板橋区,高島平健康福祉センター,板橋区高島平3-13-28,https://www.city.itabashi.tokyo.jp/kenko/shokuiku/shien/1002456.html,〇,6月１日～10月21日 開放時間 9:00～17:00 休館日：土日・祝日,1名,〇,6月１日～10月21日 開放時間 9:00～17:00 休館日：土日・祝日,館内
板橋区,子ども家庭総合支援センター（児童相談所）,板橋区本町24-17,https://www.city.itabashi.tokyo.jp/kenko/shokuiku/shien/1002456.html,〇,6月１日～10月21日 開放時間 9:00～17:00 休館日：土日・祝日,5名,〇,6月１日～10月21日 開放時間 9:00～17:00 休館日：土日・祝日,館内
板橋区,大原生涯学習センター,板橋区大原町5-18,https://www.city.itabashi.tokyo.jp/kenko/shokuiku/shien/1002456.html,〇,6月１日～10月21日 開放時間 9:00～17:00 休館日：第三月曜日,28名,〇,6月１日～10月21日 開放時間 9:00～17:00 休館日：第三月曜日,館内
板橋区,成増生涯学習センター,板橋区成増1-12-4,https://www.city.itabashi.tokyo.jp/kenko/shokuiku/shien/1002456.html,〇,6月１日～10月21日 開放時間 9:00～17:00 休館日：第三月曜日,35～40名,〇,6月１日～10月21日 開放時間 9:00～17:00 休館日：第三月曜日,館内
板橋区,教育科学館,板橋区常盤台4-14-1,https://www.city.itabashi.tokyo.jp/kenko/shokuiku/shien/1002456.html,〇,6月１日～10月21日 開放時間 9:00～16:30 休館日：月曜日（祝日のときは翌平日）,31名,〇,6月１日～10月21日 開放時間 9:00～16:30 休館日：月曜日（祝日のときは翌平日）,館内
板橋区,郷土資料館,板橋区赤塚5-35-25,https://www.city.itabashi.tokyo.jp/kenko/shokuiku/shien/1002456.html,〇,6月１日～10月21日 開放時間 9:30～17:00 休館日：月曜日（祝日のときは翌平日）,25～31名,〇,6月１日～10月21日 開放時間 9:30～17:00 休館日：月曜日（祝日のときは翌平日）,館内
板橋区,郷土芸能伝承館,板橋区徳丸6-29-13,https://www.city.itabashi.tokyo.jp/kenko/shokuiku/shien/1002456.html,〇,6月１日～10月21日 開放時間 9:00～17:00 休館日：第三月曜日（祝日のときは翌平日）,2名,〇,6月１日～10月21日 開放時間 9:00～17:00 休館日：第三月曜日（祝日のときは翌平日）,館内
板橋区,中央図書館,板橋区常盤台4-3-1,https://www.city.itabashi.tokyo.jp/kenko/shokuiku/shien/1002456.html,〇,6月１日～10月21日 開放時間 9:00～17:00 休館日：第二月曜日（祝日のときは翌平日）・月末・特別整理期間,2名,〇,6月１日～10月21日 開放時間 9:00～17:00 休館日：第二月曜日（祝日のときは翌平日）・月末・特別整理期間,館内
板橋区,赤塚図書館,板橋区赤塚6-38-1,https://www.city.itabashi.tokyo.jp/kenko/shokuiku/shien/1002456.html,〇,6月１日～10月21日 開放時間 9:00～17:00 休館日：第三月曜日（祝日のときは翌平日）・月末・特別整理期間,1名,〇,6月１日～10月21日 開放時間 9:00～17:00 休館日：第三月曜日（祝日のときは翌平日）・月末・特別整理期間,館内
板橋区,清水図書館,板橋区泉町16-16,https://www.city.itabashi.tokyo.jp/kenko/shokuiku/shien/1002456.html,〇,6月１日～10月21日 開放時間 9:00～17:00 休館日：第三月曜日（祝日のときは翌平日）・月末・特別整理期間,4名,〇,6月１日～10月21日 開放時間 9:00～17:00 休館日：第三月曜日（祝日のときは翌平日）・月末・特別整理期間,館内
板橋区,蓮根図書館,板橋区蓮根3-15ｰ1-101,https://www.city.itabashi.tokyo.jp/kenko/shokuiku/shien/1002456.html,〇,6月１日～10月21日 開放時間 9:00～17:00 休館日：第三月曜日（祝日のときは翌平日）・月末・特別整理期間,2名,〇,6月１日～10月21日 開放時間 9:00～17:00 休館日：第三月曜日（祝日のときは翌平日）・月末・特別整理期間,館内
板橋区,氷川図書館,板橋区氷川町28-9,https://www.city.itabashi.tokyo.jp/kenko/shokuiku/shien/1002456.html,〇,6月１日～10月21日 開放時間 9:00～17:00 休館日：第三月曜日（祝日のときは翌平日）・月末・特別整理期間,3名,〇,6月１日～10月21日 開放時間 9:00～17:00 休館日：第三月曜日（祝日のときは翌平日）・月末・特別整理期間,館内
板橋区,高島平図書館,板橋区高島平3-13-1,https://www.city.itabashi.tokyo.jp/kenko/shokuiku/shien/1002456.html,〇,6月１日～10月21日 開放時間 9:00～17:00 休館日：第三月曜日（祝日のときは翌平日）・月末・特別整理期間,5名,〇,6月１日～10月21日 開放時間 9:00～17:00 休館日：第三月曜日（祝日のときは翌平日）・月末・特別整理期間,館内
板橋区,小茂根図書館,板橋区小茂根1-6-2,https://www.city.itabashi.tokyo.jp/kenko/shokuiku/shien/1002456.html,〇,6月１日～10月21日 開放時間 9:00～17:00 休館日：第三月曜日（祝日のときは翌平日）・月末・特別整理期間,2名,〇,6月１日～10月21日 開放時間 9:00～17:00 休館日：第三月曜日（祝日のときは翌平日）・月末・特別整理期間,館内
板橋区,西台図書館,板橋区西台3-13-2,https://www.city.itabashi.tokyo.jp/kenko/shokuiku/shien/1002456.html,〇,6月１日～10月21日 開放時間 9:00～17:00 休館日：第三月曜日（祝日のときは翌平日）・月末・特別整理期間,2名,〇,6月１日～10月21日 開放時間 9:00～17:00 休館日：第三月曜日（祝日のときは翌平日）・月末・特別整理期間,館内
板橋区,志村図書館,板橋区小豆沢1-8-1,https://www.city.itabashi.tokyo.jp/kenko/shokuiku/shien/1002456.html,〇,6月１日～10月21日 開放時間 9:00～17:00 休館日：第三月曜日（祝日のときは翌平日）・月末・特別整理期間,4名,〇,6月１日～10月21日 開放時間 9:00～17:00 休館日：第三月曜日（祝日のときは翌平日）・月末・特別整理期間,館内
板橋区,成増図書館,板橋区成増3-13-1(3F),https://www.city.itabashi.tokyo.jp/kenko/shokuiku/shien/1002456.html,〇,6月１日～10月21日 開放時間 9:00～17:00 休館日：第三月曜日（祝日のときは翌平日）・月末・特別整理期間,1名,〇,6月１日～10月21日 開放時間 9:00～17:00 休館日：第三月曜日（祝日のときは翌平日）・月末・特別整理期間,館内
板橋区,浮間公園,板橋区舟渡2-15-1,https://www.tokyo-park.or.jp/park/ukima/,,,,〇,"※水遊びができる屋外のスポットで、屋内施設ではありません。
未定、※電力ひっ迫時は運用を停止する可能性があります。",じゃぶじゃぶ池
板橋区,赤塚公園,板橋区高島平3-1,https://www.tokyo-park.or.jp/park/akatsuka/,,,,〇,じゃぶじゃぶ池開場期間：未定　※電力ひっ迫時は運用を停止する可能性があります。,じゃぶじゃぶ池
板橋区,アイエス薬局中台店,中台1-5-4,https://www.city.itabashi.tokyo.jp/kenko/shokuiku/shien/1002456.html,〇,"月・火・水・金　
9時～12時/15時～18時
土　9時～12時
休館日：木・日・祝日（８月夏季休業１週間程度あり）　",2～3名,〇,"月・火・水・金　
9時～12時/15時～18時
土　9時～12時
休館日：木・日・祝日（８月夏季休業１週間程度あり）　",館内
板橋区,板橋区薬剤師会管理センター薬局,常盤台１－４０－１,https://www.city.itabashi.tokyo.jp/kenko/shokuiku/shien/1002456.html,〇,"月～金　9時～17時
土　9時～15時
休館日：日・祝日",1名,〇,"月～金　9時～17時
土　9時～15時
休館日：日・祝日",館内
板橋区,一番通り薬局,赤塚２－１０－１５,https://www.city.itabashi.tokyo.jp/kenko/shokuiku/shien/1002456.html,〇,"月・水・金　9時～17時
火・木　9時～18時
土　9時～12時
休館日：日・祝日",2名,〇,"月・水・金　9時～17時
火・木　9時～18時
土　9時～12時
休館日：日・祝日",館内
板橋区,うさぎ薬局,赤塚６－２５－１１,https://www.city.itabashi.tokyo.jp/kenko/shokuiku/shien/1002456.html,〇,"月・火・水・金　9時～19時
木・土　9時～13時
休館日：日・祝日",2名,〇,"月・火・水・金　9時～19時
木・土　9時～13時
休館日：日・祝日",館内
板橋区,おおにし薬局,常盤台３－２６－１６,https://www.city.itabashi.tokyo.jp/kenko/shokuiku/shien/1002456.html,〇,"月～金　9時30分～19時　
土　9時30分～13時
休館日：日・祝日",何人でも,〇,"月～金　9時30分～19時　
土　9時30分～13時
休館日：日・祝日",館内
板橋区,かい薬局光が丘店,赤塚新町３－３２－１４－１０４,https://www.city.itabashi.tokyo.jp/kenko/shokuiku/shien/1002456.html,〇,"月～金　9時～20時　
土　9時～18時
日　10時～15時　
祝日　10時～18時",6名,〇,"月～金　9時～20時　
土　9時～18時
日　10時～15時　
祝日　10時～18時",館内
板橋区,かみいた調剤薬局,上板橋２－２－１７,https://www.city.itabashi.tokyo.jp/kenko/shokuiku/shien/1002456.html,〇,"月～金　9時～18時30分　
土　9時～13時
休館日：日・祝日",1名,〇,"月～金　9時～18時30分　
土　9時～13時
休館日：日・祝日",館内
板橋区,坂下薬局,坂下１－２６－１３,https://www.city.itabashi.tokyo.jp/kenko/shokuiku/shien/1002456.html,〇,"月～金　9時～19時
土　9時～14時
休館日：日・祝日",1名,〇,"月～金　9時～19時
土　9時～14時
休館日：日・祝日",館内
板橋区,サニー薬局,大山東町５７－６,https://www.city.itabashi.tokyo.jp/kenko/shokuiku/shien/1002456.html,〇,"月～金　9時～18時　
土　9時～12時
休館日：日・祝日",2名,〇,"月～金　9時～18時　
土　9時～12時
休館日：日・祝日",館内
板橋区,志村薬局,坂下１－１２－２１,https://www.city.itabashi.tokyo.jp/kenko/shokuiku/shien/1002456.html,〇,"月～土　9時～13時
休館日：日・祝日",3名,〇,"月～土　9時～13時
休館日：日・祝日",館内
板橋区,高島通り薬局,高島平８－２－２,https://www.city.itabashi.tokyo.jp/kenko/shokuiku/shien/1002456.html,〇,"月・火・木・金　9時～18時
水　9時～17時　
土　9時～13時
休館日：日・祝日",2名,〇,"月・火・木・金　9時～18時
水　9時～17時　
土　9時～13時
休館日：日・祝日",館内
板橋区,竹内薬局遊座店,大山東町２４ー１４,https://www.city.itabashi.tokyo.jp/kenko/shokuiku/shien/1002456.html,〇,"月・火・木・金・土　10時～19時　
水　10時～18時
休館日：日・祝日",3名,〇,"月・火・木・金・土　10時～19時　
水　10時～18時
休館日：日・祝日",館内
板橋区,成増調剤薬局,成増１－１４－１９,https://www.city.itabashi.tokyo.jp/kenko/shokuiku/shien/1002456.html,〇,"月・金　9時～20時　
火・水・木　9時～18時
土　9時～16時30分
休館日：日・祝日",3名,〇,"月・金　9時～20時　
火・水・木　9時～18時
土　9時～16時30分
休館日：日・祝日",館内
板橋区,二階堂調剤薬局,大山町８－１０,https://www.city.itabashi.tokyo.jp/kenko/shokuiku/shien/1002456.html,〇,"月～金　
9時～13時/14時30分～19時　
土　9時～13時
休館日：日・祝日・お盆休み（不定期）",2名,〇,"月～金　
9時～13時/14時30分～19時　
土　9時～13時
休館日：日・祝日・お盆休み（不定期）",館内
板橋区,二階堂調剤薬局ときわ台店,南常盤台１－３０－２１,https://www.city.itabashi.tokyo.jp/kenko/shokuiku/shien/1002456.html,〇,"月～金　9時～13時/15時～18時　
土　9時～13時
休館日：日・祝日・お盆休み（不定期）",1名,〇,"月～金　9時～13時/15時～18時　
土　9時～13時
休館日：日・祝日・お盆休み（不定期）",館内
板橋区,西台ファミリー薬局,西台４－５－６,https://www.city.itabashi.tokyo.jp/kenko/shokuiku/shien/1002456.html,〇,"月～金　9時～19時　
土　9時～13時
休館日：日・祝日",2名,〇,"月～金　9時～19時　
土　9時～13時
休館日：日・祝日",館内
板橋区,ヒルマ薬局小豆沢店,小豆沢２－１７－１,https://www.city.itabashi.tokyo.jp/kenko/shokuiku/shien/1002456.html,〇,"月～土　9時30分～18時
休館日：日・祝日",1名,〇,"月～土　9時30分～18時
休館日：日・祝日",館内
板橋区,まえの薬局北口店,常盤台１－４４－１,https://www.city.itabashi.tokyo.jp/kenko/shokuiku/shien/1002456.html,〇,"月・火・木・金　9時～19時
水　9時～17時　
土　9時～13時
休館日：日・祝日",3名,〇,"月・火・木・金　9時～19時
水　9時～17時　
土　9時～13時
休館日：日・祝日",館内
板橋区,みどり薬局,小豆沢１－９－１４,https://www.city.itabashi.tokyo.jp/kenko/shokuiku/shien/1002456.html,〇,"月～金　9時～17時
土　9時～13時
休館日：日・祝日",3～5名,〇,"月～金　9時～17時
土　9時～13時
休館日：日・祝日",館内
板橋区,わかくさ薬局小茂根店,小茂根１－２１－４,https://www.city.itabashi.tokyo.jp/kenko/shokuiku/shien/1002456.html,〇,"月・火・水・金　
9時～13時/14時～19時
木　9時～13時/14時～17時　
土　9時～13時
休館日：日・祝日",,〇,"月・火・水・金　
9時～13時/14時～19時
木　9時～13時/14時～17時　
土　9時～13時
休館日：日・祝日",館内
板橋区,大山東調剤薬局,大山東町４５－４－１階,https://www.city.itabashi.tokyo.jp/kenko/shokuiku/shien/1002456.html,〇,"月・土　9時～14時　
火・水・木・金　9時～17時
休館日：日・祝日",1名,〇,"月・土　9時～14時　
火・水・木・金　9時～17時
休館日：日・祝日",館内
板橋区,冲永薬局,清水町５－１３,https://www.city.itabashi.tokyo.jp/kenko/shokuiku/shien/1002456.html,〇,"月～土　9時～16時
休館日：金・日・祝日",4名,〇,"月～土　9時～16時
休館日：金・日・祝日",館内
板橋区,コトブキ調剤薬局板橋店,稲荷台１０－４,https://www.city.itabashi.tokyo.jp/kenko/shokuiku/shien/1002456.html,〇,"月～金　9時～18時　
土　9時～15時
休館日：日・祝日",5名,〇,"月～金　9時～18時　
土　9時～15時
休館日：日・祝日",館内
板橋区,すみれ薬局,高島平１－７２－１４アジリア西台EAST１０１,https://www.city.itabashi.tokyo.jp/kenko/shokuiku/shien/1002456.html,〇,"月～金　9時～19時　
土　9時～13時30分
休館日：日・祝日",5名,〇,"月～金　9時～19時　
土　9時～13時30分
休館日：日・祝日",館内
板橋区,すみれ薬局本店,高島平１－６９－１４,https://www.city.itabashi.tokyo.jp/kenko/shokuiku/shien/1002456.html,〇,"月～金　9時～18時　
土　9時～13時
休館日：日・祝日",5名,〇,"月～金　9時～18時　
土　9時～13時
休館日：日・祝日",館内
板橋区,成田薬局,中丸町２６－８,https://www.city.itabashi.tokyo.jp/kenko/shokuiku/shien/1002456.html,〇,"月・火・水・金　9時～18時30分　
木　9時30分～17時30分　
土　9時～14時
休館日：日・祝日",3名,〇,"月・火・水・金　9時～18時30分　
木　9時30分～17時30分　
土　9時～14時
休館日：日・祝日",館内
板橋区,古屋薬局,本町３５－１６,https://www.city.itabashi.tokyo.jp/kenko/shokuiku/shien/1002456.html,〇,"月・金　10時～17時　
火・水・木・土　10時～14時
休館日：日・祝日",1名,〇,"月・金　10時～17時　
火・水・木・土　10時～14時
休館日：日・祝日",館内
板橋区,薬局トモズ大谷口店,大谷口２－６７－３,https://www.city.itabashi.tokyo.jp/kenko/shokuiku/shien/1002456.html,〇,"9時～18時
休館日：祝日",1名,〇,"9時～18時
休館日：祝日",館内
板橋区,薬局トモズ志村三丁目店,志村３－７－４ １F,https://www.city.itabashi.tokyo.jp/kenko/shokuiku/shien/1002456.html,〇,"月～金　9時～19時　
土　9時～18時
休館日：日・祝日",3名,〇,"月～金　9時～19時　
土　9時～18時
休館日：日・祝日",館内
板橋区,中川薬局高島平店,高島平２－２１－６,https://www.city.itabashi.tokyo.jp/kenko/shokuiku/shien/1002456.html,〇,"月・火・木・金　9時～19時　
水　9時～17時　
土　9時～13時
日　9時～12時
休館日：祝日",3名,〇,"月・火・木・金　9時～19時　
水　9時～17時　
土　9時～13時
日　9時～12時
休館日：祝日",館内
板橋区,新板橋駅前薬局,板橋４－４－３白鳩マンション1F,https://www.city.itabashi.tokyo.jp/kenko/shokuiku/shien/1002456.html,〇,"月～金　9時～18時30分　
土　9時～13時
休館日：日・祝日",5名,〇,"月～金　9時～18時30分　
土　9時～13時
休館日：日・祝日",館内
板橋区,"アイン薬局
高島平店",高島平3-12-6,https://www.city.itabashi.tokyo.jp/kenko/shokuiku/shien/1002456.html,〇,"月～金　9時～17時30分　
土　9時～12時30分
休館日：日・祝日",5名,〇,"月～金　9時～17時30分　
土　9時～12時30分
休館日：日・祝日",館内
板橋区,"いちょう薬局
板橋成増店",成増1-27-2,https://www.city.itabashi.tokyo.jp/kenko/shokuiku/shien/1002456.html,〇,"月～金　9時～19時
土　9時～17時
休館日：日・祝日",2～3,〇,"月～金　9時～19時
土　9時～17時
休館日：日・祝日",館内
板橋区,"いまがわ薬局
新高島平駅前店",高島平7-15-7,https://www.city.itabashi.tokyo.jp/kenko/shokuiku/shien/1002456.html,〇,"月～土　13時～14時30分
休館日：日・祝日",3名,〇,"月～土　13時～14時30分
休館日：日・祝日",館内
板橋区,おんだ薬局,大山町57-3,https://www.city.itabashi.tokyo.jp/kenko/shokuiku/shien/1002456.html,〇,"月～金　8時45分～19時
土　8時45分～15時
休館日：日・祝日",4名,〇,"月～金　8時45分～19時
土　8時45分～15時
休館日：日・祝日",館内
板橋区,"かちどき薬局
常盤台店",常盤台1-30-6,https://www.city.itabashi.tokyo.jp/kenko/shokuiku/shien/1002456.html,〇,"月火水金　9時～19時
木　9時～18時
土　9時～17時
休館日：日・祝日",1～5,〇,"月火水金　9時～19時
木　9時～18時
土　9時～17時
休館日：日・祝日",館内
板橋区,かつみ薬局,赤塚5-1-4,https://www.city.itabashi.tokyo.jp/kenko/shokuiku/shien/1002456.html,〇,"月～金　13時～15時
休館日：日・祝日",2名,〇,"月～金　13時～15時
休館日：日・祝日",館内
板橋区,"クオール薬局
大山店",栄町28-4,https://www.city.itabashi.tokyo.jp/kenko/shokuiku/shien/1002456.html,〇,"月～金　9時～16時
休館日：日・祝日",5名,〇,"月～金　9時～16時
休館日：日・祝日",館内
板橋区,"クオール薬局
高島平店",高島平8-15-6,https://www.city.itabashi.tokyo.jp/kenko/shokuiku/shien/1002456.html,〇,"月～金　9時～18時30分
土曜　9時～13時
休館日：日・祝日",5名,〇,"月～金　9時～18時30分
土曜　9時～13時
休館日：日・祝日",館内
板橋区,"クオール薬局
中板橋店",中板橋20-1-103,https://www.city.itabashi.tokyo.jp/kenko/shokuiku/shien/1002456.html,〇,"月～金　12時30分～15時
土曜　12時30分～15時
(混雑状況により変動)
休館日：日・祝日",5名,〇,"月～金　12時30分～15時
土曜　12時30分～15時
(混雑状況により変動)
休館日：日・祝日",館内
板橋区,くすりのダイイチ薬局常盤台店,常盤台2-6-4,https://www.city.itabashi.tokyo.jp/kenko/shokuiku/shien/1002456.html,〇,"月・火・水・金　9時～19時
木　9時～18時
土　9時～17時30分
休館日：日・祝日",1名,〇,"月・火・水・金　9時～19時
木　9時～18時
土　9時～17時30分
休館日：日・祝日",館内
板橋区,ケーアイ蓮根薬局,蓮根2-20-12,https://www.city.itabashi.tokyo.jp/kenko/shokuiku/shien/1002456.html,〇,"月～金　9時～18時30分
土　9時～13時
休館日：日・祝日",1～2名,〇,"月～金　9時～18時30分
土　9時～13時
休館日：日・祝日",館内
板橋区,さくら薬局本店,大谷口上町28-11,https://www.city.itabashi.tokyo.jp/kenko/shokuiku/shien/1002456.html,〇,"月～金　9時～18時
土　9時～17時
休館日：日・祝日",5名,〇,"月～金　9時～18時
土　9時～17時
休館日：日・祝日",館内
板橋区,しろくま薬局,常盤台3-23-6,https://www.city.itabashi.tokyo.jp/kenko/shokuiku/shien/1002456.html,〇,"月・火・水・金　9時～18時30分　
木　9時～17時　
土　9時～13時
休館日：日・祝日",1名,〇,"月・火・水・金　9時～18時30分　
木　9時～17時　
土　9時～13時
休館日：日・祝日",館内
板橋区,"セイル薬局
大谷口北町店",大谷口北町35-4,https://www.city.itabashi.tokyo.jp/kenko/shokuiku/shien/1002456.html,〇,"月～金　13時～16時
土　9時～13時
休館日：日・祝日",2名,〇,"月～金　13時～16時
土　9時～13時
休館日：日・祝日",館内
板橋区,"のぞみ薬局
板橋本町店",本町39-2,https://www.city.itabashi.tokyo.jp/kenko/shokuiku/shien/1002456.html,〇,"月・火・木・金・土　13時～15時
休館日：水・日・祝日",1名,〇,"月・火・木・金・土　13時～15時
休館日：水・日・祝日",館内
板橋区,ばうむ薬局,板橋2-5-2,https://www.city.itabashi.tokyo.jp/kenko/shokuiku/shien/1002456.html,〇,"月～土　9時～19時
休館日：日・祝日",5名,〇,"月～土　9時～19時
休館日：日・祝日",館内
板橋区,まい薬局,坂下2-26-19　1FB,https://www.city.itabashi.tokyo.jp/kenko/shokuiku/shien/1002456.html,〇,"月～土　10時～16時
休館日：祝日",1～2名,〇,"月～土　10時～16時
休館日：祝日",館内
板橋区,ユア薬局,大山東町58-15,https://www.city.itabashi.tokyo.jp/kenko/shokuiku/shien/1002456.html,〇,"月～金　9時～17時30分
休館日：土・日・祝日",2～3名,〇,"月～金　9時～17時30分
休館日：土・日・祝日",館内
板橋区,ゆみ薬局高島平店,高島平1-74-7,https://www.city.itabashi.tokyo.jp/kenko/shokuiku/shien/1002456.html,〇,"月～金　9時～16時
土　9時～13時
休館日：日・祝日",2名,〇,"月～金　9時～16時
土　9時～13時
休館日：日・祝日",館内
板橋区,ライフ薬局四葉店,四葉2-1-10,https://www.city.itabashi.tokyo.jp/kenko/shokuiku/shien/1002456.html,〇,"月～金　9時～19時
土曜　9時～17時30分
休館日：日・祝日","10～20名
",〇,"月～金　9時～19時
土曜　9時～17時30分
休館日：日・祝日",館内
板橋区,成増けやき薬局,成増2-17-8,https://www.city.itabashi.tokyo.jp/kenko/shokuiku/shien/1002456.html,〇,"月～金　9時～18時　
土・日　9時～12時30分
休館日：祝日",5名,〇,"月～金　9時～18時　
土・日　9時～12時30分
休館日：祝日",館内
板橋区,蘭調剤薬局,小豆沢2-19-9,https://www.city.itabashi.tokyo.jp/kenko/shokuiku/shien/1002456.html,〇,"月～金　9時～19時　
土　9時～17時
休館日：日・祝日",20名,〇,"月～金　9時～19時　
土　9時～17時
休館日：日・祝日",館内
板橋区,"ことぶき薬局
板橋店","板橋1-21-6　
ＴＥ板橋1階",https://www.city.itabashi.tokyo.jp/kenko/shokuiku/shien/1002456.html,〇,"月・火・木・金　9時15分～19時15分　
水・土　9時15分～18時15分
休館日：日・祝日",2名,〇,"月・火・木・金　9時15分～19時15分　
水・土　9時15分～18時15分
休館日：日・祝日",館内
練馬区,区民・産業プラザ,練馬区練馬1丁目17番1号,https://www.nerima-idc.or.jp/plaza/,〇,開放可能日は開館日に準ずる。開放可能時間は、区民協働交流センターは9:00～22:00、観光案内所は9:00～21:00。,29名,,,
練馬区,練馬文化センター,練馬1丁目17番37号,https://www.neribun.or.jp/nerima.html,〇,"開館時間:9:00～22:00　
保守点検日（下記日程）は20：00まで入場可
（5月11日～13日、6月29日、30日、7月13日、8月12日～28日、9月7日、10月5日）",8名,,,
練馬区,厚生文化会館,練馬4丁目2番3号,https://www.city.nerima.tokyo.jp/shisetsu/hokenfuku/fukushi/koseibunka/osirase.html,〇,"施設の開館日時に準ずる
20時30分以降、クーリングスポットの利用ができない場合があります。
全館清掃日(6月の日曜日・日にち未定)は使用不可。",4名,,,
練馬区,街かどケアカフェみらい青空,"旭丘2丁目40番１号　
みらい青空学園複合施設内",https://www.city.nerima.tokyo.jp/hokenfukushi/koreisha/kenko/carecafe.html,〇,施設の開館日時に準ずる,"2名
事業の実施状況により最大10人の受入が可能です｡",,,
練馬区,街かどケアカフェさくら,"桜台1丁目22番9号
桜台地域集会所内",https://www.city.nerima.tokyo.jp/hokenfukushi/koreisha/kenko/carecafe.html,〇,施設の開館日時に準ずる,2名,,,
練馬区,桜台地区区民館,桜台3丁目39番17号,https://www.city.nerima.tokyo.jp/shisetsu/community/chikukuminkan/sakuradai.html,〇,"施設の開館日時に準ずる。
17時以降、クーリングスポットの利用ができない場合があります。
8月30日（日）は終日休館します。",5名,,,
練馬区,小竹図書館,小竹町2丁目43番1号,https://www.lib.nerima.tokyo.jp/index.html,〇,施設の開館日時に準ずる,7名,,,
練馬区,豊玉リサイクルセンター,豊玉上2丁目22番15号,https://nerima-rc.jp/shisetsu/toyotama.html,〇,施設の開館日時に準ずる,4名,〇,"開館時間：9:00～17:00（施設の貸し出しは22時まで）
休館日：毎週水曜日（祝・休日は開館し、その直後の祝・休日ではない日に休館）、年末年始（12月29日～1月3日）",コミュニティー室
練馬区,豊玉北地区区民館,豊玉北3丁目7番9号,https://www.city.nerima.tokyo.jp/shisetsu/community/chikukuminkan/toyotama.html,〇,"施設の開館日時に準ずる。
17時以降、クーリングスポットの利用ができない場合があります。
7月5日（日）は終日休館します。",2名,,,
練馬区,豊玉保健相談所,豊玉北5丁目15番19号　豊玉すこやかセンター内,https://www.city.nerima.tokyo.jp/shisetsu/hokenfuku/hokensodan/toyotama.html,〇,施設の開館日時に準ずる,4名,,,
練馬区,豊玉障害者地域生活センター（きらら）,豊玉北5丁目15番19号　豊玉すこやかセンター内,https://www.city.nerima.tokyo.jp/shisetsu/hokenfuku/hokensodan/toyotama.html,〇,"平日は午前9時から午後8時まで
併設の豊玉保健相談所開設時間は当該施設、閉所後は地域生活支援センターで休憩。
土日は正午から午後7時まで。
水曜日、祝日、偶数月の第3日曜日、年末年始は休館（祝日の日曜日は開所）",4名,,,
練馬区,生涯学習センター,豊玉北6丁目8番1号,https://www.city.nerima.tokyo.jp/kankomoyoshi/bunka/kominkan/index.html,〇,施設の開館日時に準ずる,8名,,,
練馬区,練馬区役所,豊玉北6丁目12番1号,https://www.city.nerima.tokyo.jp/shisetsu/ku/ku/annai.html,〇,施設の開館日時に準ずる,300名,,,
練馬区,はつらつセンター豊玉,豊玉中3丁目3番12号,https://www.city.nerima.tokyo.jp/shisetsu/koreikaigo/koreisha/toyotama.html,〇,施設の開館日時に準ずる,6名,,,
練馬区,街かどケアカフェつつじ,貫井1丁目９番１号　中村橋区民センター内,https://www.city.nerima.tokyo.jp/hokenfukushi/koreisha/kenko/carecafe.html,〇,施設の開館日時に準ずる,"2名
事業の実施状況により最大10人の受入が可能です｡",,,
練馬区,練馬区立美術館,貫井1丁目36番16号,https://www.neribun.or.jp/museum.html,〇,施設の開館日時に準ずる,10名,,,
練馬区,貫井図書館,貫井1丁目36番16号,https://www.lib.nerima.tokyo.jp/index.html,〇,施設の開館日時に準ずる,4名,,,
練馬区,サンライフ練馬,貫井1丁目36番18号,http://sunlifenerima.sakura.ne.jp/,〇,施設の開館日時に準ずる,12名,,,
練馬区,貫井福祉工房（就労サポートねりま）,貫井2丁目16番12号　（貫井福祉園併設）,https://nukui.ikuseikai-tky.or.jp/cafe/index.html,〇,"施設の開館日時に準ずる
R8,4～R8,9頃まで開放不可。",5名,,,
練馬区,向山庭園,向山3丁目1番21号,https://www.kouyama-teien.info/facility/,〇,施設の開館日時に準ずる,10名,,,
練馬区,街かどケアカフェかしわ,中村2丁目25番3号,https://www.city.nerima.tokyo.jp/hokenfukushi/koreisha/kenko/carecafe.html,〇,施設の開館日時に準ずる,2名,,,
練馬区,中村南スポーツ交流センター,中村南1丁目2番32号,https://www.city.nerima.tokyo.jp/shisetsu/koen/taiku/nakamuraminami.html,〇,施設の開館日時に準ずる,12名,,,
練馬区,三原台敬老館,三原台2丁目11番29号,https://www.city.nerima.tokyo.jp/shisetsu/koreikaigo/keirokan/miharaadi.html,〇,施設の開館日時に準ずる,3名,,,
練馬区,総合体育館,谷原1丁目7番5号,https://www.city.nerima.tokyo.jp/shisetsu/koen/taiku/sogo.html,〇,施設の開館日時に準ずる,10名,,,
練馬区,街かどケアカフェこぶし,"高野台1丁目7番29号
練馬高野台駅前地域集会所内　",https://www.city.nerima.tokyo.jp/hokenfukushi/koreisha/kenko/carecafe.html,〇,施設の開館日時に準ずる,2名,,,
練馬区,生涯学習センター分館,高野台2丁目25番1号,https://www.city.nerima.tokyo.jp/kankomoyoshi/bunka/bunkan/index.html,〇,施設の開館日時に準ずる,10名,,,
練馬区,街かどケアカフェいちょう,高野台5丁目24番1号　デイサービスセンター内,https://www.city.nerima.tokyo.jp/hokenfukushi/koreisha/kenko/carecafe.html,〇,施設の開館日時に準ずる,2名,,,
練馬区,南田中図書館 ,南田中5丁目15番22号,https://www.lib.nerima.tokyo.jp/index.html,〇,施設の開館日時に準ずる,2名,,,
練馬区,南田中敬老館,南田中5丁目15番25号,https://www.city.nerima.tokyo.jp/shisetsu/koreikaigo/keirokan/minamitanaka.html,〇,"施設の開館日時に準ずる
R8.8.1～R9.3.31は開放なし",3名,,,
練馬区,石神井公園区民交流センター,"石神井町2丁目14番1号　石神井公園ピアレス2,3F",http://www.nerimatatemonoshakujii.jp/,〇,施設の開館日時に準ずる,6名,,,
練馬区,石神井庁舎,石神井町3丁目30番26号,https://www.city.nerima.tokyo.jp/shisetsu/shuccho/jimusho/shakujii.html,〇,施設の開館日時に準ずる,3名,,,
練馬区,石神井公園ふるさと文化館,石神井町5丁目12番16号,https://www.neribun.or.jp/furusato.html,〇,施設の開館日時に準ずる,22名,,,
練馬区,石神井敬老館,石神井町7丁目28番21号,https://www.city.nerima.tokyo.jp/shisetsu/koreikaigo/keirokan/shakujii.html,〇,施設の開館日時に準ずる,5名,,,
練馬区,石神井保健相談所,石神井町7丁目3番28号,https://www.city.nerima.tokyo.jp/shisetsu/hokenfuku/hokensodan/shakujii.html,〇,施設の開館日時に準ずる,8名,,,
練馬区,石神井障害者地域生活支援センター（うぃんぐ）,石神井町7丁目3番28号,https://www.city.nerima.tokyo.jp/shisetsu/hokenfuku/hokensodan/shakujii.html,〇,"平日は午前9時から午後8時まで
併設の石神井保健相談所開設時間は当該施設、閉所後は地域生活支援センターで休憩。
土日は正午から午後7時まで
火曜日、祝日、奇数月の第3日曜日、年末年始は休館（祝日の日曜日は開所）",2名,,,
練馬区,男女共同参画センターえーる,石神井町8丁目1番10号,https://nerima-yell.com/guide/open,〇,施設の開館日時に準ずる,60名,,,
練馬区,下石神井地区区民館,下石神井6丁目8番15号,https://www.city.nerima.tokyo.jp/shisetsu/community/chikukuminkan/shimoshakujii.html,〇,"施設の開館日時に準ずる  
17時以降、クーリングスポットの利用ができない場合があります｡
9月6日（日）は終日休館します。",6名,,,
練馬区,上石神井敬老館,上石神井1丁目6番16号,https://www.city.nerima.tokyo.jp/shisetsu/koreikaigo/keirokan/kamishakuji.html,〇,"施設の開館日時に準ずる
R8.7.1～R9.3.31は開放なし",3名,,,
練馬区,上石神井体育館,上石神井1丁目32番37号,https://www.city.nerima.tokyo.jp/shisetsu/koen/taiku/kamishakujii.html,〇,施設の開館日時に準ずる,20名,,,
練馬区,石神井図書館,石神井台1丁目16番31号,https://www.lib.nerima.tokyo.jp/index.html,〇,施設の開館日時に準ずる,6名,,,
練馬区,石神井台敬老館,石神井台2丁目18番13号,https://www.city.nerima.tokyo.jp/shisetsu/koreikaigo/keirokan/shakujiidai.html,〇,施設の開館日時に準ずる,3名,,,
練馬区,関区民センター,関町北1丁目7番2号　,https://www.city.nerima.tokyo.jp/shisetsu/shuccho/jimusho/seki.html,〇,施設の開館日時に準ずる,2名,,,
練馬区,はつらつセンター関,関町北1丁目7番2号　関区民センター内,https://www.city.nerima.tokyo.jp/shisetsu/koreikaigo/koreisha/seki.html,〇,施設の開館日時に準ずる,5名,,,
練馬区,関町北地区区民館,関町北4丁目12番21号,https://www.city.nerima.tokyo.jp/shisetsu/community/chikukuminkan/sekimachikita.html,〇,"施設の開館日時に準ずる  
17時以降、クーリングスポットの利用ができない場合があります。
R8.6.1～10.21は開放なし",1名,,,
練馬区,関町リサイクルセンター,関町北1丁目7番14号,https://nerima-rc.jp/shisetsu/sekimachi.html,〇,施設の開館日時に準ずる,4名,〇,"開館時間：9:00～17:00（施設の貸し出しは22時まで）
休館日：毎週水曜日（祝・休日は開館し、その直後の祝・休日ではない日に休館）、年末年始（12月29日～1月3日）",2階情報資料コーナー
練馬区,関保健相談所,関町東1丁目27番4号,https://www.city.nerima.tokyo.jp/shisetsu/hokenfuku/hokensodan/seki.html,〇,施設の開館日時に準ずる,2名,,,
練馬区,関町図書館,関町南3丁目11番2号,https://www.lib.nerima.tokyo.jp/index.html,〇,施設の開館日時に準ずる,3名,,,
練馬区,立野地区区民館,立野町15番42号,https://www.city.nerima.tokyo.jp/shisetsu/community/chikukuminkan/tateno.html,〇,"施設の開館日時に準ずる  
17時以降、クーリングスポットの利用ができない場合があります。",2名,,,
練馬区,富士見台地区区民館,富士見台3丁目10番1号,https://www.city.nerima.tokyo.jp/shisetsu/community/chikukuminkan/fujimidai.html,〇,"施設の開館日時に準ずる  
17時以降、クーリングスポットの利用ができない場合があります。",3名,,,
練馬区,大泉リサイクルセンター,大泉学園町1丁目34番10号,https://nerima-rc.jp/shisetsu/ooizumi.html,〇,施設の開館日時に準ずる,4名,〇,"開館時間：9:00～17:00（施設の貸し出しは22:00まで）
休館日：毎週水曜日（祝・休日は開館 その直後の祝・休日ではない日に休館）　年末年始（12月29日～1月3日）",コミュニティコーナー
練馬区,はつらつセンター大泉,大泉学園町1丁目34番20号,https://www.city.nerima.tokyo.jp/shisetsu/koreikaigo/koreisha/oizumi.html,〇,施設の開館日時に準ずる,5名,,,
練馬区,大泉北敬老館,大泉学園町4丁目21番1号,https://www.nerima-swf.jp/office/42?c=17,〇,施設の開館日時に準ずる,3名,,,
練馬区,大泉図書館,大泉学園町2丁目21番17号,https://www.lib.nerima.tokyo.jp/index.html,〇,施設の開館日時に準ずる,4名,,,
練馬区,大泉学園町体育館,大泉学園町5丁目14番24号,https://www.city.nerima.tokyo.jp/shisetsu/koen/taiku/oizumigakuen.html,〇,施設の開館日時に準ずる,12名,,,
練馬区,大泉保健相談所,大泉学園町5丁目8番8号,https://www.city.nerima.tokyo.jp/shisetsu/hokenfuku/hokensodan/oizumi.html,〇,施設の開館日時に準ずる,3名,,,
練馬区,大泉学園地区区民館,大泉学園町8丁目9番5号,https://www.city.nerima.tokyo.jp/shisetsu/community/chikukuminkan/oizumigakuen.html,〇,"施設の開館日時に準ずる  
17時以降、クーリングスポットの利用ができない場合があります｡
8月1日（土）は終日休館します。",5名,,,
練馬区,中里郷土の森,大泉町1丁目51番2号,https://nakazato.ces-net.jp/,〇,施設の開館日時に準ずる,8名,〇,"開園時間 9:00～17:00
休園日：毎週火曜日（祝・休日は開園しその直後の祝・休日ではない日に休園） 年末年始（12月29日～1月3日）",森の学習棟
練馬区,稲荷山図書館,大泉町1丁目3番18号,https://www.lib.nerima.tokyo.jp/index.html,〇,施設の開館日時に準ずる,4名,,,
練馬区,北大泉地区区民館,大泉町2丁目41番26号,https://www.city.nerima.tokyo.jp/shisetsu/community/chikukuminkan/kitaoizumi.html,〇,"施設の開館日時に準ずる  
17時以降、クーリングスポットの利用ができない場合があります。",5名,,,
練馬区,街かどケアカフェあじさい,東大泉1丁目28番1号　リズモ大泉学園2階,https://www.city.nerima.tokyo.jp/hokenfukushi/koreisha/kenko/carecafe.html,〇,施設の開館日時に準ずる,2名,,,
練馬区,大泉区民事務所,東大泉1丁目28番1号　リズモ大泉学園4階,https://www.city.nerima.tokyo.jp/shisetsu/shuccho/jimusho/oizumi.html,〇,施設の開館日時に準ずる,2名,,,
練馬区,東大泉地区区民館,練馬区東大泉3丁目53番1号,https://www.city.nerima.tokyo.jp/shisetsu/community/chikukuminkan/higashioizumi.html,〇,"開館時間に準ずる
17時以降、クーリングスポットの利用ができない場合があります。",4名,,,
練馬区,大泉地域生活支援センター（さくら）,東大泉5丁目35番2号,https://oizumi.ikuseikai-tky.or.jp/,〇,"平日は午前9時から午後8時まで
土日は正午から午後7時まで
水曜日、祝日、年末年始は休館（祝日の日曜日は開所）",5名,,,
練馬区,勤労福祉会館,東大泉5丁目40番36号,https://www.nerima-kinrou.com/,〇,施設の開館日時に準ずる,6名,,,
練馬区,牧野記念庭園,東大泉6丁目34番4号,https://www.makinoteien.jp/,〇,施設の開館日時に準ずる,20名,〇,"開園時間 9:00～17:00
休園日：毎週火曜日（祝・休日は開園しその直後の祝・休日ではない日に休園） 年末年始（12月29日～1月3日）",講習室
練馬区,南大泉地区区民館,南大泉2丁目19番26号,https://www.city.nerima.tokyo.jp/shisetsu/community/chikukuminkan/minamioizumi.html,〇,"施設の開館日時に準ずる  
17時以降、クーリングスポットの利用ができない場合があります。",5名,,,
練馬区,こどもと本のひろば,南大泉3丁目17番20号,https://www.lib.nerima.tokyo.jp/viewer/genre.html?id=14,〇,施設の開館日時に準ずる,4名,,,
練馬区,街かどケアカフェけやき,"南大泉5丁目26番19号
南大泉地域集会所内",https://www.city.nerima.tokyo.jp/hokenfukushi/koreisha/kenko/carecafe.html,〇,施設の開館日時に準ずる,2名,,,
練馬区,南大泉図書館,南大泉1丁目44番7号,https://www.lib.nerima.tokyo.jp/index.html,〇,施設の開館日時に準ずる,9名,,,
練馬区,西大泉敬老館,西大泉3丁目21番16号,https://www.nerima-swf.jp/office/43?c=18,〇,施設の開館日時に準ずる,2名,,,
練馬区,西大泉地区区民館,西大泉5丁目3番32号,https://www.city.nerima.tokyo.jp/shisetsu/community/chikukuminkan/nishioizumi.html,〇,"17時以降、クーリングスポットの利用ができない場合があります。
※休館中の電話番号：03-5984-1621
R8.4.22～.R8.10.8は開放なし",10名,,,
練馬区,旭町北地区区民館,旭町2丁目30番16号,https://www.city.nerima.tokyo.jp/shisetsu/community/chikukuminkan/asahichokita.html,〇,"施設の開館日時に準ずる  
17時以降、クーリングスポットの利用ができない場合があります。",5名,,,
練馬区,光が丘区民センター,光が丘2丁目9番6号,https://www.city.nerima.tokyo.jp/shisetsu/ku/hikarigaoka.html,〇,"施設の開館日時に準ずる
R8.6.6は害虫駆除のため全館休館",12名,,,
練馬区,光が丘障害者地域生活支援センター（すてっぷ）,光が丘2丁目9番6号　光が丘区民センター内,https://www.city.nerima.tokyo.jp/shisetsu/ku/hikarigaoka.html,〇,"平日は午前9時から午後8時まで
併設の光が丘保健相談所開設時間は当該施設、閉所後は地域生活支援センターで休憩。
土日は正午から午後7時まで
火曜日、祝日、年末年始は休館（祝日の日曜日は開所）",2名,,,
練馬区,こども発達支援センター,光が丘３丁目１番１号,https://www.city.nerima.tokyo.jp/hokenfukushi/shogai/shisetsu/kodomohattatu/koryucorner.html,〇,１階地域交流コーナーで休憩できます。開館日時はこども発達支援センターの施設名をクリックしてご確認ください。,2名,,,
練馬区,"中村橋区民
センター","貫井１丁目
９番１号",https://www.city.nerima.tokyo.jp/shisetsu/ku/nakamurabashi.html,〇,利用時間：9時から21時30分,20名,,,
練馬区,はつらつセンター光が丘,光が丘2丁目9番6号　光が丘区民センター内,https://www.city.nerima.tokyo.jp/shisetsu/koreikaigo/koreisha/hikarigaoka.html,〇,施設の開館日時に準ずる,3名,,,
練馬区,光が丘保健相談所,光が丘2丁目9番6号　光が丘区民センター内,https://www.city.nerima.tokyo.jp/shisetsu/hokenfuku/hokensodan/hikarigaoka.html,〇,施設の開館日時に準ずる,3名,,,
練馬区,光が丘地区区民館,光が丘3丁目9番4号,https://www.city.nerima.tokyo.jp/shisetsu/community/chikukuminkan/hikarigaoka.html,〇,"施設の開館日時に準ずる  
17時以降、クーリングスポットの利用ができない場合があります。",3名,,,
練馬区,光が丘体育館,光が丘4丁目1番4号,https://www.city.nerima.tokyo.jp/shisetsu/koen/taiku/hikarigaoka.html,〇,施設の開館日時に準ずる,18名,,,
練馬区,光が丘図書館,光が丘4丁目1番5号,https://www.lib.nerima.tokyo.jp/index.html,〇,施設の開館日時に準ずる,8名,,,
練馬区,四季の香ローズガーデン講習棟,光が丘5丁目2番6号,https://www.shikinokaori-rose-garden.com/,〇,施設の開館日時に準ずる,20名,〇,"開園時間 9:00～17:00
休園日：毎週火曜日（祝・休日は開園 その直後の祝・休日ではない日に休園） 年末年始（12月29日～1月3日）",講習棟1階
練馬区,防災学習センター,光が丘6丁目4番1号,https://www.city.nerima.tokyo.jp/shisetsu/bousai/bousaigaku/bosaigakushucenter.html,〇,施設の開館日時に準ずる,20名,,,
練馬区,田柄地区区民館,田柄3丁目28番13号,https://www.city.nerima.tokyo.jp/shisetsu/community/chikukuminkan/tagara.html,〇,"施設の開館日時に準ずる  
17時以降、クーリングスポットの利用ができない場合があります。",5名,,,
練馬区,春日町リサイクルセンター,春日町2丁目14番16号,https://nerima-rc.jp/shisetsu/kasugacho.html,〇,"施設の開館日時に準ずる
R8.7.7～は開放なし",4名,〇,"開館時間：9:00～17:00（施設の貸し出しは22時まで）
休館日：毎週水曜日（祝・休日は開館し、その直後の祝・休日ではない日に休館）、年末年始（12月29日～1月3日）R8.7.7～は開放なし",1階コミュニティコーナー
練馬区,春日町青少年館,春日町4丁目16番9号,https://www.city.nerima.tokyo.jp/kosodatekyoiku/kyoiku/seishonen/seishonenshisetsu/seishonen/kasugatyouseishounen/b-info.html,〇,施設の開館日時に準ずる,8名,,,
練馬区,春日町南地区区民館,春日町5丁目20番25号,https://www.city.nerima.tokyo.jp/shisetsu/community/chikukuminkan/kasugachominami.html,〇,"施設の開館日時に準ずる  
17時以降、クーリングスポットの利用ができない場合があります｡
6月14日（日）は終日休館します。",5名,,,
練馬区,春日町図書館,春日町5丁目31番2-201号エリム春日町2階,https://www.lib.nerima.tokyo.jp/index.html,〇,"施設の開館日時に準ずる
7/21（火）以降は開放不可",20名,,,
練馬区,高松地区区民館,高松3丁目24番27号,https://www.city.nerima.tokyo.jp/shisetsu/community/chikukuminkan/takamatsu.html,〇,"施設の開館日時に準ずる  
17時以降、クーリングスポットの利用ができない場合があります｡
8月23日（日）は終日休館します。",5名,,,
練馬区,旭町南地区区民館,高松5丁目23番15号,https://www.city.nerima.tokyo.jp/shisetsu/community/chikukuminkan/asahichominami.html,〇,"施設の開館日時に準ずる  
17時以降、クーリングスポットの利用ができない場合があります。",10名,,,
練馬区,北町地区区民館,北町2丁目26番1号,https://www.city.nerima.tokyo.jp/shisetsu/community/chikukuminkan/kitamachi.html,〇,"施設の開館日時に準ずる。セキュリティの都合上､17時以降クーリングシェルターとしての利用は不可｡
17時以降、クーリングスポットの利用ができない場合があります｡
6月7日（日）は終日休館します。",10名,,,
練馬区,北町第二地区区民館,北町6丁目24番101号,https://www.city.nerima.tokyo.jp/shisetsu/community/chikukuminkan/kitamachi2.html,〇,"施設の開館日時に準ずる  
17時以降、クーリングスポットの利用ができない場合があります｡
9月21日（月）は終日休館します。",2名,,,
練馬区,北保健相談所,北町6丁目35番7号,https://www.city.nerima.tokyo.jp/shisetsu/hokenfuku/hokensodan/kita.html,〇,施設の開館日時に準ずる,6名,,,
練馬区,街かどケアカフェはるのひ,北町6丁目35番7号　北保健相談所内,https://www.city.nerima.tokyo.jp/hokenfukushi/koreisha/kenko/carecafe.html,〇,施設の開館日時に準ずる,2名,,,
練馬区,平和台図書館,平和台1丁目36番17号,https://www.lib.nerima.tokyo.jp/index.html,〇,施設の開館日時に準ずる,9名,,,
練馬区,平和台体育館,平和台2丁目12番5号,https://www.city.nerima.tokyo.jp/shisetsu/koen/taiku/heiwadai.html,〇,施設の開館日時に準ずる,14名,,,
練馬区,氷川台地区区民館,氷川台2丁目16番14号,https://www.city.nerima.tokyo.jp/shisetsu/community/chikukuminkan/hikawadai.html,〇,"施設の開館日時に準ずる  
17時以降、クーリングスポットの利用ができない場合があります｡
6月21日（日）は終日休館します。",2名,,,
練馬区,早宮地区区民館,早宮4丁目14番5号,https://www.city.nerima.tokyo.jp/shisetsu/community/chikukuminkan/hayamiya.html,〇,"施設の開館日時に準ずる  
17時以降、クーリングスポットの利用ができない場合があります｡
7月26日（日）は終日休館します。",4名,,,
練馬区,あすはステーション大泉,東大泉7丁目20番1号,https://www.city.nerima.tokyo.jp/kurashi/jinken/komatta/ibasho.html,〇,開館時間：月・火・水・金・土曜　9時から16時30分,2名,,,
練馬区,アイエス薬局,石神井町3丁目18番4号,https://www.neriyaku.or.jp/pharmacy/index.html,〇,開局日時に準ずる,3名,,,
練馬区,アイランド薬局練馬平和台店,平和台3丁目10番20号,https://www.neriyaku.or.jp/pharmacy/index.html,〇,開局日時に準ずる,4名,,,
練馬区,アイリス薬局,北町8丁目12番11号,https://www.neriyaku.or.jp/pharmacy/index.html,〇,開局日時に準ずる,5名,,,
練馬区,アイン薬局練馬店,高野台3丁目11番12号采明ビル1階,https://www.neriyaku.or.jp/pharmacy/index.html,〇,開局日時に準ずる,4名,,,
練馬区,あおい薬局,"練馬区貫井
4-30-25",https://www.neriyaku.or.jp/pharmacy/index.html,〇,開局日時に準ずる,4名,,,
練馬区,あかね薬局,大泉学園町6丁目19番40号サンキビル1F,https://www.neriyaku.or.jp/pharmacy/index.html,〇,開局日時に準ずる,3名,,,
練馬区,アスカ薬局,春日町5丁目7番9号,https://www.neriyaku.or.jp/pharmacy/index.html,〇,開局日時に準ずる,3名,,,
練馬区,アップル薬局,練馬2丁目1番11号,https://www.neriyaku.or.jp/pharmacy/index.html,〇,開局日時に準ずる,2名,,,
練馬区,あなたの薬局平和台店,北町6丁目37番16号大田原店舗102号室,https://www.neriyaku.or.jp/pharmacy/index.html,〇,開局日時に準ずる,1名,,,
練馬区,薬局アポック練馬高野台店,高野台1丁目3番7号NFプラザⅡ,https://www.neriyaku.or.jp/pharmacy/index.html,〇,開局日時に準ずる,5名,,,
練馬区,泉ライフ薬局,東大泉3丁目66番15号,https://www.neriyaku.or.jp/pharmacy/index.html,〇,開局日時に準ずる,3名,,,
練馬区,イナモリ薬局,田柄2丁目19番29号ヴァンヴェール吉田1階,https://www.neriyaku.or.jp/pharmacy/index.html,〇,開局日時に準ずる,3名,,,
練馬区,宇津薬局大泉町店,大泉町1丁目28番3号,https://www.neriyaku.or.jp/pharmacy/index.html,〇,開局日時に準ずる,3名,,,
練馬区,大泉薬局,東大泉1丁目27番25号,https://www.neriyaku.or.jp/pharmacy/index.html,〇,開局日時に準ずる,3名,,,
練馬区,おざわ薬局,桜台6丁目5番5号,https://www.neriyaku.or.jp/pharmacy/index.html,〇,開局日時に準ずる,5名,,,
練馬区,小田薬局 大泉学園店,東大泉1丁目26番20号三木ビル1階,https://www.neriyaku.or.jp/pharmacy/index.html,〇,開局日時に準ずる,2名,,,
練馬区,おひさま薬局,氷川台3丁目10番4号,https://www.neriyaku.or.jp/pharmacy/index.html,〇,開局日時に準ずる,2名,,,
練馬区,おひさま薬局中村橋店,中村北4丁目4番16号ルネス中村橋1階,https://www.neriyaku.or.jp/pharmacy/index.html,〇,開局日時に準ずる,2名,,,
練馬区,オレンジ薬局,関町南3丁目6番8号,https://www.neriyaku.or.jp/pharmacy/index.html,〇,開局日時に準ずる,2名,,,
練馬区,かい薬局春日町店,春日町5丁目31番2号,https://www.neriyaku.or.jp/pharmacy/index.html,〇,開局日時に準ずる,2名,,,
練馬区,かすが薬局,春日町3丁目4番9号,https://www.neriyaku.or.jp/pharmacy/index.html,〇,開局日時に準ずる,3名,,,
練馬区,葛根堂薬局,練馬区東大泉5-40-27,https://www.neriyaku.or.jp/pharmacy/index.html,〇,開局日時に準ずる,2名,,,
練馬区,キタマチ薬局,北町1丁目30番3号,https://www.neriyaku.or.jp/pharmacy/index.html,〇,開局日時に準ずる,1名,,,
練馬区,きのみ薬局,練馬区石神井町3-20-13中内第2ビル,https://www.neriyaku.or.jp/pharmacy/index.html,〇,開局日時に準ずる,2名,,,
練馬区,共創未来練馬大泉町薬局,大泉町2丁目21番9号,https://www.neriyaku.or.jp/pharmacy/index.html,〇,開局日時に準ずる,5名,,,
練馬区,グラム薬局 石神井店,上石神井3丁目6番36号,https://www.neriyaku.or.jp/pharmacy/index.html,〇,開局日時に準ずる,3名,,,
練馬区,"くるみ薬局
上石神井","上石神井
2-1-16上石神井メディカルビレッジA棟1階",https://www.neriyaku.or.jp/pharmacy/index.html,〇,開局日時に準ずる,10名,,,
練馬区,公園通り薬局,石神井町3丁目20番17号KMスクエアビル2F,https://www.neriyaku.or.jp/pharmacy/index.html,〇,開局日時に準ずる,,,,
練馬区,薬局クレストⅡ,上石神井2丁目27番5号,https://www.neriyaku.or.jp/pharmacy/index.html,〇,開局日時に準ずる,5名,,,
練馬区,ココカラファイン薬局練馬光が丘店,田柄5丁目16番5号,https://www.neriyaku.or.jp/pharmacy/index.html,〇,開局日時に準ずる,3名,,,
練馬区,桜台薬局,桜台1丁目5番9号,https://www.neriyaku.or.jp/pharmacy/index.html,〇,開局日時に準ずる,3名,,,
練馬区,さつき薬局,"練馬区北町
2-15-13　1階",https://www.neriyaku.or.jp/pharmacy/index.html,〇,開局日時に準ずる,2名,,,
練馬区,サフラン堂薬局,小竹町1丁目2番5号,https://www.neriyaku.or.jp/pharmacy/index.html,〇,開局日時に準ずる,2名,,,
練馬区,サンワ薬局西大泉店,西大泉3丁目33番8号C,https://www.neriyaku.or.jp/pharmacy/index.html,〇,開局日時に準ずる,3名,,,
練馬区,石神井公園調剤薬局,石神井町2丁目13番17号龍英ビル1F,https://www.neriyaku.or.jp/pharmacy/index.html,〇,開局日時に準ずる,2名,,,
練馬区,鷲峰堂ノザキ薬局開会店,東大泉1丁目37番13号,https://www.neriyaku.or.jp/pharmacy/index.html,〇,開局日時に準ずる,4名,,,
練馬区,鷲峰堂ノザキ薬局本店,東大泉1丁目30番13号,https://www.neriyaku.or.jp/pharmacy/index.html,〇,開局日時に準ずる,1名,,,
練馬区,"ジョイント
薬局","練馬区貫井
3-11-12",https://www.neriyaku.or.jp/pharmacy/index.html,〇,開局日時に準ずる,3名,,,
練馬区,しんせい薬局,春日町2丁目14番4号,https://www.neriyaku.or.jp/pharmacy/index.html,〇,開局日時に準ずる,2名,,,
練馬区,しんどう薬局北町店,北町7丁目17番10号,https://www.neriyaku.or.jp/pharmacy/index.html,〇,開局日時に準ずる,5名,,,
練馬区,そうごう薬局 大泉学園店,東大泉6丁目47番18号,https://www.neriyaku.or.jp/pharmacy/index.html,〇,開局日時に準ずる,5名,,,
練馬区,たーとす薬局,平和台2丁目11番14号,https://www.neriyaku.or.jp/pharmacy/index.html,〇,開局日時に準ずる,1名,,,
練馬区,たーとす薬局ねりま春日町,春日町3丁目29番8号1F,https://www.neriyaku.or.jp/pharmacy/index.html,〇,開局日時に準ずる,3名,,,
練馬区,たーとす薬局ねりま平和台,北町6丁目27番11号,https://www.neriyaku.or.jp/pharmacy/index.html,〇,開局日時に準ずる,1名,,,
練馬区,たがら薬局光が丘店,田柄5丁目27番11号,https://www.neriyaku.or.jp/pharmacy/index.html,〇,開局日時に準ずる,3名,,,
練馬区,たむら薬局 旭丘店,旭丘1丁目54番10号,https://www.neriyaku.or.jp/pharmacy/index.html,〇,開局日時に準ずる,4名,,,
練馬区,たむら薬局 江古田銀座店,栄町2番7号,https://www.neriyaku.or.jp/pharmacy/index.html,〇,開局日時に準ずる,2名,,,
練馬区,たむら薬局 小竹町店,小竹町1丁目76番17号,https://www.neriyaku.or.jp/pharmacy/index.html,〇,開局日時に準ずる,4名,,,
練馬区,たむら薬局 栄町店,栄町32番8号,https://www.neriyaku.or.jp/pharmacy/index.html,〇,開局日時に準ずる,2名,,,
練馬区,たむら薬局 豊玉上店,豊玉上1丁目19番13号,https://www.neriyaku.or.jp/pharmacy/index.html,〇,開局日時に準ずる,2名,,,
練馬区,つくし薬局,豊玉北5丁目3番17号,https://www.neriyaku.or.jp/pharmacy/index.html,〇,開局日時に準ずる,1名,,,
練馬区,つくし薬局 中村南店,中村南3丁目12番4-101号,https://www.neriyaku.or.jp/pharmacy/index.html,〇,開局日時に準ずる,1名,,,
練馬区,土支田薬局,土支田2丁目42番16号,https://www.neriyaku.or.jp/pharmacy/index.html,〇,開局日時に準ずる,2名,,,
練馬区,としまえん薬局,早宮4丁目40番8号ニューハイツ豊島園102,https://www.neriyaku.or.jp/pharmacy/index.html,〇,開局日時に準ずる,4名,,,
練馬区,"薬局トモズ
大泉学園店",練馬区東大泉1-31-1,https://www.neriyaku.or.jp/pharmacy/index.html,〇,開局日時に準ずる,3名,,,
練馬区,"薬局トモズ
練馬高野台店",練馬区高野台1-7-33,https://www.neriyaku.or.jp/pharmacy/index.html,〇,開局日時に準ずる,2名,,,
練馬区,"薬局トモズ
石神井公園店",練馬区石神井2-8-21MJYビル１階,https://www.neriyaku.or.jp/pharmacy/index.html,〇,開局日時に準ずる,8名,,,
練馬区,中川薬局 上石神井店,上石神井1丁目11番3号,https://www.neriyaku.or.jp/pharmacy/index.html,〇,開局日時に準ずる,8名,,,
練馬区,中川薬局 関町店,関町北2丁目4番2号,https://www.neriyaku.or.jp/pharmacy/index.html,〇,開局日時に準ずる,2名,,,
練馬区,中川薬局 関町2号店,関町北2丁目3番9号,https://www.neriyaku.or.jp/pharmacy/index.html,〇,開局日時に準ずる,4名,,,
練馬区,中村薬局,春日町1丁目35番13号,https://www.neriyaku.or.jp/pharmacy/index.html,〇,開局日時に準ずる,2名,,,
練馬区,博芳堂薬局練馬高野台,高野台3丁目11番2号,https://www.neriyaku.or.jp/pharmacy/index.html,〇,開局日時に準ずる,2名,,,
練馬区,ひがし大泉薬局,石神井台6丁目5番18号,https://www.neriyaku.or.jp/pharmacy/index.html,〇,開局日時に準ずる,2名,,,
練馬区,氷川台調剤薬局,氷川台4丁目51番19号,https://www.neriyaku.or.jp/pharmacy/index.html,〇,開局日時に準ずる,3名,,,
練馬区,陽だまり薬局,氷川台4丁目7番2号,https://www.neriyaku.or.jp/pharmacy/index.html,〇,開局日時に準ずる,3名,,,
練馬区,日の丸薬局,貫井2丁目5番5号,https://www.neriyaku.or.jp/pharmacy/index.html,〇,開局日時に準ずる,2名,,,
練馬区,ひろ薬局,中村北4丁目10番8号フィオーレ瀬川103,https://www.neriyaku.or.jp/pharmacy/index.html,〇,開局日時に準ずる,2名,,,
練馬区,ヒロ薬局,"練馬区桜台
1-4-12 グリージェＭ 1階",https://www.neriyaku.or.jp/pharmacy/index.html,〇,開局日時に準ずる,1名,,,
練馬区,ファーマシィ薬局光が丘,高松6丁目4番19号,https://www.neriyaku.or.jp/pharmacy/index.html,〇,開局日時に準ずる,3名,,,
練馬区,不二薬局,上石神井3丁目9番17号,https://www.neriyaku.or.jp/pharmacy/index.html,〇,開局日時に準ずる,3名,,,
練馬区,フタバ薬局武蔵関店,関町北2丁目27番10号,https://www.neriyaku.or.jp/pharmacy/index.html,〇,開局日時に準ずる,2名,,,
練馬区,"プラザ薬局
練馬土支田店",練馬区土支田2-20-8,https://www.neriyaku.or.jp/pharmacy/index.html,〇,開局日時に準ずる,2名,,,
練馬区,ブルークロス駅前薬局,石神井町3丁目25番6号1階,https://www.neriyaku.or.jp/pharmacy/index.html,〇,開局日時に準ずる,8名,,,
練馬区,平和台薬局,平和台4丁目20番16,https://www.neriyaku.or.jp/pharmacy/index.html,〇,開局日時に準ずる,3名,,,
練馬区,保谷調剤薬局,南大泉4丁目51番8号,https://www.neriyaku.or.jp/pharmacy/index.html,〇,開局日時に準ずる,2名,,,
練馬区,マイネ薬局,"練馬区北町
2-20-10",https://www.neriyaku.or.jp/pharmacy/index.html,〇,開局日時に準ずる,3名,,,
練馬区,南堂薬局,東大泉6丁目46番13号,https://www.neriyaku.or.jp/pharmacy/index.html,〇,開局日時に準ずる,4名,,,
練馬区,みつぼし薬局,高野台1丁目7番20号プレステビル1F,https://www.neriyaku.or.jp/pharmacy/index.html,〇,開局日時に準ずる,1名,,,
練馬区,みとよ堂薬局,中村1丁目6番15号,https://www.neriyaku.or.jp/pharmacy/index.html,〇,開局日時に準ずる,2名,,,
練馬区,むさしの森薬局,関町北2丁目24番13号,https://www.neriyaku.or.jp/pharmacy/index.html,〇,開局日時に準ずる,1名,,,
練馬区,モリ薬局,練馬区中村北3-23-3,https://www.neriyaku.or.jp/pharmacy/index.html,〇,開局日時に準ずる,1名,,,
練馬区,薬樹薬局田柄,田柄5丁目20番20-102号,https://www.neriyaku.or.jp/pharmacy/index.html,〇,開局日時に準ずる,2名,,,
練馬区,雄飛堂薬局 旭町店,旭町1丁目15番11号,https://www.neriyaku.or.jp/pharmacy/index.html,〇,開局日時に準ずる,2名,,,
練馬区,雄飛堂薬局 田柄店,田柄4丁目45番2号,https://www.neriyaku.or.jp/pharmacy/index.html,〇,開局日時に準ずる,3名,,,
練馬区,ユニスマイル薬局 学園五丁目店,大泉学園町5丁目7番23号,https://www.neriyaku.or.jp/pharmacy/index.html,〇,開局日時に準ずる,2名,,,
練馬区,ユニスマイル薬局 光が丘店,田柄5丁目14番11号,https://www.neriyaku.or.jp/pharmacy/index.html,〇,開局日時に準ずる,5名,,,
練馬区,よしだ薬局平和台店,田柄1丁目1番14号ドミール平和台,https://www.neriyaku.or.jp/pharmacy/index.html,〇,開局日時に準ずる,2名,,,
練馬区,"リヴィン
光が丘調剤薬局",練馬区光が丘5-1-1　リヴィン光が丘1階,https://www.neriyaku.or.jp/pharmacy/index.html,〇,開局日時に準ずる,4名,,,
練馬区,渡辺薬局,東大泉7丁目31番38号,https://www.neriyaku.or.jp/pharmacy/index.html,〇,開局日時に準ずる,1名,,,
練馬区,サミットストア　大泉学園店,大泉学園町6丁目29番30号,https://www.summitstore.co.jp/store/tokyo/post/?id=311,〇,通常営業日の9:00～21:00,25名,,,
練馬区,サミットストア　環八南田中店,南田中2丁目20番17号,https://www.summitstore.co.jp/store/tokyo/post/?id=353,〇,通常営業日の9:00～21:00,10名,,,
練馬区,サミットストア　石神井公園店,石神井町2丁目12番21号,https://www.summitstore.co.jp/store/tokyo/post/?id=350,〇,通常営業日の9:00～21:00,25名,,,
練馬区,サミットストア　石神井台店,石神井台4丁目6番32号,https://www.summitstore.co.jp/store/tokyo/post/?id=324,〇,通常営業日の9:00～21:00,10名,,,
練馬区,サミットストア　氷川台駅前店,桜台3丁目45番8号,https://www.summitstore.co.jp/store/tokyo/post/?id=338,〇,通常営業日の9:00～21:00,30名,,,
練馬区,大泉中央公園,練馬区大泉学園町9-4-3,https://www.tokyo-park.or.jp/park/oizumi-chuo/,,,,〇,"※水遊びができる屋外のスポットで、屋内施設ではありません。
未定、※電力ひっ迫時は運用を停止する可能性があります。",じゃぶじゃぶ池
練馬区,光が丘公園,練馬区光が丘4-1-1,https://www.tokyo-park.or.jp/park/hikarigaoka/,,,,〇,"※水遊びができる屋外のスポットで、屋内施設ではありません。
未定、※電力ひっ迫時は運用を停止する可能性があります。",けやき広場水景施設、芝生広場水景施設
足立区,梅島住区センター,足立区梅島二丁目14番５号,https://www.city.adachi.tokyo.jp/juku/j-umejima.html,,,,〇,平日、土曜日（館内整理日を除く）　9：00～17：00　,１階ロビー
足立区,青井住区センター,足立区青井五丁目11番40－101号,https://www.city.adachi.tokyo.jp/juku/j-aoi.html,,,,〇,平日、土曜日（館内整理日を除く）　9：00～17：00　,１階ロビー
足立区,中央本町住区センター,足立区中央本町三丁目15番１号,https://www.city.adachi.tokyo.jp/juku/j-chuuouhonnchou.html,,,,〇,平日、土曜日（館内整理日を除く）　9：00～17：00　,ロビー
足立区,六木住区センター,足立区六木三丁目39番５－101号,https://www.city.adachi.tokyo.jp/juku/j-mutugi.html,,,,〇,平日、土曜日（館内整理日を除く）　9：00～17：00　,１階ロビー
足立区,渕江住区センター,足立区西保木間一丁目２番１―101号,https://www.city.adachi.tokyo.jp/juku/j-futie.html,,,,〇,平日、土曜日（館内整理日を除く）　9：00～17：00　,１階ロビー
足立区,竹の塚六月住区センター,足立区六月二丁目26番３－101号,https://www.city.adachi.tokyo.jp/juku/j-rokugatu.html,,,,〇,平日、土曜日（館内整理日を除く）　9：00～17：00　,
足立区,西新井住区センター,足立区西新井一丁目４番17号,https://www.city.adachi.tokyo.jp/juku/j-nisiarai.html,,,,〇,"平日・土曜日（館内整理日を除く）
9：00～18：00",自習室
足立区,加賀住区センター,足立区加賀二丁目31番６―101号,https://www.city.adachi.tokyo.jp/juku/j-kaga.html,,,,〇,平日、土曜日（館内整理日を除く）　9：00～17：00　,
足立区,五反野コミュニティセンター,足立区西綾瀬二丁目１番13号,https://www.city.adachi.tokyo.jp/juku/j-gotanno.html,,,,〇,平日、土曜日（館内整理日を除く）　9：00～17：00　,1階ロビー
足立区,花保住区センター,足立区東保木間一丁目25番４－101号,https://www.city.adachi.tokyo.jp/juku/j-hanaho.html,,,,〇,平日、土曜日（館内整理日を除く）　9：00～17：00　,娯楽室他
足立区,東和住区センター,足立区東和三丁目12番９号,https://www.city.adachi.tokyo.jp/juku/j-touwa.html,,,,〇,平日、土曜日（館内整理日を除く）　9：00～17：00　,談話コーナー、健康器具コーナー、娯楽室
足立区,佐野住区センター,足立区佐野二丁目43番５号,https://www.city.adachi.tokyo.jp/juku/j-sano.html,,,,〇,平日、土曜日（館内整理日を除く）　9：00～17：00　,大広間(教室使用時は除く)
足立区,弘道住区センター,足立区弘道二丁目16番１―101号,https://www.city.adachi.tokyo.jp/juku/j-koudou.html,,,,〇,平日、土曜日（館内整理日を除く）　9：00～17：00　,１階ロビー
足立区,島根住区センター,足立区島根四丁目19番１－101号,https://www.city.adachi.tokyo.jp/juku/j-shimane.html,,,,〇,平日、土曜日（館内整理日を除く）　9：00～17：00　,"１階ロビー
娯楽室"
足立区,西新井本町住区センター,足立区西新井本町二丁目30番37号,https://www.city.adachi.tokyo.jp/juku/j-nisihonn.html,,,,〇,平日、土曜日（館内整理日を除く）　9：00～17：00　,１階ロビー
足立区,扇住区センター,足立区扇一丁目47番38号,https://www.city.adachi.tokyo.jp/juku/j-ougi.html,,,,〇,平日、土曜日（館内整理日を除く）　9：00～17：00　,1階ロビー
足立区,伊興住区センター,足立区伊興五丁目22番13号,https://www.city.adachi.tokyo.jp/juku/j-ikou.html,,,,〇,平日、土曜日（館内整理日を除く）　9：00～17：00　,1階ロビー
足立区,舎人住区センター,足立区舎人一丁目３番26号,https://www.city.adachi.tokyo.jp/juku/j-toneri.html,,,,〇,平日、土曜日（館内整理日を除く）　9：00～17：00　,
足立区,南花畑住区センター,足立区南花畑三丁目14番７号,https://www.city.adachi.tokyo.jp/juku/j-nanpata.html,,,,〇,平日、土曜日（館内整理日を除く）　9：00～17：00　,1階ロビー
足立区,保塚住区センター,足立区保塚町７番16号,https://www.city.adachi.tokyo.jp/juku/j-hotuka.html,,,,〇,平日、土曜日（館内整理日を除く）　9：00～17：00　,悠々館
足立区,綾瀬住区センター,足立区綾瀬三丁目17番９号,https://www.city.adachi.tokyo.jp/juku/j-ayase.html,,,,〇,平日、土曜日（館内整理日を除く）　9：00～17：00　,大広間
足立区,千住本町住区センター,足立区千住五丁目６番２号,https://www.city.adachi.tokyo.jp/juku/j-senhon.html,,,,〇,平日、土曜日（館内整理日を除く）　9：00～17：00　,１階ロビー
足立区,加平住区センター,足立区加平一丁目10番６号,https://www.city.adachi.tokyo.jp/juku/j-kahei.html,,,,〇,平日、土曜日（館内整理日を除く）　9：00～17：00　,１階ロビー
足立区,栗原北住区センター,足立区栗原四丁目19番15号,https://www.city.adachi.tokyo.jp/juku/j-kurikita.html,,,,〇,平日、土曜日（館内整理日を除く）　9：00～17：00　,娯楽室
足立区,梅田住区センター,足立区梅田六丁目26番１号,https://www.city.adachi.tokyo.jp/juku/j-umeda.html,,,,〇,平日、土曜日（館内整理日を除く）　9：00～17：00　,１階マッサージチェア付近に椅子を用意
足立区,江南住区センター,足立区小台二丁目４番18号,https://www.city.adachi.tokyo.jp/juku/j-kounan.html,,,,〇,"平日  　8：30～17：00
土・日　9：00～17：00",共通通路
足立区,興本住区センター,足立区本木東町17番10号,https://www.city.adachi.tokyo.jp/juku/j-okimoto.html,,,,〇,平日、土曜日（館内整理日を除く）　9：00～17：00　,１階ロビー
足立区,鹿浜住区センター,足立区鹿浜六丁目８番１号,https://www.city.adachi.tokyo.jp/juku/j-sikahama.html,,,,〇,平日、土曜日（館内整理日を除く）　9：00～17：00　,悠々館
足立区,新田住区センター,足立区新田二丁目２番２号,https://www.city.adachi.tokyo.jp/juku/j-sinden.html,,,,〇,平日、土曜日（館内整理日を除く）　9：00～17：00　,1F悠々館ロビー
足立区,入谷住区センター,足立区舎人六丁目12番４－101号,https://www.city.adachi.tokyo.jp/juku/j-iriya.html,,,,〇,平日、土曜日（館内整理日を除く）　9：00～17：00　,娯楽室・他
足立区,大谷田住区センター,足立区大谷田一丁目１番２－101号,https://www.city.adachi.tokyo.jp/juku/j-ooyata.html,,,,〇,平日、土曜日（館内整理日を除く）　9：00～17：00　,1階・娯楽室　（教室使用時は除く）
足立区,栗島住区センター,足立区中央本町四丁目５番２号,https://www.city.adachi.tokyo.jp/juku/j-kurisima.html,,,,〇,平日、土曜日（館内整理日を除く）　9：00～17：00　,利用施設全体
足立区,長門住区センター分館,足立区中川四丁目43番4号,https://www.city.adachi.tokyo.jp/juku/nagato.html,,,,〇,平日、土曜日（館内整理日を除く）　9：00～17：00　,大広間(教室使用時は除く)
足立区,平野住区センター,足立区平野二丁目２番14号,https://www.city.adachi.tokyo.jp/juku/j-hirano.html,,,,〇,平日、土曜日（館内整理日を除く）　9：00～17：00　,1階悠々館ロビー　
足立区,大谷田谷中住区センター,足立区大谷田四丁目16番６号,https://www.city.adachi.tokyo.jp/juku/j-yanaka.html,,,,〇,平日、土曜日（館内整理日を除く）　9：00～17：00　,1階悠々館ロビー　
足立区,東綾瀬住区センター,足立区東綾瀬一丁目28番７号,https://www.city.adachi.tokyo.jp/juku/j-higashiayase.html,,,,〇,平日、土曜日（館内整理日を除く）　9：00～17：00　,1階　悠々館
足立区,千住あずま住区センター,足立区千住東二丁目21番18号,https://www.city.adachi.tokyo.jp/juku/j-azuma.html,,,,〇,平日、土曜日（館内整理日を除く）　9：00～17：00　,1階ロビー（貸し出しのない時）又は玄関ホール
足立区,神明住区センター,足立区神明南二丁目６番19号,https://www.city.adachi.tokyo.jp/juku/j-sinmei.html,,,,〇,平日、土曜日（館内整理日を除く）　9：00～17：00　,悠々館　1階　談話室
足立区,千住河原町住区センター,足立区千住河原町６番４号,https://www.city.adachi.tokyo.jp/juku/j-kawarachou.html,,,,〇,平日、土曜日（館内整理日を除く）　9：00～17：00　,１階ロビー
足立区,西伊興住区センター,足立区西伊興一丁目12番12号,https://www.city.adachi.tokyo.jp/juku/j-nisiikou.html,,,,〇,平日、土曜日（館内整理日を除く）　9：00～17：00　,１階ロビー
足立区,本木関原住区センター,足立区関原一丁目21番11号,https://www.city.adachi.tokyo.jp/juku/j-motoseki.html,,,,〇,平日、土曜日（館内整理日を除く）　9：00～17：00　,１階ロビー
足立区,東伊興住区センター,足立区東伊興一丁目５番22号,https://www.city.adachi.tokyo.jp/juku/j-higashiikou.html,,,,〇,平日、土曜日（館内整理日を除く）　9：00～17：00　,１階ロビー
足立区,押皿谷住区センター,足立区鹿浜八丁目27番15号,https://www.city.adachi.tokyo.jp/juku/j-osaraya.html,,,,〇,平日、土曜日（館内整理日を除く）　9：00～17：00　,２階悠々館
足立区,花畑住区センター,足立区花畑四丁目16番８号,https://www.city.adachi.tokyo.jp/juku/j-hanahata.html,,,,〇,平日、土曜日（館内整理日を除く）　9：00～17：00　,１階ロビー
足立区,西新井栄町住区センター,足立区西新井栄町三丁目１番６―101号,https://www.city.adachi.tokyo.jp/juku/j-sakaechou.html,,,,〇,平日、土曜日（館内整理日を除く）　9：00～17：00　,１階ロビー
足立区,千住柳町住区センター,足立区千住柳町12番５号,https://www.city.adachi.tokyo.jp/juku/j-yanagichou.html,,,,〇,平日、土曜日（館内整理日を除く）　9：00～17：00　,玄関外
足立区,桜花住区センター,足立区花畑六丁目４番16号,https://www.city.adachi.tokyo.jp/juku/j-ouka.html,,,,〇,平日、土曜日（館内整理日を除く）　9：00～17：00　,１階 大広間
足立区,悠々会館,足立区西保木間四丁目9番1号,https://www.city.adachi.tokyo.jp/juku/yuuyuukaikannsinnkipe-ji.html,,,,〇,"火曜～日曜日（第3日曜日除く）
9:00～17:00",1階ロビー
足立区,鹿浜いきいき館,足立区鹿浜二丁目24番2号,https://www.city.adachi.tokyo.jp/juku/shikahama_ikiikikan.html,,,,〇,火～土曜日　9:00～18:00,利用施設全体
足立区,生涯学習センター,足立区千住5-13-5,https://www.adachi-shogakucenter.net/,〇,平日・土・日・祝日9:00～21:30,38名,〇,平日・土・日・祝日9:00～21:30,1Fロビー(フリースペース)、4Fロビー(フリースペース)、5Fリフレッシュコーナー(フリースペース)
足立区,伊興地域学習センター,足立区伊興2-4-22,https://grandio.co.jp/ikou/,〇,平日・土・日・祝日9:00～21:30,10名,〇,平日・土・日・祝日9:00～21:30,1Fロビー(フリースペース)
足立区,梅田地域学習センター,足立区梅田7-33-1,https://adachi-umedacenter.tokyo/,〇,平日・土・日・祝日9:00～21:30,30名,〇,平日・土・日・祝日9:00～21:30,1Fロビー(フリースペース)
足立区,興本地域学習センター,足立区興野1-18-38,https://tme-adachi.com/okimoto/,〇,平日・土・日・祝日9:00～21:30,6名,〇,平日・土・日・祝日9:00～21:30,1Fロビー(フリースペース)
足立区,江北地域学習センター,足立区江北3-39-4,https://tme-adachi.com/kohoku/,〇,平日・土・日・祝日9:00～21:30,17名,〇,平日・土・日・祝日9:00～21:30,1Fロビー(フリースペース)
足立区,佐野地域学習センター,足立区佐野2-43-5,https://grandio.co.jp/sano/,〇,平日・土・日・祝日9:00～21:30,15名,〇,平日・土・日・祝日9:00～21:30,2F廊下(フリースペース)
足立区,鹿浜地域学習センター,足立区鹿浜6-8-1,https://www.adachi-shikahamacenter.net/,〇,平日・土・日・祝日9:00～21:30,20名,〇,平日・土・日・祝日9:00～21:30,1Fエントランスホール(フリースペース)
足立区,新田地域学習センター,足立区新田2-2-2,https://tme-adachi.com/sinden/,〇,平日・土・日・祝日9:00～21:30,4名,〇,平日・土・日・祝日9:00～21:30,2Fロビー(フリースペース)
足立区,竹の塚地域学習センター,足立区竹の塚2-25-17,https://www.adachi-takenotsukacenter.net/,〇,平日・土・日・祝日9:00～21:30,9名,〇,平日・土・日・祝日9:00～21:30,3F(フリースペース)
足立区,中央本町地域学習センター,足立区中央本町3-15-1,https://www.adachi-chuohonchocenter.net/,〇,平日・土・日・祝日9:00～21:30,20名,〇,平日・土・日・祝日9:00～21:30,2Fロビー(フリースペース)
足立区,東和地域学習センター,足立区東和3-12-9,https://adachi-towacenter.tokyo/,〇,平日・土・日・祝日9:00～21:30,20名,〇,平日・土・日・祝日9:00～21:30,1Fロビー(フリースペース)
足立区,舍人地域学習センター,足立区舎人1-3-26,https://www.adachi-tonericenter.net/,〇,平日・土・日・祝日9:00～21:30,20名,〇,平日・土・日・祝日9:00～21:30,1F・3Fロビー(フリースペース)
足立区,花畑地域学習センター,足立区花畑4-16-8,https://tme-adachi.com/hanahata/,〇,平日・土・日・祝日9:00～21:30,18名,〇,平日・土・日・祝日9:00～21:30,1Fロビー(フリースペース)
足立区,保塚地域学習センター,足立区保塚7-16,https://grandio.co.jp/hotsuka/,〇,平日・土・日・祝日9:00～21:30,16名,〇,平日・土・日・祝日9:00～21:30,2Fロビー(フリースペース)
足立区,総合スポーツセンター,足立区東保木間2-27-1,https://www.city.adachi.tokyo.jp/sports/shisetsu/koen/038.html,〇,9:00～21:00(第2月曜日は休館),20名,〇,9:00～21:00(第2月曜日は休館),1Fロビー
足立区,竹の塚温水プール・体育館(スイムスポーツセンター),足立区西保木間4-10-1,https://www.city.adachi.tokyo.jp/sports/shisetsu/koen/034.html,〇,9:00～21:00,30名,〇,9:00～21:00,1Fロビー
足立区,東綾瀬公園温水プール,足立区東綾瀬3-4-1,https://www.city.adachi.tokyo.jp/sports/shisetsu/koen/048.html,〇,9:00～20:30,10名,〇,9:00～20:30,1Fロビー
足立区,千住温水プール,足立区千住3-30,https://www.city.adachi.tokyo.jp/sports/shisetsu/koen/035.html,〇,9:00～20:30,10名,〇,9:00～20:30,BF1ロビー
足立区,梅田図書館,梅田7-13-1,https://adachi-umedacenter.tokyo/,〇,9:00～20:00(休館日除く),170名,〇,9:00～20:00(休館日除く),図書館全域
足立区,花畑公園・桜花亭,足立区花畑4-40-1,https://www.adachiku-oukatei.jp/,〇,休園日(月曜、祝日の場合は翌日)を除く9:00～17:00,10名,〇,休園日(月曜、祝日の場合は翌日)を除く9:00～17:00,公園内、庭園内の休養施設
足立区,足立区都市農業公園,足立区鹿浜2-44-1,https://toshino.ces-net.jp/,〇,休園日(第1・3水曜日、祝日の場合は翌日)を除く、9:00～17:00、(6月～9月は18時まで),15名,〇,休園日(第1・3水曜日、祝日の場合は翌日)を除く、9:00～17:00、(6月～9月は18時まで),都市農業交流館1Fロビー
足立区,足立区都市農業公園,足立区鹿浜2-44-1,https://toshino.ces-net.jp/,〇,休園日(第1・3水曜日、祝日の場合は翌日)を除く、9:00～16:30,12名,〇,休園日(第1・3水曜日、祝日の場合は翌日)を除く、9:00～16:30,人と自然の共生館
足立区,足立区都市農業公園,足立区鹿浜2-44-1,https://toshino.ces-net.jp/,〇,休園日(第1・3水曜日、祝日の場合は翌日)、定休日(水曜日)を除く、10:00～17：00,6名,〇,休園日(第1・3水曜日、祝日の場合は翌日)、定休日(水曜日)を除く、10:00～17：00,レストハウス1F
足立区,桑袋ビオトープ公園,足立区花畑8-2-2,https://ces-net.jp/biotop/,〇,休園日(月曜日、祝日の場合は翌日)を除く、9:00～17:00,30名,〇,休園日(月曜日、祝日の場合は翌日)を除く、9:00～17:00,あやせ川清流館、園内木陰(ベンチ)
足立区,北鹿浜公園,足立区鹿浜3-26-1,https://parks.prfj.or.jp/kitashikahama/,,,,〇,7/11～9/1の月曜(祝日の場合は翌日)を除く9:00～17:00,ミストシャワー
足立区,足立保健所,足立区中央本町1-5-3,,〇,平日8：30～17:00,5名,〇,平日8：30～17:00,ロビー(フリースペース)
足立区,竹の塚保健センター,足立区西竹の塚1-11-2,https://www.city.adachi.tokyo.jp/takenotsuka-h/shisetsu/take-f1.html,〇,平日8:30～17:00(健診事業等の事業実施日を除く),15名,〇,平日8:30～17:00(健診事業等の事業実施日を除く),診察室前、事務室廊下を除くロビー、廊下
足立区,すこやかプラザ　あだち,足立区江北5-14-5,https://www.city.adachi.tokyo.jp/kohoku-h/sukoyaka20250310.html,〇,"7：30～22：30（12月29日～1月3日は9：00～18：00）※12月29日が日曜日以外の場合は閉庁
※毎週月曜日は混雑が予想されます。",50名,〇,"7：30～22：30（12月29日～1月3日は9：00～18：00）※12月29日が日曜日以外の場合は閉庁
※毎週月曜日は混雑が予想されます。",ロビー(フリースペース)
足立区,東京武道館,足立区綾瀬3-20-1,https://www.tef.or.jp/tb/index.html,〇,"利用時間：9;30～20:00
※休館日及び混雑状況によりご入館いただけない場合があります。",5名,〇,"利用時間:9:30～20:00
※休館日及び混雑状況によりご入館いただけない場合があります。",正面エントランス(自販機コーナースペース)
足立区,舎人公園,足立区舎人公園1-1,https://www.tokyo-park.or.jp/park/toneri/,,,,〇,"※水遊びができる屋外のスポットで、屋内施設ではありません。
未定、※電力ひっ迫時は運用を停止する可能性があります。",じゃぶじゃぶ池
足立区,ゆめろーどお休み処,足立区梅田1-13-15,https://www.yume-road.com/%E3%81%8A%E4%BC%91%E3%81%BF%E5%87%A6/,,,,〇,10:00～17:00（月・火休み）,
足立区,ベルモント公園,足立区梅島1-33-7,https://parks.prfj.or.jp/belmont/,〇,"陳列館休館日(月曜日、祝日の場合は翌日)を除く、10:00～16:30
ベルモント公園：常時開放",15名,〇,"陳列館休館日(月曜日、祝日の場合は翌日)を除く、10:00～16:30
ベルモント公園：常時開放",陳列館１F
足立区,ベルクス足立中央店,足立区中央本町4-23-20,,,,,〇,営業日時に準ずる,店内イートインスペース
足立区,ベルクス足立神明店,足立区神明2-6-14,,,,,〇,営業日時に準ずる,店内イートインスペース
足立区,ベルクス西新井西店,足立区西新井7-21-9,,,,,〇,営業日時に準ずる,店内イートインスペース
足立区,イオン西新井店,足立区梅島3-32-7,,,,,〇,営業日時に準ずる,4F休憩所
足立区,中川薬局足立江北店,足立区江北4-7-18,,,,,〇,開局日時に準ずる,待合室
足立区,中川薬局西新井店,足立区西新井本町1-13-22 Doux-1 1階,,,,,〇,開局日時に準ずる,待合室
足立区,みゆき薬局,足立区東伊興3-20-9,,,,,〇,開局日時に準ずる,待合室
足立区,"東京ガスライフバル足立・埼玉東 
竹ノ塚ショールーム",足立区竹の塚5-2-6,,,,,〇,営業日時に準ずる,店内着席スペース
足立区,"東京ガスライフバル足立・埼玉東 
中央本町ショールーム",足立区中央本町1-1-5,,,,,〇,営業日時に準ずる,店内着席スペース
足立区,セブンイレブン足立花畑8丁目店,足立区花畑8-7-7,,,,,〇,"営業日の午前5時～午後9時まで
（イートインスペース利用可能時間）",店内イートインスペース
足立区,セブンイレブン足立花畑4丁目店,足立区花畑4-38-16,,,,,〇,"営業日の午前5時～午後9時まで
（イートインスペース利用可能時間）",店内イートインスペース
足立区,セブンイレブン足立花畑西店,足立区花畑5-2-6,,,,,〇,"営業日の午前5時～午後9時まで
（イートインスペース利用可能時間）",店内イートインスペース
足立区,アリオ西新井,足立区西新井栄町1-20-1,,,,,〇,営業日時に準ずる,店内フードコート等
足立区,クオール薬局西新井栄町店,足立区西新井栄町2-4-10ソラトカゼト西新井,,,,,〇,開局日時に準ずる,待合室
足立区,クオール薬局竹の塚店,足立区竹の塚5-11-6,,,,,〇,開局日時に準ずる,待合室
足立区,クオール薬局足立平野店,足立区平野1-15-18,,,,,〇,開局日時に準ずる,待合室
足立区,ローソンクオール薬局島根一丁目店,足立区島根1-1-29,,,,,〇,開局日時に準ずる,待合室
足立区,ライオン薬局,足立区西新井5-15-1,,,,,〇,開局日時に準ずる,待合室
足立区,"医療法人社団あすは会　
東伊興クリニック",足立区東伊興3-21-3,,,,,〇,診療日時に準ずる,待合室
足立区,"医療法人社団あすは会　
西伊興クリニック",足立区西伊興4-1-1,,,,,〇,診療日時に準ずる,待合室
足立区,"医療法人社団大坪会　
介護老人保健施設ホスピア東和",足立区東和4-7-8,,,,,〇,受付日時に準ずる,1Fロビー
足立区,たかの治療院・接骨院,足立区舎人4-11-6,,,,,〇,診療日時に準ずる,待合室
足立区,"ダイハツ東京販売（株）
U-CAR谷在家",足立区谷在家1-9-11,,,,,〇,営業日時に準ずる,店内着席スペース
足立区,"ダイハツ東京販売（株）
竹の塚店","足立区六月
1-22-18",,,,,〇,営業日時に準ずる,店内着席スペース
足立区,"ダイハツ東京販売（株）
鹿浜店","足立区鹿浜
3-3-5",,,,,〇,営業日時に準ずる,店内着席スペース
足立区,足立区役所,足立区中央本町１-17-１,https://www.city.adachi.tokyo.jp/chosha/shisetsu/kuyakusho/001.html,〇,"平日8:00～22:00
土日祝8:30～22:00
※全館閉館日及び年末年始（12/29-1/3）を除く",30名,〇,"平日8:00～22:00
土日祝8:30～22:00
※全館閉館日及び年末年始（12/29-1/3）を除く",1階アトリウム
葛飾区,水元公園,葛飾区水元公園3-2,https://www.tokyo-park.or.jp/park/mizumoto/,,,,〇,"※水遊びができる屋外のスポットで、屋内施設ではありません。
未定、※電力ひっ迫時は運用を停止する可能性があります。",噴水広場
葛飾区,葛飾区役所総合庁舎,葛飾区立石5-13-1,https://www.city.katsushika.lg.jp/institution/public/office.html,〇,"8:30～17:15
（土曜日、日曜日、祝日は除く）",50名,〇,"8:30～17:15
（土曜日、日曜日、祝日は除く）",本館2階区民ホール
葛飾区,ウィメンズパル,葛飾区立石5-27-1,https://www.city.katsushika.lg.jp/institution/1030224/1000097/1006912/1006928.html,〇,"月曜日から土曜日まで：9:00～21:30
日曜日・祝日：9:00～17:30",25名,〇,"月曜日から土曜日まで：9:00～21:30
日曜日・祝日：9:00～17:30",1階ロビー・ラウンジ
葛飾区,立石地区センター・勤労福祉会館,葛飾区立石3-12-1,https://www.city.katsushika.lg.jp/institution/1006723/1025547/1006724/index.html,〇,"8:30～21:30
休館日：７月28日",10名,〇,"8:30～21:30
休館日：７月28日",ロビー
葛飾区,東立石地区センター,葛飾区東立石2-15-7,https://www.city.katsushika.lg.jp/institution/1006723/1025547/1006724/index.html,〇,8:30～21:00,20名,〇,8:30～21:00,1～3階ロビー
葛飾区,東四つ木地区センター,葛飾区東四つ木１－20－４,https://www.city.katsushika.lg.jp/institution/1006723/1025547/1006724/index.html,〇,8:30～21:00,10名,〇,8:30～21:00,1階ロビー
葛飾区,四つ木地区センター,葛飾区宝町1-1-22,https://www.city.katsushika.lg.jp/institution/1006723/1025547/1006724/index.html,〇,8:30～21:00,12名,〇,8:30～21:00,1階ロビー
葛飾区,堀切地区センター,葛飾区堀切3-8-5,https://www.city.katsushika.lg.jp/institution/1006723/1025547/1006724/index.html,〇,8:30～21:00,10名,〇,8:30～21:00,1階ロビー、2階・3階ベンチシート
葛飾区,南綾瀬地区センター,葛飾区堀切7-8-22,https://www.city.katsushika.lg.jp/institution/1006723/1025547/1006724/index.html,〇,8:30～21:00,6名,〇,8:30～21:00,ロビー
葛飾区,お花茶屋地区センター,葛飾区お花茶屋2-1-12,https://www.city.katsushika.lg.jp/institution/1006723/1025547/1006724/index.html,〇,8:30～21:00,2名,〇,8:30～21:00,1階ロビー
葛飾区,亀有地区センター,葛飾区亀有3-26-1 リリオ館7階,https://www.city.katsushika.lg.jp/institution/1006723/1025547/1006724/index.html,〇,8:30～21:00,6名,〇,8:30～21:00,ロビー
葛飾区,青戸地区センター,葛飾区青戸5-20-6,https://www.city.katsushika.lg.jp/institution/1006723/1025547/1006724/index.html,〇,8:30～21:00,2名,〇,8:30～21:00,ロビー
葛飾区,新小岩北地区センター,葛飾区東新小岩6-21-1,https://www.city.katsushika.lg.jp/institution/1006723/1025547/1006724/index.html,〇,8:30～21:00,20名,〇,8:30～21:00,ロビー
葛飾区,新小岩地区センター,葛飾区新小岩２－17－１,https://www.city.katsushika.lg.jp/institution/1006723/1025547/1006724/1006746.html,〇,8:30～21:00,16名,〇,8:30～21:00,1階ロビー
葛飾区,奥戸地区センター,葛飾区奥戸3-9-17,https://www.city.katsushika.lg.jp/institution/1006723/1025547/1006724/index.html,〇,8:30～21:00,6名,〇,8:30～21:00,1階ロビー
葛飾区,高砂地区センター,葛飾区高砂3-1-39,https://www.city.katsushika.lg.jp/institution/1006723/1025547/1006724/index.html,〇,8:30～21:00,6名,〇,8:30～21:00,1階ロビー
葛飾区,柴又地区センター,葛飾区柴又1-38-2,https://www.city.katsushika.lg.jp/institution/1006723/1025547/1006724/index.html,〇,"8:30～17:00
（土曜日、日曜日、祝日を除く）",5名,〇,"8:30～17:00
（土曜日、日曜日、祝日を除く）",待合スペース（併設の柴又区民サービスコーナー内）
葛飾区,新宿地区センター,葛飾区新宿4-1-10,https://www.city.katsushika.lg.jp/institution/1006723/1025547/1006724/index.html,〇,8:30～21:00,6名,〇,8:30～21:00,1階休憩室
葛飾区,金町地区センター,葛飾区東金町1-22-1,https://www.city.katsushika.lg.jp/institution/1006723/1025547/1006724/index.html,〇,8:30～21:00,5名,〇,8:30～21:00,2階共有スペース
葛飾区,東金町地区センター,葛飾区東金町5-33-6,https://www.city.katsushika.lg.jp/institution/1006723/1025547/1006724/index.html,〇,8:30～21:00,15名,〇,8:30～21:00,2階ロビー
葛飾区,水元地区センター,葛飾区水元3-13-22,https://www.city.katsushika.lg.jp/institution/1006723/1025547/1006724/index.html,〇,"8:30～17:00
（土曜日、日曜日、祝日は除く）",3名,〇,"8:30～17:00
（土曜日、日曜日、祝日は除く）",待合スペース（区民事務所内）
葛飾区,西水元地区センター,葛飾区西水元5-3-1-101,https://www.city.katsushika.lg.jp/institution/1006723/1025547/1006724/index.html,〇,8:30～21:00,10名,〇,8:30～21:00,1階ロビー
葛飾区,水元憩い交流館,葛飾区水元4-6-15,https://www.city.katsushika.lg.jp/institution/1006723/1025547/1006726/index.html,〇,"9:00～17:00
（土曜日、日曜日、祝日は除く）",6名,〇,"9:00～17:00
（土曜日、日曜日、祝日は除く）",1階ロビー
葛飾区,砂原憩い交流館,葛飾区西亀有3-12-1,https://www.city.katsushika.lg.jp/institution/1006723/1025547/1006726/index.html,〇,"9:00～17:00
（土曜日、日曜日、祝日は除く）",6名,〇,"9:00～17:00
（土曜日、日曜日、祝日は除く）",1階ロビー
葛飾区,宝町憩い交流館,葛飾区宝町2-38-19,https://www.city.katsushika.lg.jp/institution/1006723/1025547/1006726/index.html,〇,"9:00～17:00
（土曜日、日曜日、祝日は除く）",6名,〇,"9:00～17:00
（土曜日、日曜日、祝日は除く）",1階ロビー
葛飾区,東奥戸憩い交流館,葛飾区奥戸4-20-11,https://www.city.katsushika.lg.jp/institution/1006723/1025547/1006726/index.html,〇,"9:00～17:00
（土曜日、日曜日、祝日は除く）",6名,〇,"9:00～17:00
（土曜日、日曜日、祝日は除く）",1階ロビー
葛飾区,西奥戸憩い交流館,葛飾区奥戸1-12-1,https://www.city.katsushika.lg.jp/institution/1006723/1025547/1006726/index.html,〇,"9:00～17:00
（土曜日、日曜日、祝日は除く）",6名,〇,"9:00～17:00
（土曜日、日曜日、祝日は除く）",1階ロビー
葛飾区,新宿憩い交流館,葛飾区新宿1-5-6,https://www.city.katsushika.lg.jp/institution/1006723/1025547/1006726/index.html,〇,"9:00～17:00
（土曜日、日曜日、祝日は除く）",6名,〇,"9:00～17:00
（土曜日、日曜日、祝日は除く）",1階ロビー
葛飾区,たつみ憩い交流館,葛飾区西新小岩2-1-4,https://www.city.katsushika.lg.jp/institution/1006723/1025547/1006726/index.html,〇,"9:00～17:00
（土曜日、日曜日、祝日は除く）",6名,〇,"9:00～17:00
（土曜日、日曜日、祝日は除く）",1階ロビー
葛飾区,小菅憩い交流館,葛飾区小菅3-6-1,https://www.city.katsushika.lg.jp/institution/1006723/1025547/1006726/index.html,〇,"9:00～17:00
（土曜日、日曜日、祝日は除く）",6名,〇,"9:00～17:00
（土曜日、日曜日、祝日は除く）",1階ロビー
葛飾区,青戸中央憩い交流館,葛飾区青戸6-16-12,https://www.city.katsushika.lg.jp/institution/1006723/1025547/1006726/index.html,〇,"9:00～17:00
（土曜日、日曜日、祝日は除く）",6名,〇,"9:00～17:00
（土曜日、日曜日、祝日は除く）",1階ロビー
葛飾区,末広憩い交流館,葛飾区金町5-4-1,https://www.city.katsushika.lg.jp/institution/1006723/1025547/1006726/index.html,〇,"9:00～17:00
（土曜日、日曜日、祝日は除く）",6名,〇,"9:00～17:00
（土曜日、日曜日、祝日は除く）",1階ロビー
葛飾区,鎌倉憩い交流館,葛飾区鎌倉2-6-20,https://www.city.katsushika.lg.jp/institution/1006723/1025547/1006726/index.html,〇,"9:00～17:00
（土曜日、日曜日、祝日は除く）",6名,〇,"9:00～17:00
（土曜日、日曜日、祝日は除く）",1階ロビー
葛飾区,東金町憩い交流館,葛飾区東金町5-22-18,https://www.city.katsushika.lg.jp/institution/1006723/1025547/1006726/index.html,〇,"9:00～17:00
（土曜日、日曜日、祝日は除く）",6名,〇,"9:00～17:00
（土曜日、日曜日、祝日は除く）",1階ロビー
葛飾区,中道憩い交流館,葛飾区西亀有1-2-7,https://www.city.katsushika.lg.jp/institution/1006723/1025547/1006726/index.html,〇,"9:00～17:00
（土曜日、日曜日、祝日は除く）",6名,〇,"9:00～17:00
（土曜日、日曜日、祝日は除く）",1階ロビー
葛飾区,柴又憩い交流館,葛飾区柴又2-4-5,https://www.city.katsushika.lg.jp/institution/1006723/1025547/1006726/index.html,〇,"9:00～17:00
（土曜日、日曜日、祝日は除く）",6名,〇,"9:00～17:00
（土曜日、日曜日、祝日は除く）",1階ロビー
葛飾区,堀切憩い交流館,葛飾区堀切1-23-6,https://www.city.katsushika.lg.jp/institution/1006723/1025547/1006726/index.html,〇,"9:00～17:00
（土曜日、日曜日、祝日は除く）",6名,〇,"9:00～17:00
（土曜日、日曜日、祝日は除く）",1階ロビー
葛飾区,亀有学び交流館,葛飾区お花茶屋3-5-6,https://www.city.katsushika.lg.jp/institution/1006723/1025547/1006727/index.html,〇,"8:30～21:00
休館日：第2月曜日（祝日及び利用者会議等の場合は翌週）",30名,〇,"8:30～21:00
休館日：第2月曜日（祝日及び利用者会議等の場合は翌週）",1階ロビー
葛飾区,柴又学び交流館,葛飾区柴又5-33-8,https://www.city.katsushika.lg.jp/institution/1006723/1025547/1006727/index.html,〇,"8:30～21:00
休館日：第2日曜日（利用者会議等の場合は近日の祝日）
※令和８年６月３０日まで改修工事のため受け入れ可能人数縮小","30名
※10人",〇,"8:30～21:00
休館日：第2日曜日（利用者会議等の場合は近日の祝日）
※令和８年６月３０日まで改修工事のため受け入れ可能人数縮小",1階ロビー
葛飾区,水元学び交流館,葛飾区南水元2-13-1,https://www.city.katsushika.lg.jp/institution/1006723/1025547/1006727/index.html,〇,"8:30～21:00
休館日：第4月曜日（祝日及び利用者会議等の場合は翌週）",40名,〇,"8:30～21:00
休館日：第4月曜日（祝日及び利用者会議等の場合は翌週）",1階・3階ロビー
葛飾区,にこわ新小岩（新小岩地域活動センター）,葛飾区西新小岩4-33-2,https://www.city.katsushika.lg.jp/institution/1006723/1030221/1028535.html,〇,"8:30～21:00
休館日：第2日曜日",40名,〇,"8:30～21:00
休館日：第2日曜日",館内各所（各階共有スペース）
葛飾区,えきにこわ（新小岩地域活動センター別館）,"葛飾区新小岩1-45-1
JR新小岩南口ビル6階(えきにこわ)",https://www.city.katsushika.lg.jp/institution/1006723/1030221/1032585.html,〇,8:30～21:00,12名,〇,8:30～21:00,多目的ひろば
葛飾区,かつしかシンフォニーヒルズ 別館,葛飾区立石6-33-1,https://www.city.katsushika.lg.jp/institution/1030225/1006812.html,〇,"8:30～20:00
（施設保守日除く）",6名,〇,"8:30～20:00
（施設保守日除く）",別館1階　受付前ロビー
葛飾区,テクノプラザかつしか,葛飾区青戸7-2-1,https://www.city.katsushika.lg.jp/institution/1030225/1030226/1006815.html,〇,"8:30～21:30
休館日：メンテナンス休館日（8月8日・9日）",12名,〇,"8:30～21:30
休館日：メンテナンス休館日（8月8日・9日）",1階正面入口横
葛飾区,葛飾柴又寅さん記念館,葛飾区柴又6-22-19,https://www.city.katsushika.lg.jp/institution/1030225/1030227/1006820.html,〇,"9:00～17:00
休館日：毎月第三火曜日",10名,〇,"9:00～17:00
休館日：毎月第三火曜日",無料休憩室
葛飾区,柴又川甚まちなみ館,葛飾区柴又７-１９-１４,https://www.shibamatakawajin-machinamikan.jp/,〇,"9:00～18:00
休館日：毎月第三火曜日",10名,〇,"9:00～18:00
休館日：毎月第三火曜日","２階　展示・イベントコーナー
３階　多目的ホール"
葛飾区,水元かわせみの里,葛飾区水元公園8-3,https://www.city.katsushika.lg.jp/institution/1000096/1006910.html,〇,"火曜日から日曜日まで：9:00～17:30
休館日：月曜日（祝日の場合は直後の平日）",5名,〇,"火曜日から日曜日まで：9:00～17:30
休館日：月曜日（祝日の場合は直後の平日）",水辺のふれあいルーム
葛飾区,シニア活動支援センター,葛飾区立石6-38-11,https://www.city.katsushika.lg.jp/institution/1030223/1006834.html,〇,"9:00～21:00
休館日：定期清掃日等",10名,〇,"9:00～21:00
休館日：定期清掃日等",1階
葛飾区,ウェルピアかつしか,葛飾区堀切3-34-1,https://www.city.katsushika.lg.jp/institution/1030223/1006824.html,〇,8:30～17:15,4名,〇,8:30～17:15,1階ボランティアセンター前ロビー
葛飾区,健康プラザかつしか,葛飾区青戸4-15-14,https://www.city.katsushika.lg.jp/institution/1030223/1006702/1006705.html,〇,"8:30～17:00
休館日：土曜日、日曜日、祝日",6名,〇,"8:30～17:00
休館日：土曜日、日曜日、祝日",1階ロビー
葛飾区,和楽亭,"葛飾区西新小岩1-1-3
新小岩公園内",https://www.city.katsushika.lg.jp/institution/1030225/1030227/1006822.html,〇,"9:00～18:00
休館日：毎週水曜日、毎月第三木曜日",5名,〇,"9:00～18:00
休館日：毎週水曜日、毎月第三木曜日",ホール
葛飾区,野草園,"葛飾区鎌倉3-22-1
　鎌倉公園内",https://www.city.katsushika.lg.jp/institution/1000096/1006903.html,〇,"9:00～18:00
休館日：月2回程度不定休日あり
※不定休日は、葛飾区鎌倉公園のHPに記載してありますので、ご確認ください。",10名,〇,"9:00～18:00
休館日：月2回程度不定休日あり
※不定休日は、葛飾区鎌倉公園のHPに記載してありますので、ご確認ください。",野草園管理所
葛飾区,奥戸総合スポーツセンター,葛飾区奥戸7-17-1,https://www.city.katsushika.lg.jp/institution/1030225/1000098/1006941/1017968.html,〇,"9:00～21:00
休館日：第4水曜日",50名,〇,"9:00～21:00
休館日：第4水曜日","1階正面入口横ロビー(自販機前)
2階フロア"
葛飾区,水元総合スポーツセンター,葛飾区水元1-23-1,https://www.city.katsushika.lg.jp/institution/1030225/1000098/1006941/1006971.html,〇,"9:00～21:00
休館日：第2水曜日(7月、8月は休館日なし)",50名,〇,"9:00～21:00
休館日：第2水曜日(7月、8月は休館日なし)",1階ロビー
葛飾区,中央図書館,"葛飾区金町6-2-1
ヴィナシス金町ブライトコート3階",https://www.lib.city.katsushika.lg.jp/menucontents;jsessionid=E3952E6A2EAF1245DD99FD84ACA31705?0&pid=35,〇,"月曜日から土曜日まで：9:00～22:00
日曜日・休日：9:00～20:00

休館日：毎月第4木曜日（休日の場合は翌日）、特別整理期間（年1回）",7名,〇,"月曜日から土曜日まで：9:00～22:00
日曜日・休日：9:00～20:00

休館日：毎月第4木曜日（休日の場合は翌日）、特別整理期間（年1回）",ラウンジ
葛飾区,立石図書館,葛飾区立石1-9-1,https://www.lib.city.katsushika.lg.jp/menucontents;jsessionid=E3952E6A2EAF1245DD99FD84ACA31705?0&pid=35,〇,"月曜日から土曜日まで：9:00～22:00
日曜日・休日：9:00～20:00

休館日：毎月第4木曜日（休日の場合は翌日）、特別整理期間（年1回）",6名,〇,"月曜日から土曜日まで：9:00～22:00
日曜日・休日：9:00～20:00

休館日：毎月第4木曜日（休日の場合は翌日）、特別整理期間（年1回）",新聞・雑誌閲覧コーナー及びフリースペース
葛飾区,お花茶屋図書館,葛飾区お花茶屋2-1-15,https://www.lib.city.katsushika.lg.jp/menucontents;jsessionid=E3952E6A2EAF1245DD99FD84ACA31705?0&pid=35,〇,"火曜日から土曜日まで：9:00～20:00
日曜日・休日：9:00～17:00

休館日：令和７年９月１日～令和８年７月23日
※改修工事のため休館",4名,〇,"火曜日から土曜日まで：9:00～20:00
日曜日・休日：9:00～17:00

休館日：令和７年９月１日～令和８年７月23日
※改修工事のため休館",新聞・雑誌閲覧コーナー
葛飾区,上小松図書館,"葛飾区東新小岩3-12-1
都営東新小岩三丁目ｱﾊﾟｰﾄ1号棟1階",https://www.lib.city.katsushika.lg.jp/menucontents;jsessionid=E3952E6A2EAF1245DD99FD84ACA31705?0&pid=35,〇,"火曜日から土曜日まで：9:00～20:00
日曜日・休日：9:00～17:00

休館日：月曜日（休日の場合は翌日）、毎月第4木曜日（休日の場合は翌日）、特別整理期間（年1回）",4名,〇,"火曜日から土曜日まで：9:00～20:00
日曜日・休日：9:00～17:00

休館日：月曜日（休日の場合は翌日）、毎月第4木曜日（休日の場合は翌日）、特別整理期間（年1回）",新聞・雑誌閲覧コーナー
葛飾区,亀有図書館,"葛飾区亀有1-17-5
 都営亀有1丁目ｱﾊﾟｰﾄ5号棟1階",https://www.lib.city.katsushika.lg.jp/menucontents;jsessionid=E3952E6A2EAF1245DD99FD84ACA31705?0&pid=35,〇,"火曜日から土曜日まで：9:00～20:00
日曜日・休日：9:00～17:00

休館日：月曜日（休日の場合は翌日）、毎月第4木曜日（休日の場合は翌日）、特別整理期間（年1回）",4名,〇,"火曜日から土曜日まで：9:00～20:00
日曜日・休日：9:00～17:00

休館日：月曜日（休日の場合は翌日）、毎月第4木曜日（休日の場合は翌日）、特別整理期間（年1回）",新聞・雑誌閲覧コーナー
葛飾区,水元図書館,葛飾区東水元1-7-3,https://www.lib.city.katsushika.lg.jp/menucontents;jsessionid=E3952E6A2EAF1245DD99FD84ACA31705?0&pid=35,〇,"火曜日から土曜日まで：9:00～20:00
日曜日・休日：9:00～17:00

休館日：月曜日（休日の場合は翌日）、毎月第4木曜日（休日の場合は翌日）、特別整理期間（年1回）",4名,〇,"火曜日から土曜日まで：9:00～20:00
日曜日・休日：9:00～17:00

休館日：月曜日（休日の場合は翌日）、毎月第4木曜日（休日の場合は翌日）、特別整理期間（年1回）",新聞・雑誌閲覧コーナー
葛飾区,鎌倉図書館,葛飾区鎌倉2-4-5,https://www.lib.city.katsushika.lg.jp/menucontents;jsessionid=E3952E6A2EAF1245DD99FD84ACA31705?0&pid=35,〇,"火曜日から土曜日まで：9:00～20:00
日曜日・休日：9:00～17:00

休館日：月曜日（休日の場合は翌日）、毎月第4木曜日（休日の場合は翌日）、特別整理期間（年1回）",4名,〇,"火曜日から土曜日まで：9:00～20:00
日曜日・休日：9:00～17:00

休館日：月曜日（休日の場合は翌日）、毎月第4木曜日（休日の場合は翌日）、特別整理期間（年1回）",新聞・雑誌閲覧コーナー
葛飾区,四つ木地区図書館,"葛飾区四つ木4-8-1
 よつぎ小学校内",https://www.lib.city.katsushika.lg.jp/menucontents;jsessionid=E3952E6A2EAF1245DD99FD84ACA31705?0&pid=35,〇,"火曜日から土曜日まで：10:00～18:00
日曜日・休日：10:00～17:00
休館日：月曜日（休日の場合は翌日）、毎月第4木曜日（休日の場合は翌日）、特別整理期間（年1回）",2名,〇,"火曜日から土曜日まで：10:00～18:00
日曜日・休日：10:00～17:00
休館日：月曜日（休日の場合は翌日）、毎月第4木曜日（休日の場合は翌日）、特別整理期間（年1回）",児童書コーナー奥
葛飾区,西水元地区図書館,"葛飾区西水元2-2-8
 特別養護老人ホーム西水元あやめ園1階",https://www.lib.city.katsushika.lg.jp/menucontents;jsessionid=E3952E6A2EAF1245DD99FD84ACA31705?0&pid=35,〇,"火曜日から土曜日まで：10:00～18:00
日曜日・休日：10:00～17:00

休館日：月曜日（休日の場合は翌日）、毎月第4木曜日（休日の場合は翌日）、特別整理期間（年1回）",2名,〇,"火曜日から土曜日まで：10:00～18:00
日曜日・休日：10:00～17:00

休館日：月曜日（休日の場合は翌日）、毎月第4木曜日（休日の場合は翌日）、特別整理期間（年1回）",図書館内
葛飾区,青戸地区図書館,"葛飾区青戸5-20-6
 青戸地区センター内",https://www.lib.city.katsushika.lg.jp/menucontents;jsessionid=E3952E6A2EAF1245DD99FD84ACA31705?0&pid=35,〇,"火曜日から土曜日まで：10:00～18:00
日曜日・休日：10:00～17:00

休館日：月曜日（休日の場合は翌日）、毎月第4木曜日（休日の場合は翌日）、特別整理期間（年1回）",2名,〇,"火曜日から土曜日まで：10:00～18:00
日曜日・休日：10:00～17:00

休館日：月曜日（休日の場合は翌日）、毎月第4木曜日（休日の場合は翌日）、特別整理期間（年1回）",雑誌閲覧コーナー前
葛飾区,奥戸地区図書館,"葛飾区奥戸3-5-1
 南奥戸小学校内",https://www.lib.city.katsushika.lg.jp/menucontents;jsessionid=E3952E6A2EAF1245DD99FD84ACA31705?0&pid=35,〇,"火曜日から土曜日まで：10:00～18:00
日曜日・休日：10:00～17:00

休館日：月曜日（休日の場合は翌日）、毎月第4木曜日（休日の場合は翌日）、特別整理期間（年1回）",2名,〇,"火曜日から土曜日まで：10:00～18:00
日曜日・休日：10:00～17:00

休館日：月曜日（休日の場合は翌日）、毎月第4木曜日（休日の場合は翌日）、特別整理期間（年1回）",図書館内
葛飾区,こすげ地区図書館,"葛飾区小菅3-8-22
  こすげ小学校敷地内",https://www.lib.city.katsushika.lg.jp/menucontents;jsessionid=E3952E6A2EAF1245DD99FD84ACA31705?0&pid=35,〇,"火曜日から土曜日まで：10:00～18:00
日曜日・休日：10:00～17:00

休館日：月曜日（休日の場合は翌日）
、毎月第4木曜日（休日の場合は翌日）、特別整理期間（年1回）",2名,〇,"火曜日から土曜日まで：10:00～18:00
日曜日・休日：10:00～17:00

休館日：月曜日（休日の場合は翌日）、毎月第4木曜日（休日の場合は翌日）、特別整理期間（年1回）",図書館内
葛飾区,にいじゅく地区図書館,"葛飾区新宿3-7-1 
 東京かつしか赤十字母子医療センター内",https://www.lib.city.katsushika.lg.jp/menucontents;jsessionid=E3952E6A2EAF1245DD99FD84ACA31705?0&pid=35,〇,"月曜日から土曜日まで：10:00～18:00
日曜日・休日：10:00～17:00

休館日：毎月第4木曜日（休日の場合は翌日）、特別整理期間（年1回）",2名,〇,"月曜日から土曜日まで：10:00～18:00
日曜日・休日：10:00～17:00

休館日：毎月第4木曜日（休日の場合は翌日）、特別整理期間（年1回）",閲覧席前
葛飾区,デイサービス　デイちゃん,葛飾区金町５－７－12　キャステール金町１階,http://gracefullife.localinfo.jp,〇,"9:00～16:00
（日曜日は除く）",6名,〇,"9:00～16:00
（日曜日は除く）",１階フロア
葛飾区,アリオ亀有,葛飾区亀有３－49－３,https://kameari.ario.jp/,〇,10:00～21:00,200名,〇,10:00～21:00,"館内のソファや椅子等の設置の
ある場所"
葛飾区,半日デイちゃん,葛飾区高砂８－20－５　,http://gracefullife.localinfo.jp,〇,"9:00～12:00、13:20～16:20
（日曜日は除く）",2名,〇,"9:00～12:00、13:20～16:20
（日曜日は除く）",１階フロア
葛飾区,都北運輸株式会社,葛飾区東水元４－５－６,https://www.tohokuunyu.com/,〇,8:00～16:00,5名,〇,8:00～16:00,本社建物1階
葛飾区,ゆみ薬局堀切店,葛飾区堀切２－66－18　シャルテ堀切１階,http://www.rangroup.jp/,〇,"月曜日、木曜日：9:00～17:00
火曜日、水曜日、金曜日：9:00～16:30
土曜日：9:00～12:30",5名,〇,"月曜日、木曜日：9:00～17:00
火曜日、水曜日、金曜日：9:00～16:30
土曜日：9:00～12:30",薬局内待合
葛飾区,みのり商店会お休み処,葛飾区東新小岩5-20-3,https://www.katsushika-kushouren.jp/store/s00064/,,,,〇,13:00～18:00（日・祝・火休み）,
江戸川区,江戸川区役所本庁舎,江戸川区中央1丁目4番1号,https://www.city.edogawa.tokyo.jp/e086/toshikeikaku/kankyo/inochi/kikouhendou/suzusimidokoro.html,〇,平日8:30～17:00(祝日等を除く),50名,〇,平日8:30～17:00(祝日等を除く),館内各所
江戸川区,小松川区民館,江戸川区平井4丁目1番1号,https://www.city.edogawa.tokyo.jp/e033/kuseijoho/gaiyo/shisetsuguide/bunya/kuyakusho/c_komatsugawa/index.html,〇,平日、土・日曜日9:00～21:30(年末年始等を除く),50名,〇,平日、土・日曜日9:00～21:30(年末年始等を除く),館内各所
江戸川区,葛西区民館,江戸川区中葛西3丁目10番1号,https://www.city.edogawa.tokyo.jp/e034/kuseijoho/gaiyo/shisetsuguide/bunya/kuyakusho/c_kasai/index.html,〇,平日、土・日曜日9:00～21:30(年末年始等を除く),80名,〇,平日、土・日曜日9:00～21:30(年末年始等を除く),館内各所
江戸川区,小岩区民館,江戸川区東小岩6丁目9番14号,https://www.city.edogawa.tokyo.jp/e035/kuseijoho/gaiyo/shisetsuguide/bunya/kuyakusho/c_koiwa/index.html,〇,平日、土・日曜日9:00～21:30(年末年始等を除く),50名,〇,平日、土・日曜日9:00～21:30(年末年始等を除く),館内各所
江戸川区,東部区民館,江戸川区東瑞江1丁目17番1号,https://www.city.edogawa.tokyo.jp/e036/kuseijoho/gaiyo/shisetsuguide/bunya/kuyakusho/c_toubu/index.html,〇,平日、土・日曜日9:00～21:30(年末年始等を除く),50名,〇,平日、土・日曜日9:00～21:30(年末年始等を除く),館内各所
江戸川区,鹿骨区民館,江戸川区鹿骨1丁目54番2号,https://www.city.edogawa.tokyo.jp/e037/kuseijoho/gaiyo/shisetsuguide/bunya/kuyakusho/c_shishibone/index.html,〇,平日、土・日曜日9:00～21:30(年末年始等を除く),50名,〇,平日、土・日曜日9:00～21:30(年末年始等を除く),館内各所
江戸川区,江戸川区立上一色コミュニティセンター,江戸川区上一色2丁目6番10号,https://www.city.edogawa.tokyo.jp/e035/kuseijoho/gaiyo/shisetsuguide/bunya/bunkachiiki/c_kamiisshiki_center/index.html,〇,平日、土・日曜日9:00～21:30(年末年始等を除く),50名,〇,平日、土・日曜日9:00～21:30(年末年始等を除く),館内各所
江戸川区,江戸川区立南葛西会館,江戸川区南葛西6丁目8番9号,https://www.city.edogawa.tokyo.jp/e034/kuseijoho/gaiyo/shisetsuguide/bunya/bunkachiiki/c_minamikasai/index.html,〇,平日、土・日曜日9:00～21:30(年末年始等を除く),50名,〇,平日、土・日曜日9:00～21:30(年末年始等を除く),館内各所
江戸川区,江戸川区立清新町コミュニティ会館,江戸川区清新町1丁目2番2号,https://www.city.edogawa.tokyo.jp/e034/kuseijoho/gaiyo/shisetsuguide/bunya/bunkachiiki/c_seishinchou/index.html,〇,平日、土・日曜日9:00～21:30(年末年始等を除く),50名,〇,平日、土・日曜日9:00～21:30(年末年始等を除く),館内各所
江戸川区,江戸川区立西小岩コミュニティ会館,江戸川区西小岩4丁目3番22号,https://www.city.edogawa.tokyo.jp/e035/kuseijoho/gaiyo/shisetsuguide/bunya/bunkachiiki/c_nishikoiwa/index.html,〇,平日、土・日曜日9:00～21:30(年末年始等を除く),10名,〇,平日、土・日曜日9:00～21:30(年末年始等を除く),館内各所
江戸川区,江戸川区立平井コミュニティ会館,江戸川区平井4丁目18番10号,https://www.city.edogawa.tokyo.jp/e033/kuseijoho/gaiyo/shisetsuguide/bunya/bunkachiiki/c_hirai/index.html,〇,平日、土・日曜日9:00～21:30(年末年始等を除く),50名,〇,平日、土・日曜日9:00～21:30(年末年始等を除く),館内各所
江戸川区,江戸川区立一之江コミュニティ会館,江戸川区一之江2丁目6番15号,https://www.city.edogawa.tokyo.jp/e031/kuseijoho/gaiyo/shisetsuguide/bunya/bunkachiiki/c_ichinoe/index.html,〇,平日、土・日曜日9:00～21:30(年末年始等を除く),10名,〇,平日、土・日曜日9:00～21:30(年末年始等を除く),館内各所
江戸川区,臨海町コミュニティ会館,江戸川区臨海町2丁目2番9号,https://www.city.edogawa.tokyo.jp/e034/kuseijoho/gaiyo/shisetsuguide/bunya/bunkachiiki/c_rinkaichou/index.html,〇,平日、土・日曜日9:00～21:30(年末年始等を除く),50名,〇,平日、土・日曜日9:00～21:30(年末年始等を除く),館内各所
江戸川区,篠崎コミュニティホール,江戸川区篠崎町7丁目27番1号、交通会館篠崎ビル内,https://www.city.edogawa.tokyo.jp/e037/kuseijoho/gaiyo/shisetsuguide/bunya/bunkachiiki/c_shinozaki_hall/index.html,〇,平日、土・日曜日9:00～21:30(年末年始等を除く),10名,〇,平日、土・日曜日9:00～21:30(年末年始等を除く),館内各所
江戸川区,松江コミュニティ会館,江戸川区松江7丁目5番12号,https://www.city.edogawa.tokyo.jp/e031/kuseijoho/gaiyo/shisetsuguide/bunya/bunkachiiki/c_matsue/index.html,〇,平日、土・日曜日9:00～21:30(年末年始等を除く),50名,〇,平日、土・日曜日9:00～21:30(年末年始等を除く),館内各所
江戸川区,二之江コミュニティ会館,江戸川区江戸川6丁目46番地,https://www.city.edogawa.tokyo.jp/e034/kuseijoho/gaiyo/shisetsuguide/bunya/bunkachiiki/c_ninoe/index.html,〇,平日、土・日曜日9:00～21:30(年末年始等を除く),50名,〇,平日、土・日曜日9:00～21:30(年末年始等を除く),館内各所
江戸川区,北葛西コミュニティ会館,江戸川区北葛西2丁目11番39号,https://www.city.edogawa.tokyo.jp/e034/kuseijoho/gaiyo/shisetsuguide/bunya/bunkachiiki/c_kitakasai/index.html,〇,平日、土・日曜日9:00～21:30(年末年始等を除く),50名,〇,平日、土・日曜日9:00～21:30(年末年始等を除く),館内各所
江戸川区,新田コミュニティ会館,江戸川区中葛西7丁目17番1号,https://www.city.edogawa.tokyo.jp/e034/kuseijoho/gaiyo/shisetsuguide/bunya/bunkachiiki/c_shinden/index.html,〇,平日、土・日曜日9:00～21:30(年末年始等を除く),10名,〇,平日、土・日曜日9:00～21:30(年末年始等を除く),館内各所
江戸川区,篠崎コミュニティ会館,江戸川区上篠崎4丁目21番8号,https://www.city.edogawa.tokyo.jp/e037/kuseijoho/gaiyo/shisetsuguide/bunya/bunkachiiki/c_shinozaki/index.html,〇,平日、土・日曜日9:00～21:30(年末年始等を除く),50名,〇,平日、土・日曜日9:00～21:30(年末年始等を除く),館内各所
江戸川区,南小岩コミュニティ会館,江戸川区南小岩7丁目17番10号,https://www.city.edogawa.tokyo.jp/e035/kuseijoho/gaiyo/shisetsuguide/bunya/bunkachiiki/c_minamikoiwa_co/index.html,〇,平日、土・日曜日9:00～21:30(年末年始等を除く),10名,〇,平日、土・日曜日9:00～21:30(年末年始等を除く),館内各所
江戸川区,瑞江コミュニティ会館,江戸川区西瑞江3丁目18番地1,https://www.city.edogawa.tokyo.jp/e036/kuseijoho/gaiyo/shisetsuguide/bunya/bunkachiiki/c_mizue/index.html,〇,平日、土・日曜日9:00～21:30(年末年始等を除く),10名,〇,平日、土・日曜日9:00～21:30(年末年始等を除く),館内各所
江戸川区,コミュニティプラザ一之江,江戸川区一之江7丁目35番22号、富ビル4階,https://www.city.edogawa.tokyo.jp/e031/kuseijoho/gaiyo/shisetsuguide/bunya/bunkachiiki/c_plaza_ichinoe/index.html,〇,平日、土・日曜日9:00～21:30(年末年始等を除く),10名,〇,平日、土・日曜日9:00～21:30(年末年始等を除く),館内各所
江戸川区,北小岩コミュニティ会館,江戸川区北小岩6丁目35番17号,https://www.city.edogawa.tokyo.jp/e035/kuseijoho/gaiyo/shisetsuguide/bunya/bunkachiiki/c_kitakoiwa_co/index.html,〇,平日、土・日曜日9:00～21:30(年末年始等を除く),50名,〇,平日、土・日曜日9:00～21:30(年末年始等を除く),館内各所
江戸川区,江戸川コミュニティ会館,江戸川区江戸川2丁目33番9号,https://www.city.edogawa.tokyo.jp/e036/kuseijoho/gaiyo/shisetsuguide/bunya/bunkachiiki/c_edogawa/index.html,〇,平日、土・日曜日9:00～21:30(年末年始等を除く),10名,〇,平日、土・日曜日9:00～21:30(年末年始等を除く),館内各所
江戸川区,松江区民プラザ,江戸川区松江2丁目1番10号,https://www.city.edogawa.tokyo.jp/e031/kuseijoho/gaiyo/shisetsuguide/bunya/bunkachiiki/c_plaza_matsue/index.html,〇,平日、土・日曜日9:00～21:30(年末年始等を除く),50名,〇,平日、土・日曜日9:00～21:30(年末年始等を除く),館内各所
江戸川区,中平井コミュニティ会館,江戸川区平井7丁目1番6号,https://www.city.edogawa.tokyo.jp/e033/kuseijoho/gaiyo/shisetsuguide/bunya/bunkachiiki/n_hirai/index.html,〇,平日、土・日曜日9:00～21:30(年末年始等を除く),50名,〇,平日、土・日曜日9:00～21:30(年末年始等を除く),館内各所
江戸川区,長島桑川コミュニティ会館,江戸川区東葛西5丁目31番18号,https://www.city.edogawa.tokyo.jp/e034/kuseijoho/gaiyo/shisetsuguide/bunya/bunkachiiki/c_nagashima_kuwagawa/index.html,〇,平日、土・日曜日9:00～21:30(年末年始等を除く),50名,〇,平日、土・日曜日9:00～21:30(年末年始等を除く),館内各所
江戸川区,船堀コミュニティ会館,江戸川区船堀1丁目3番1号,https://www.city.edogawa.tokyo.jp/e034/kuseijoho/gaiyo/shisetsuguide/bunya/bunkachiiki/c_funabori/index.html,〇,平日、土・日曜日9:00～21:30(年末年始等を除く),50名,〇,平日、土・日曜日9:00～21:30(年末年始等を除く),館内各所
江戸川区,松島コミュニティ会館,江戸川区松島4丁目25番6号,https://www.city.edogawa.tokyo.jp/e031/kuseijoho/gaiyo/shisetsuguide/bunya/bunkachiiki/c_matsushima/index.html,〇,平日、土・日曜日9:00～21:30(年末年始等を除く),50名,〇,平日、土・日曜日9:00～21:30(年末年始等を除く),館内各所
江戸川区,江戸川区東部フレンドホール,江戸川区瑞江2丁目5番7号,https://www.city.edogawa.tokyo.jp/e036/kuseijoho/gaiyo/shisetsuguide/bunya/bunkachiiki/c_tobu_friend/index.html,〇,平日、土・日曜日9:00～21:30(年末年始等を除く),80名,〇,平日、土・日曜日9:00～21:30(年末年始等を除く),館内各所
江戸川区,江戸川区小松川区民施設(小松川さくらホール),江戸川区小松川3丁目6番3号,https://www.city.edogawa.tokyo.jp/e033/kuseijoho/gaiyo/shisetsuguide/bunya/bunkachiiki/c_komatsugawasakura/index.html,〇,平日、土・日曜日9:00～21:30(年末年始等を除く),80名,〇,平日、土・日曜日9:00～21:30(年末年始等を除く),館内各所
江戸川区,江戸川区新川さくら館,江戸川区船堀7丁目15番12号,https://www.sakurakan-edogawa.jp/,〇,平日、土・日曜日9:00～21:30(年末年始等を除く),10名,〇,平日、土・日曜日9:00～21:30(年末年始等を除く),館内各所
江戸川区,江戸川総合区民ホール(タワ-ホール船堀),江戸川区船堀4丁目1番1号,https://www.towerhall.jp/,〇,平日、土・日曜日9:00～21:30(年末年始等を除く),100名,〇,平日、土・日曜日9:00～21:30(年末年始等を除く),館内各所
江戸川区,江戸川区民センター(グリ-ンパレス),江戸川区松島1丁目38番1号,https://www.city.edogawa.tokyo.jp/e026/kuseijoho/gaiyo/shisetsuguide/bunya/bunkachiiki/green_palace/index.html,〇,平日、土・日曜日9:00～21:30(年末年始等を除く),100名,〇,平日、土・日曜日9:00～21:30(年末年始等を除く),館内各所
江戸川区,江戸川篠崎公益複合施設(篠崎文化プラザ),江戸川区篠崎町7丁目20番19号,https://www.shinozaki-bunkaplaza.com/,〇,平日、土・日曜日9:00～21:30(年末年始等を除く),50名,〇,平日、土・日曜日9:00～21:30(年末年始等を除く),館内各所
江戸川区,江戸川区立中央図書館,江戸川区中央3丁目1番3号,https://www.library.city.edogawa.tokyo.jp/toshow/introduction/html/edg_chuo.php,〇,平日、土・日曜日9:00～21:30(毎月第4月曜日、年末年始等を除く),80名,〇,平日、土・日曜日9:00～21:30(毎月第4月曜日、年末年始等を除く),館内各所
江戸川区,江戸川区立小岩図書館,江戸川区東小岩3丁目6番9号,https://www.library.city.edogawa.tokyo.jp/toshow/introduction/html/edg_koiwa.php,〇,平日、土・日曜日9:00～21:30(毎月第4月曜日、年末年始等を除く),50名,〇,平日、土・日曜日9:00～21:30(毎月第4月曜日、年末年始等を除く),館内各所
江戸川区,江戸川区立松江図書館,江戸川区松江2丁目1番10号,https://www.library.city.edogawa.tokyo.jp/toshow/introduction/html/edg_matsue.php,〇,平日、土・日曜日9:00～21:30(毎月第4月曜日、年末年始等を除く),10名,〇,平日、土・日曜日9:00～21:30(毎月第4月曜日、年末年始等を除く),館内各所
江戸川区,江戸川区立小松川図書館,江戸川区平井1丁目11番26号,https://www.library.city.edogawa.tokyo.jp/toshow/introduction/html/edg_komatsu.php,〇,平日、土・日曜日9:00～21:30(毎月第4月曜日、年末年始等を除く),50名,〇,平日、土・日曜日9:00～21:30(毎月第4月曜日、年末年始等を除く),館内各所
江戸川区,江戸川区立篠崎図書館,江戸川区篠崎町7丁目20番19号,https://www.library.city.edogawa.tokyo.jp/toshow/introduction/html/edg_shino.php,〇,平日、土・日曜日9:00～21:30(毎月第4月曜日、年末年始等を除く),10名,〇,平日、土・日曜日9:00～21:30(毎月第4月曜日、年末年始等を除く),館内各所
江戸川区,江戸川区立葛西図書館,江戸川区江戸川6丁目24番地1,https://www.library.city.edogawa.tokyo.jp/toshow/introduction/html/edg_kasai.php,〇,平日、土・日曜日9:00～21:30(毎月第4月曜日、年末年始等を除く),50名,〇,平日、土・日曜日9:00～21:30(毎月第4月曜日、年末年始等を除く),館内各所
江戸川区,江戸川区立西葛西図書館,江戸川区西葛西5丁目10番47号,https://www.library.city.edogawa.tokyo.jp/toshow/introduction/html/edg_n_kasai.php,〇,平日、土・日曜日9:00～21:30(毎月第4月曜日、年末年始等を除く),50名,〇,平日、土・日曜日9:00～21:30(毎月第4月曜日、年末年始等を除く),館内各所
江戸川区,江戸川区立東葛西図書館,江戸川区東葛西8丁目22番1号,https://www.library.city.edogawa.tokyo.jp/toshow/introduction/html/edg_h_kasai.php,〇,平日、土・日曜日9:00～21:30(毎月第4月曜日、年末年始等を除く),50名,〇,平日、土・日曜日9:00～21:30(毎月第4月曜日、年末年始等を除く),館内各所
江戸川区,江戸川区立東部図書館,江戸川区江戸川2丁目26番1号,https://www.library.city.edogawa.tokyo.jp/toshow/introduction/html/edg_tobu.php,〇,平日、土・日曜日9:00～21:30(毎月第4月曜日、年末年始等を除く),50名,〇,平日、土・日曜日9:00～21:30(毎月第4月曜日、年末年始等を除く),館内各所
江戸川区,江戸川区立篠崎子ども図書館,江戸川区篠崎町3丁目12番10号,https://www.library.city.edogawa.tokyo.jp/toshow/child/guide/html/shinoko.php,〇,平日、土・日曜日9:00～17:00(毎月第4月曜日、年末年始等を除く),子ども・保護者のみ,〇,"平日、土・日曜日9:00～17:00(毎月第4月曜日、年末年始等を除く)
※子どもとその保護者が利用できます。",館内各所
江戸川区,江戸川区立鹿骨コミュニティ図書館,江戸川区鹿骨1丁目54番2号、鹿骨区民館内,https://www.library.city.edogawa.tokyo.jp/toshow/introduction/html/edg_shishi.php,〇,平日、土・日曜日9:00～17:00(毎月第4月曜日、年末年始等を除く),10名,〇,平日、土・日曜日9:00～17:00(毎月第4月曜日、年末年始等を除く),館内各所
江戸川区,江戸川区立清新町コミュニティ図書館,江戸川区清新町1丁目2番2号、清新町コミュニティ会館内,https://www.library.city.edogawa.tokyo.jp/toshow/introduction/html/edg_seishin.php,〇,平日、土・日曜日9:00～17:00(毎月第4月曜日、年末年始等を除く),10名,〇,平日、土・日曜日9:00～17:00(毎月第4月曜日、年末年始等を除く),館内各所
江戸川区,江戸川区文化スポーツプラザ,江戸川区松島2丁目16番20号,https://culture-sports-plaza.jp/,〇,平日、土・日曜日9:00 ～ 21:30（年末年始等を除く）,80名,〇,平日、土・日曜日9:00 ～ 21:30（年末年始等を除く）,館内各所
江戸川区,共育プラザ小岩,江戸川区北小岩2丁目14番17号,https://mommy-koiwa.com/,〇,平日、土・日曜日9:00～21:00(年末年始等を除く),子ども・保護者のみ,〇,"平日、土・日曜日9:00～21:00(年末年始等を除く)
※子どもとその保護者が利用できます。",館内各所
江戸川区,共育プラザ平井,江戸川区平井7丁目21番6号,https://hirai-kyopla.com/,〇,平日、土・日曜日9:00～21:00(年末年始等を除く),子ども・保護者のみ,〇,"平日、土・日曜日9:00～21:00(年末年始等を除く)
※子どもとその保護者が利用できます。",館内各所
江戸川区,共育プラザ葛西,江戸川区宇喜田町175番地,https://mommy-kasai.com/,〇,平日、土・日曜日9:00～21:00(年末年始等を除く),子ども・保護者のみ,〇,"平日、土・日曜日9:00～21:00(年末年始等を除く)
※子どもとその保護者が利用できます。",館内各所
江戸川区,共育プラザ南小岩,江戸川区南小岩4丁目5番8号,https://mommy-minamikoiwa.com/,〇,平日、土・日曜日9:00～21:00(年末年始等を除く),子ども・保護者のみ,〇,"平日、土・日曜日9:00～21:00(年末年始等を除く)
※子どもとその保護者が利用できます。",館内各所
江戸川区,共育プラザ一之江,江戸川区一之江3丁目13番7号,https://mommy-ichinoe.com/,〇,平日、土・日曜日9:00～21:00(年末年始等を除く),子ども・保護者のみ,〇,"平日、土・日曜日9:00～21:00(年末年始等を除く)
※子どもとその保護者が利用できます。",館内各所
江戸川区,共育プラザ南篠崎,江戸川区南篠崎町3丁目12番8号,https://mommy-minamisinozaki.com/,〇,平日、土・日曜日9:00～21:00(年末年始等を除く),子ども・保護者のみ,〇,"平日、土・日曜日9:00～21:00(年末年始等を除く)
※子どもとその保護者が利用できます。",館内各所
江戸川区,共育プラザ中央,江戸川区松島1丁目38番1号,https://mommy-chuou.com/,〇,平日、土・日曜日9:00～21:00(年末年始等を除く),子ども・保護者のみ,〇,"平日、土・日曜日9:00～21:00(年末年始等を除く)
※子どもとその保護者が利用できます。",館内各所
江戸川区,江戸川区子ども未来館,江戸川区篠崎町3丁目12番10号,https://www.city.edogawa.tokyo.jp/miraikan/,〇,火曜日から日曜日9:00～17:00(祝日等を除く),子ども・保護者のみ,〇,"火曜日から日曜日9:00～17:00(祝日等を除く)
※子どもとその保護者が利用できます。",館内各所
江戸川区,江戸川区総合体育館,江戸川区松本1丁目35番1号,https://www.edogawa-sotai.com/,〇,平日、土・日曜日8:30～22:30(年末年始等を除く),100名,〇,平日、土・日曜日8:30～22:30(年末年始等を除く),館内各所
江戸川区,江戸川区スポーツランド,江戸川区東篠崎1丁目8番1号,https://www.city.edogawa.tokyo.jp/e028/kuseijoho/gaiyo/shisetsuguide/bunya/sportsshisetsu/sportsland/index.html,〇,平日、土・日曜日9:00～21:30(年末年始時間変更あり),100名,〇,平日、土・日曜日9:00～21:30(年末年始時間変更あり),館内各所
江戸川区,江戸川区スポーツセンター,江戸川区西葛西4丁目2番20号,https://www.edogawa-spocen.com/,〇,平日、土・日曜日9:00～21:30(年末年始時間変更あり),100名,〇,平日、土・日曜日9:00～21:30(年末年始時間変更あり),館内各所
江戸川区,なごみの家北小岩,江戸川区北小岩6丁目17番9号,https://www.city.edogawa.tokyo.jp/e039/kuseijoho/gaiyo/shisetsuguide/bunya/kenkofukushi/fukushi/nagominoie.html,〇,火曜日から日曜日9:00～17:30(祝日等を除く),10名,〇,火曜日から日曜日9:00～17:30(祝日等を除く),館内各所
江戸川区,なごみの家小岩,江戸川区東小岩5丁目19番8号,https://www.city.edogawa.tokyo.jp/e039/kuseijoho/gaiyo/shisetsuguide/bunya/kenkofukushi/fukushi/nagominoie.html,〇,火曜日から日曜日9:00～17:30(祝日等を除く),10名,〇,火曜日から日曜日9:00～17:30(祝日等を除く),館内各所
江戸川区,なごみの家瑞江,江戸川区江戸川2丁目33番18号,https://www.city.edogawa.tokyo.jp/e039/kuseijoho/gaiyo/shisetsuguide/bunya/kenkofukushi/fukushi/nagominoie.html,〇,火曜日から日曜日9:00～17:30(祝日等を除く),10名,〇,火曜日から日曜日9:00～17:30(祝日等を除く),館内各所
江戸川区,なごみの家松江北,江戸川区中央2丁目13番12号,https://www.city.edogawa.tokyo.jp/e039/kuseijoho/gaiyo/shisetsuguide/bunya/kenkofukushi/fukushi/nagominoie.html,〇,火曜日から日曜日9:00～17:30(祝日等を除く),10名,〇,火曜日から日曜日9:00～17:30(祝日等を除く),館内各所
江戸川区,なごみの家一之江,江戸川区一之江4丁目1番18号,https://www.city.edogawa.tokyo.jp/e039/kuseijoho/gaiyo/shisetsuguide/bunya/kenkofukushi/fukushi/nagominoie.html,〇,火曜日から日曜日9:00～17:30(祝日等を除く),10名,〇,火曜日から日曜日9:00～17:30(祝日等を除く),館内各所
江戸川区,なごみの家長島桑川,江戸川区東葛西6丁目34番1号,https://www.city.edogawa.tokyo.jp/e039/kuseijoho/gaiyo/shisetsuguide/bunya/kenkofukushi/fukushi/nagominoie.html,〇,火曜日から日曜日9:00～17:30(祝日等を除く),10名,〇,火曜日から日曜日9:00～17:30(祝日等を除く),館内各所
江戸川区,なごみの家葛西南部,江戸川区清新町2丁目7番20号、東京福祉専門学校内,https://www.city.edogawa.tokyo.jp/e039/kuseijoho/gaiyo/shisetsuguide/bunya/kenkofukushi/fukushi/nagominoie.html,〇,火曜日から日曜日9:00～17:30(祝日等を除く),10名,〇,火曜日から日曜日9:00～17:30(祝日等を除く),館内各所
江戸川区,なごみの家小松川平井,江戸川区平井1丁目9番6号,https://www.city.edogawa.tokyo.jp/e039/kuseijoho/gaiyo/shisetsuguide/bunya/kenkofukushi/fukushi/nagominoie.html,〇,火曜日から日曜日9:00～17:30(祝日等を除く),10名,〇,火曜日から日曜日9:00～17:30(祝日等を除く),館内各所
江戸川区,なごみの家鹿骨,江戸川区鹿骨1丁目54番2号,https://www.city.edogawa.tokyo.jp/e039/kuseijoho/gaiyo/shisetsuguide/bunya/kenkofukushi/fukushi/nagominoie.html,〇,火曜日から日曜日9:00～17:30(祝日等を除く),10名,〇,火曜日から日曜日9:00～17:30(祝日等を除く),館内各所
江戸川区,江戸川区立中央くすのきカルチャ-センター,江戸川区西小松川町34番1号,https://www.city.edogawa.tokyo.jp/e039/kuseijoho/gaiyo/shisetsuguide/bunya/kenkofukushi/jukunensha/chuokusunoki/index.html,〇,平日、土曜日8:30～17:00(年末年始等を除く),10名,〇,平日、土曜日8:30～17:00(年末年始等を除く),館内各所
江戸川区,江戸川区立小岩くすのきカルチャ-センター,江戸川区東小岩2丁目6番22号,https://www.city.edogawa.tokyo.jp/e039/kuseijoho/gaiyo/shisetsuguide/bunya/kenkofukushi/jukunensha/koiwakusunoki/index.html,〇,平日、土曜日8:30～17:00(年末年始等を除く),10名,〇,平日、土曜日8:30～17:00(年末年始等を除く),館内各所
江戸川区,江戸川区立葛西くすのきカルチャ-センター,江戸川区宇喜田町191番地,https://www.city.edogawa.tokyo.jp/e039/kuseijoho/gaiyo/shisetsuguide/bunya/kenkofukushi/jukunensha/kasaikusunoki/index.html,〇,平日、土曜日8:30～17:00(年末年始等を除く),10名,〇,平日、土曜日8:30～17:00(年末年始等を除く),館内各所
江戸川区,中央健康サポートセンター,江戸川区中央4丁目24番19号,https://www.city.edogawa.tokyo.jp/e052/kuseijoho/gaiyo/shisetsuguide/bunya/kenkofukushi/kenko/chuo.html,〇,平日8:30～17:00(祝日等を除く),10名,〇,平日8:30～17:00(祝日等を除く),館内各所
江戸川区,小岩健康サポートセンター,江戸川区東小岩3丁目23番3号,https://www.city.edogawa.tokyo.jp/e052/kuseijoho/gaiyo/shisetsuguide/bunya/kenkofukushi/kenko/koiwa.html,〇,平日8:30～17:00(祝日等を除く),10名,〇,平日8:30～17:00(祝日等を除く),館内各所
江戸川区,東部健康サポートセンター,江戸川区瑞江2丁目5番7号,https://www.city.edogawa.tokyo.jp/e052/kuseijoho/gaiyo/shisetsuguide/bunya/kenkofukushi/kenko/tobu.html,〇,平日8:30～17:00(祝日等を除く),10名,〇,平日8:30～17:00(祝日等を除く),館内各所
江戸川区,清新町健康サポートセンター,江戸川区清新町1丁目3番11号,https://www.city.edogawa.tokyo.jp/e052/kuseijoho/gaiyo/shisetsuguide/bunya/kenkofukushi/kenko/seishincho.html,〇,平日8:30～17:00(祝日等を除く),20名,〇,平日8:30～17:00(祝日等を除く),館内各所
江戸川区,葛西健康サポートセンター,江戸川区中葛西3丁目10番1号,https://www.city.edogawa.tokyo.jp/e052/kuseijoho/gaiyo/shisetsuguide/bunya/kenkofukushi/kenko/kasai.html,〇,平日8:30～17:00(祝日等を除く),10名,〇,平日8:30～17:00(祝日等を除く),館内各所
江戸川区,鹿骨健康サポートセンター,江戸川区鹿骨1丁目55番10号,https://www.city.edogawa.tokyo.jp/e052/kuseijoho/gaiyo/shisetsuguide/bunya/kenkofukushi/kenko/shishibone.html,〇,平日8:30～17:00(祝日等を除く),20名,〇,平日8:30～17:00(祝日等を除く),館内各所
江戸川区,小松川健康サポートセンター,江戸川区小松川3丁目6番1号,https://www.city.edogawa.tokyo.jp/e052/kuseijoho/gaiyo/shisetsuguide/bunya/kenkofukushi/kenko/komatsugawa.html,〇,平日8:30～17:00(祝日等を除く),20名,〇,平日8:30～17:00(祝日等を除く),館内各所
江戸川区,なぎさ健康サポートセンター,江戸川区南葛西7丁目1番27号,https://www.city.edogawa.tokyo.jp/e052/kuseijoho/gaiyo/shisetsuguide/bunya/kenkofukushi/kenko/nagisa.html,〇,平日8:30～17:00(祝日等を除く),20名,〇,平日8:30～17:00(祝日等を除く),館内各所
江戸川区,イオン葛西店,江戸川区西葛西3丁目9番19号,https://www.city.edogawa.tokyo.jp/e086/toshikeikaku/kankyo/inochi/kikouhendou/suzusimidokoro.html,〇,全日10:00～19:00,60名,〇,全日10:00～19:00,1階フードコート・各階共用部
江戸川区,アリオ葛西,江戸川区東葛西9丁目3番3号,https://www.city.edogawa.tokyo.jp/e086/toshikeikaku/kankyo/inochi/kikouhendou/suzusimidokoro.html,〇,全日10:00～19:00,60名,〇,全日10:00～19:00,正面入り口ウエストコート・東側入り口イーストコート
江戸川区,イオンフードスタイル船堀店,江戸川区船堀1丁目1番51号,https://www.city.edogawa.tokyo.jp/e086/toshikeikaku/kankyo/inochi/kikouhendou/suzusimidokoro.html,〇,全日9:00～21:00,60名,〇,全日9:00～21:00,1階フードコート
江戸川区,江東園ケアセンターつばき,江戸川区春江町2丁目5番15号,https://www.city.edogawa.tokyo.jp/e086/toshikeikaku/kankyo/inochi/kikouhendou/suzusimidokoro.html,〇,平日10:00～15:00,10名,〇,平日10:00～15:00,Café　TSUBAKI
江戸川区,ロビン薬局,江戸川区宇喜田町1039-1 エクセラージュ船堀103,,,,,〇,"月～金（木除く）　9:00～18:30
木　9:00～17:00
土　9:00～12:00
定休日　日曜日・祝日",待合室
江戸川区,葛西海浜公園,江戸川区臨海町6丁目地先,https://kasaikaihinpark.com/,〇,"利用時間:9:00～17:00(時季により延長)
1月1日は6:00開門～17:00閉門
4月15日～7月19日の土・日・祝は18:00閉門
7月20日～8月15日は19:00閉門
8月16日～8月31日は18:00閉門
(場合により変更あり)",20名程度,〇,9:00～17:00,葛西海浜公園管理事務所1F「いきものステーション」(東京都江戸川区臨海町6-2-4)
江戸川区,カヌー・スラロームセンター,江戸川区臨海町6-1-1,https://canoe-slalom.tokyo/,〇,"利用時間：9:00-17:00
※専用利用（貸切）時等状況によってはご利用頂けませんので、事前に施設にお問い合わせください。",38名,〇,"利用時間9:00～17:00
※専用利用(貸切)時等状況によってはご利用頂けませんので事前に施設にお問い合わせください",多目的棟共有スペース
八王子市,高尾ビジターセンター,八王子市高尾町2176,https://takaovc.ces-net.jp/,,,,〇,開館時間:9:00～16:30　休館日:月曜日 (祝日の場合はその翌日 )・年末年始　12月29日～1月3日,館内各所
八王子市,小宮公園,八王子市暁町2-41-6,https://tamaparks.com/kouen/komiya/,,,,〇,9:00－17:00,雑木林ホール
八王子市,陵南公園,八王子市長房町1369,https://tamaparks.com/kouen/ryonan/,,,,〇,"※水遊びができる屋外のスポットで、屋内施設ではありません。
未定、※電力ひっ迫時は運用を停止する可能性があります。",じゃぶじゃぶ池
八王子市,浅川事務所,八王子市高尾町1652-1,https://www.city.hachioji.tokyo.jp/kurashi/life/004/a546973/a24687/p014389.html,〇,"月曜日～金曜日（祝日を除く）
午前9時～午後4時",4,〇,"月曜日～金曜日（祝日を除く）
午前9時～午後4時",ロビー
八王子市,館事務所,八王子市館町156,https://www.city.hachioji.tokyo.jp/kurashi/life/004/a546973/a24687/p014389.html,〇,"月曜日～金曜日（祝日を除く）
午前9時～午後4時",5,〇,"月曜日～金曜日（祝日を除く）
午前9時～午後4時",ロビー
八王子市,由木事務所,八王子市下柚木2-10-6,https://www.city.hachioji.tokyo.jp/kurashi/life/004/a546973/a24687/p014389.html,〇,"月曜日～金曜日（祝日を除く）
午前9時～午後4時",4,〇,"月曜日～金曜日（祝日を除く）
午前9時～午後4時",ロビー
八王子市,由木東事務所,八王子市鹿島111-1,https://www.city.hachioji.tokyo.jp/kurashi/life/004/a546973/a24687/p014389.html,〇,"月曜日～金曜日（祝日を除く）
午前9時～午後4時",4,〇,"月曜日～金曜日（祝日を除く）
午前9時～午後4時",ロビー
八王子市,南大沢事務所,八王子市南大沢2-27　フレスコ南大沢1階,https://www.city.hachioji.tokyo.jp/kurashi/life/004/a546973/a24687/p014389.html,〇,"月曜日～金曜日・日曜日
午前10時～午後5時
※祝日は休館(祝日が日曜の場合は開館)",4,〇,"月曜日～金曜日・日曜日
午前10時～午後5時
※祝日は休館(祝日が日曜の場合は開館)",ロビー
八王子市,元八王子事務所,八王子市大楽寺町419-1,https://www.city.hachioji.tokyo.jp/kurashi/life/004/a546973/a24687/p014389.html,〇,"月曜日～金曜日（祝日を除く）
午前9時～午後4時",10,〇,"月曜日～金曜日（祝日を除く）
午前9時～午後4時",1階ロビー
八王子市,恩方事務所,八王子市下恩方町3395,https://www.city.hachioji.tokyo.jp/kurashi/life/004/a546973/a24687/p014389.html,〇,"月曜日～金曜日（祝日を除く）
午前9時～午後4時",5,〇,"月曜日～金曜日（祝日を除く）
午前9時～午後4時",1階ロビー
八王子市,川口事務所,八王子市川口町908-1,https://www.city.hachioji.tokyo.jp/kurashi/life/004/a546973/a24687/p014389.html,〇,"月曜日～金曜日（祝日を除く）
午前9時～午後4時",8,〇,"月曜日～金曜日（祝日を除く）
午前9時～午後4時",1階ロビー
八王子市,加住事務所,八王子市加住町1-170-2,https://www.city.hachioji.tokyo.jp/kurashi/life/004/a546973/a24687/p014389.html,〇,"月曜日～金曜日（祝日を除く）
午前9時～午後4時",5,〇,"月曜日～金曜日（祝日を除く）
午前9時～午後4時",1階ロビー
八王子市,由井事務所,八王子市片倉町119-4,https://www.city.hachioji.tokyo.jp/kurashi/life/004/a546973/a24687/p014389.html,〇,"月曜日～金曜日（祝日を除く）
午前9時～午後4時",5,〇,"月曜日～金曜日（祝日を除く）
午前9時～午後4時",1階ロビー
八王子市,石川事務所,八王子市石川町481,https://www.city.hachioji.tokyo.jp/kurashi/life/004/a546973/a24687/p014389.html,〇,"月曜日～金曜日（祝日を除く）
午前9時～午後4時",5,〇,"月曜日～金曜日（祝日を除く）
午前9時～午後4時",1階ロビー
八王子市,八王子駅南口総合事務所,八王子市子安町4-7-1　サザンスカイタワー4階,https://www.city.hachioji.tokyo.jp/kurashi/life/004/a546973/a24687/p014389.html,〇,"月曜日～金曜日　午前10時～午後７時
日曜日　午前10時～午後5時
※祝日は休館(祝日が日曜の場合は開館)",10,〇,"月曜日～金曜日　午前10時～午後７時
日曜日　午前10時～午後5時
※祝日は休館(祝日が日曜の場合は開館)",ロビー
八王子市,生涯学習センター図書館,八王子市東町5-6　クリエイトホール内,https://www.city.hachioji.tokyo.jp/kurashi/life/004/a546973/a24687/p014389.html,〇,"午前10時～午後7時
※7月21日～8月31日：午前9時30分から開館
休館日：第１火曜日(祝日の場合は第2火曜日)",8,〇,"午前10時～午後7時
※7月21日～8月31日：午前9時30分から開館
休館日：第１火曜日(祝日の場合は第2火曜日)",図書館内ソファー等
八王子市,中央図書館,八王子市千人町3-3-6,https://www.city.hachioji.tokyo.jp/kurashi/life/004/a546973/a24687/p014389.html,〇,"午前10時～午後7時
※7月21日～8月31日：午前9時30分から開館
休館日：第２火曜日(祝日の場合は開館)",40,〇,"午前10時～午後7時
※7月21日～8月31日：午前9時30分から開館
休館日：第２火曜日(祝日の場合は開館)",図書館内ソファー等
八王子市,南大沢図書館,八王子市南大沢2-27　フレスコ南大沢内,https://www.city.hachioji.tokyo.jp/kurashi/life/004/a546973/a24687/p014389.html,〇,"午前10時～午後7時
※7月21日～8月31日：午前9時30分から開館
休館日：第３火曜日(祝日の場合は開館)",6,〇,"午前10時～午後7時
※7月21日～8月31日：午前9時30分から開館
休館日：第３火曜日(祝日の場合は開館)",図書館内ソファー等
八王子市,北野市民センター図書館,八王子市北野町545-3　きたのタウンビル7階,https://www.city.hachioji.tokyo.jp/kurashi/life/004/a546973/a24687/p014389.html,〇,"午前10時～午後5時
※7月21日～8月31日：午前9時30分から開館
※水曜日は午後7時まで
休館日：月曜日(祝日の場合は開館)",3,〇,"午前10時～午後5時
※7月21日～8月31日：午前9時30分から開館
※水曜日は午後7時まで
休館日：月曜日(祝日の場合は開館)",図書館内ソファー等
八王子市,由井市民センターみなみ野図書館,八王子市みなみ野1-7-1　片柳学園第3学生会館2階,https://www.city.hachioji.tokyo.jp/kurashi/life/004/a546973/a24687/p014389.html,〇,"午前10時～午後5時
※7月21日～8月31日：午前9時30分から開館
休館日：月曜日(祝日の場合は開館)",4,〇,"午前10時～午後5時
※7月21日～8月31日：午前9時30分から開館
休館日：月曜日(祝日の場合は開館)",図書館内ソファー等
八王子市,恩方市民センター図書館,八王子市西寺方町260-4,https://www.city.hachioji.tokyo.jp/kurashi/life/004/a546973/a24687/p014389.html,〇,"午前10時～午後5時
※7月21日～8月31日：午前9時30分から開館
休館日：月曜日(祝日の場合は開館)",2,〇,"午前10時～午後5時
※7月21日～8月31日：午前9時30分から開館
休館日：月曜日(祝日の場合は開館)",図書館内ソファー等
八王子市,石川市民センター図書館,八王子市石川町438,https://www.city.hachioji.tokyo.jp/kurashi/life/004/a546973/a24687/p014389.html,〇,"午前10時～午後5時
※7月21日～8月31日：午前9時30分から開館
休館日：月曜日(祝日の場合は開館)",2,〇,"午前10時～午後5時
※7月21日～8月31日：午前9時30分から開館
休館日：月曜日(祝日の場合は開館)",図書館内ソファー等
八王子市,由木中央市民センター図書館,八王子市下柚木2-10-6,https://www.city.hachioji.tokyo.jp/kurashi/life/004/a546973/a24687/p014389.html,〇,"午前10時～午後5時
※7月21日～8月31日：午前9時30分から開館
休館日：月曜日(祝日の場合は開館)",6,〇,"午前10時～午後5時
※7月21日～8月31日：午前9時30分から開館
休館日：月曜日(祝日の場合は開館)",図書館内ソファー等
八王子市,南大沢文化会館,八王子市南大沢2-27　フレスコ南大沢内,https://www.city.hachioji.tokyo.jp/kurashi/life/004/a546973/a24687/p014389.html,〇,"午前9時～午後10時
休館日：毎週月曜日(祝日の場合はその翌日)",15,〇,"午前9時～午後10時
休館日：毎週月曜日(祝日の場合はその翌日)",原則ロビー
八王子市,子安市民センター,八王子市子安町2-6-1,https://www.city.hachioji.tokyo.jp/kurashi/life/004/a546973/a24687/p014389.html,〇,"午前9時～午後9時30分
休館日：第２・第４月曜日(祝日の場合は開館)",5,〇,"午前9時～午後9時30分
休館日：第２・第４月曜日(祝日の場合は開館)",フリースペース
八王子市,台町市民センター,八王子市台町3-20-1,https://www.city.hachioji.tokyo.jp/kurashi/life/004/a546973/a24687/p014389.html,〇,"午前9時～午後9時30分
休館日：第２・第４月曜日(祝日の場合は開館)",5,〇,"午前9時～午後9時30分
休館日：第２・第４月曜日(祝日の場合は開館)",フリースペース
八王子市,中野市民センター,八王子市中野町2726-7,https://www.city.hachioji.tokyo.jp/kurashi/life/004/a546973/a24687/p014389.html,〇,"午前9時～午後9時30分
休館日：第２・第４月曜日(祝日の場合は開館)",5,〇,"午前9時～午後9時30分
休館日：第２・第４月曜日(祝日の場合は開館)",フリースペース
八王子市,大和田市民センター,八王子市大和田町5-9-1,https://www.city.hachioji.tokyo.jp/kurashi/life/004/a546973/a24687/p014389.html,〇,"午前9時～午後9時30分
休館日：第２・第４月曜日(祝日の場合は開館)",5,〇,"午前9時～午後9時30分
休館日：第２・第４月曜日(祝日の場合は開館)",フリースペース
八王子市,浅川市民センター,八王子市高尾町1652-1,https://www.city.hachioji.tokyo.jp/kurashi/life/004/a546973/a24687/p014389.html,〇,"午前9時～午後9時30分
休館日：第２・第４月曜日(祝日の場合は開館)",10,〇,"午前9時～午後9時30分
休館日：第２・第４月曜日(祝日の場合は開館)",フリースペース
八王子市,由木中央市民センター,八王子市下柚木2-10-6,https://www.city.hachioji.tokyo.jp/kurashi/life/004/a546973/a24687/p014389.html,〇,"午前9時～午後9時30分
休館日：第２・第４月曜日(祝日の場合は開館)",20,〇,"午前9時～午後9時30分
休館日：第２・第４月曜日(祝日の場合は開館)",フリースペース
八王子市,由木東市民センター,八王子市鹿島111-1,https://www.city.hachioji.tokyo.jp/kurashi/life/004/a546973/a24687/p014389.html,〇,"午前9時～午後9時30分
休館日：第２・第４月曜日(祝日の場合は開館)",10,〇,"午前9時～午後9時30分
休館日：第２・第４月曜日(祝日の場合は開館)",フリースペース
八王子市,長房市民センター,八王子市長房町506-2,https://www.city.hachioji.tokyo.jp/kurashi/life/004/a546973/a24687/p014389.html,〇,"午前9時～午後9時30分
休館日：第２・第４月曜日(祝日の場合は開館)",5,〇,"午前9時～午後9時30分
休館日：第２・第４月曜日(祝日の場合は開館)",フリースペース
八王子市,元八王子市民センター,八王子市上壱分方町747-1,https://www.city.hachioji.tokyo.jp/kurashi/life/004/a546973/a24687/p014389.html,〇,"午前9時～午後9時30分
休館日：第２・第４月曜日(祝日の場合は開館)",5,〇,"午前9時～午後9時30分
休館日：第２・第４月曜日(祝日の場合は開館)",フリースペース
八王子市,恩方市民センター,八王子市西寺方町260-4,https://www.city.hachioji.tokyo.jp/kurashi/life/004/a546973/a24687/p014389.html,〇,"午前9時～午後9時30分
休館日：第２・第４月曜日(祝日の場合は開館)",5,〇,"午前9時～午後9時30分
休館日：第２・第４月曜日(祝日の場合は開館)",フリースペース
八王子市,由井市民センター,八王子市片倉町702-1,https://www.city.hachioji.tokyo.jp/kurashi/life/004/a546973/a24687/p014389.html,〇,"午前9時～午後9時30分
休館日：第２・第４月曜日(祝日の場合は開館)",5,〇,"午前9時～午後9時30分
休館日：第２・第４月曜日(祝日の場合は開館)",フリースペース
八王子市,石川市民センター,八王子市石川町438,https://www.city.hachioji.tokyo.jp/kurashi/life/004/a546973/a24687/p014389.html,〇,"午前9時～午後9時30分
休館日：第２・第４月曜日(祝日の場合は開館)",10,〇,"午前9時～午後9時30分
休館日：第２・第４月曜日(祝日の場合は開館)",フリースペース
八王子市,加住市民センター,八王子市加住町1-338,https://www.city.hachioji.tokyo.jp/kurashi/life/004/a546973/a24687/p014389.html,〇,"午前9時～午後9時30分
休館日：第２・第４月曜日(祝日の場合は開館)",5,〇,"午前9時～午後9時30分
休館日：第２・第４月曜日(祝日の場合は開館)",フリースペース
八王子市,南大沢市民センター,八王子市南大沢2-27　フレスコ南大沢公共棟3階,https://www.city.hachioji.tokyo.jp/kurashi/life/004/a546973/a24687/p014389.html,〇,"午前9時～午後9時30分
休館日：第２・第４月曜日(祝日の場合は開館)",5,〇,"午前9時～午後9時30分
休館日：第２・第４月曜日(祝日の場合は開館)",フリースペース
八王子市,北野市民センター,八王子市北野町545-3　きたのタウンビル7・8階,https://www.city.hachioji.tokyo.jp/kurashi/life/004/a546973/a24687/p014389.html,〇,"午前9時～午後9時30分
休館日：第２・第４月曜日(祝日の場合は開館)",10,〇,"午前9時～午後9時30分
休館日：第２・第４月曜日(祝日の場合は開館)",フリースペース
八王子市,クリエイトホール,八王子市東町5-6　クリエイトホール,https://www.city.hachioji.tokyo.jp/kurashi/life/004/a546973/a24687/p014389.html,〇,"午前9時～午後10時
休館日：第1火曜日",10,〇,"午前9時～午後10時
休館日：第1火曜日",共有スペース
八王子市,生涯学習センター・南大沢分館,八王子市南大沢2-27　南大沢総合センター2階,https://www.city.hachioji.tokyo.jp/kurashi/life/004/a546973/a24687/p014389.html,〇,"午前9時～午後9時30分　
休館日：第2月曜日",10,〇,"午前9時～午後9時30分　
休館日：第2月曜日",共有スペース
八王子市,北野環境学習センター（あったかホール）,八王子市北野町596-3,https://www.city.hachioji.tokyo.jp/kurashi/life/004/a546973/a24687/p014389.html,〇,"午前8時30分～午後9時　
土日祝：午前7時30分～午後9時
（6/1～9/30は午後10時まで）
休館日：第１月曜日",100,〇,"午前8時30分～午後9時　
土日祝：午前7時30分～午後9時
（6/1～9/30は午後10時まで）
休館日：第１月曜日",
八王子市,大横保健福祉センター,八王子市大横町11-35,https://www.city.hachioji.tokyo.jp/kurashi/life/004/a546973/a24687/p014389.html,〇,"月曜日～土曜日　午前9時～午後9時
日曜日・祝日　午前9時～午後5時　
休館日：第1日曜日",20,〇,"月曜日～土曜日　午前9時～午後9時
日曜日・祝日　午前9時～午後5時　
休館日：第1日曜日",1階ロビー
八王子市,東浅川保健福祉センター,八王子市東浅川町551-1,https://www.city.hachioji.tokyo.jp/kurashi/life/004/a546973/a24687/p014389.html,〇,"午前9時～午後9時
休館日：第２月曜日",0,〇,"午前9時～午後9時
休館日：第２月曜日",
八王子市,南大沢保健福祉センター,八王子市南大沢2-27　フレスコ南大沢公共棟1階,https://www.city.hachioji.tokyo.jp/kurashi/life/004/a546973/a24687/p014389.html,〇,"午前9時～午後5時
休館日：日曜・祝日(敬老の日は除く)",12,〇,"午前9時～午後5時
休館日：日曜・祝日(敬老の日は除く)",館内ロビー・大広間
八王子市,高尾599ミュージアム,八王子市高尾町2435-3,https://www.city.hachioji.tokyo.jp/kurashi/life/004/a546973/a24687/p014389.html,〇,午前8時～午後5時,100,〇,午前8時～午後5時,
八王子市,道の駅八王子滝山,八王子市滝山町1-592-2,https://www.city.hachioji.tokyo.jp/kurashi/life/004/a546973/a24687/p014389.html,〇,取組時間：午前8時～午後7時,50,〇,取組時間：午前8時～午後7時,フードコート等
八王子市,長池公園（自然館）,八王子市別所2-58,https://www.city.hachioji.tokyo.jp/kurashi/life/004/a546973/a24687/p014389.html,〇,午前9時～午後5時,50,〇,午前9時～午後5時,展示室Ⅰ、フリースペース
八王子市,高尾駒木野庭園,八王子市裏高尾町268-1,https://www.city.hachioji.tokyo.jp/kurashi/life/004/a546973/a24687/p014389.html,〇,"7～8月：午前9時～午後6時
9月：午前9時～午後5時",15,〇,"7～8月：午前9時～午後6時
9月：午前9時～午後5時",体験学習施設（旧民家）
八王子市,戸吹スポーツ公園,八王子市戸吹町1746-1,https://www.city.hachioji.tokyo.jp/kurashi/life/004/a546973/a24687/p014389.html,〇,午前8時～午後10時,15,〇,午前8時～午後10時,管理棟休憩室
八王子市,八王子市役所本庁舎,八王子市元本郷町3-24-1,https://www.city.hachioji.tokyo.jp/kurashi/life/004/a546973/a24687/p014389.html,〇,"月曜日～金曜日(祝日を除く)
午前8時30分～午後5時",20,〇,"月曜日～金曜日(祝日を除く)
午前8時30分～午後5時",1階市民ロビー
八王子市,八王子市シルバーふらっと相談室館ヶ丘,八王子市館町1097　館ヶ丘団地2-5-101,https://www.city.hachioji.tokyo.jp/kurashi/life/004/a546973/a24687/p014389.html,〇,"月曜日～金曜日　
午前9時～午後5時
休館日：祝日",2,〇,"月曜日～金曜日　
午前9時～午後5時
休館日：祝日",
八王子市,八王子市シルバーふらっと相談室松が谷,八王子市松が谷11-3　コーシャハイム松が谷3号棟104,https://www.city.hachioji.tokyo.jp/kurashi/life/004/a546973/a24687/p014389.html,〇,"月曜日～土曜日
午前9時～午後５時
休館日：祝日",2,〇,"月曜日～土曜日
午前9時～午後５時
休館日：祝日",
八王子市,八王子市シルバー見守り相談室中野,八王子市中野山王3-5-23　第一山王ビル1階105号,https://www.city.hachioji.tokyo.jp/kurashi/life/004/a546973/a24687/p014389.html,〇,"月曜日～金曜日
午前9時～午後5時
休館日：祝日",2,〇,"月曜日～金曜日
午前9時～午後5時
休館日：祝日",
八王子市,八王子市シルバーふらっと相談室長房,八王子市長房町588　長房アパート西22号棟1階,https://www.city.hachioji.tokyo.jp/kurashi/life/004/a546973/a24687/p014389.html,〇,"月曜日～金曜日
午前9時～午後5時
休館日：祝日",2,〇,"月曜日～金曜日
午前9時～午後5時
休館日：祝日",
八王子市,まちなか休憩所　八王子宿,八王子市中町12-11-1　まち・なか1階,https://www.city.hachioji.tokyo.jp/kurashi/life/004/a546973/a24687/p014389.html,〇,"午前10時～午後7時
休館日：第４水曜日
※八王子まつり開催中は開館時間を延長",30,〇,"午前10時～午後7時
休館日：第４水曜日
※八王子まつり開催中は開館時間を延長","まち・なか
１階施設内"
八王子市,まちの駅八王子　CHITOSEYA,八王子市八日町3-15　多摩信用金庫八王子中央支店1階,https://www.city.hachioji.tokyo.jp/kurashi/life/004/a546973/a24687/p014389.html,〇,"午後３時～午後５時
※イベント開催中は除く
休館日：月曜日・第１火曜日・祝日
",28,〇,"午後３時～午後５時
※イベント開催中は除く
休館日：月曜日・第１火曜日・祝日
",施設内
八王子市,絹の道資料館,八王子市鑓水989-2,https://www.city.hachioji.tokyo.jp/kurashi/life/004/a546973/a24687/p014389.html,〇,"午前9時～午後5時
休館日：毎週月曜日(祝日の場合はその翌日)",50,〇,"午前9時～午後5時
休館日：毎週月曜日(祝日の場合はその翌日)",絹の道資料館内
八王子市,八王子城跡ガイダンス施設,八王子市元八王子町3-2664-2,https://www.city.hachioji.tokyo.jp/kurashi/life/004/a546973/a24687/p014389.html,〇,午前9時～午後5時,20,〇,午前9時～午後5時,原則休憩スペース
八王子市,富士森体育館,八王子市台町2-3-7,https://www.city.hachioji.tokyo.jp/kurashi/life/004/a546973/a24687/p014389.html,〇,"午前9時～午後9時30分
休館日：第１月曜日（祝日の場合は開館）",20,〇,"午前9時～午後9時30分
休館日：第１月曜日（祝日の場合は開館）",ロビー
八王子市,エスフォルタアリーナ八王子（総合体育館）,八王子市狭間町1453-1,https://www.city.hachioji.tokyo.jp/kurashi/life/004/a546973/a24687/p014389.html,〇,午前8時30分～午後10時30分,30,〇,午前8時30分～午後10時30分,ロビー
八王子市,八王子市甲の原体育館,八王子市中野町2726-8,https://www.city.hachioji.tokyo.jp/kurashi/life/004/a546973/a24687/p014389.html,〇,"午前9時～午後9時30分
休館日：第１月曜日（祝日の場合は開館）",10,〇,"午前9時～午後9時30分
休館日：第１月曜日（祝日の場合は開館）",ロビー
八王子市,大塚公園管理事務所,八王子市松が谷66,https://www.city.hachioji.tokyo.jp/kurashi/life/004/a546973/a24687/p014389.html,〇,午前8時～午後6時（雨天時は午後5時）,20,〇,午前8時～午後6時（雨天時は午後5時）,ロビー
八王子市,緑町霊園,八王子市緑町222,https://www.city.hachioji.tokyo.jp/kurashi/life/004/a546973/a24687/p014389.html,,,,〇,午前8時30分～午後5時　,墓参者休憩所
八王子市,甲の原霊園,八王子市中野町2647-8,https://www.city.hachioji.tokyo.jp/kurashi/life/004/a546973/a24687/p014389.html,,,,〇,午前8時30分～午後5時　,墓参者休憩所
八王子市,南多摩都市霊園,八王子市南大沢3-1999-2,https://www.city.hachioji.tokyo.jp/kurashi/life/004/a546973/a24687/p014389.html,,,,〇,午前8時30分～午後5時　,墓参者休憩所
八王子市,八王子市保健所,八王子市明神町3-19-2　東京たま未来メッセ庁舎・会議室棟5階,https://www.city.hachioji.tokyo.jp/kurashi/life/004/a546973/a24687/p014389.html,〇,"月曜日～金曜日（祝日を除く）
午前8時30分～午後5時",6,〇,"月曜日～金曜日（祝日を除く）
午前8時30分～午後5時",5階10番窓口前の待合ロビー
八王子市,東京たま未来メッセ,八王子市明神町3-19-2,https://www.city.hachioji.tokyo.jp/kurashi/life/004/a546973/a24687/p014389.html,〇,"午前9時～午後6時
※休場日を除く",24,〇,"午前9時～午後6時
※休場日を除く",3階エントランスホール
八王子市,デジタルフロントスポット長房,八王子市長房町450,https://www.city.hachioji.tokyo.jp/kurashi/life/004/a546973/a24687/p014389.html,〇,"日曜日～木曜日
午前9時～午後4時",4,〇,"日曜日～木曜日
午前9時～午後4時",ロビー
八王子市,川口図書館,八王子市川口町3838,https://www.city.hachioji.tokyo.jp/kurashi/life/004/a546973/a24687/p014389.html,〇,"午前10時～午後5時
※7月21日～8月31日：午前9時30分から開館
※水曜日・木曜日は午後7時まで
休館日：第2・第4月曜日(祝日の場合は開館)",6,〇,"午前10時～午後5時
※7月21日～8月31日：午前9時30分から開館
※水曜日・木曜日は午後7時まで
休館日：第2・第4月曜日(祝日の場合は開館)","1階エントランス
図書館内ソファー等"
八王子市,"芸術文化会館
（いちょうホール）",八王子市本町24-1,https://www.city.hachioji.tokyo.jp/kurashi/life/004/a546973/a24687/p014389.html,〇,"午前9時～午後10時
休館日：月曜日(祝日の場合はその翌日が休館)",50,〇,"午前9時～午後10時
休館日：月曜日(祝日の場合はその翌日が休館)",市民ロビー等
八王子市,生涯学習センター・川口分館,"八王子市川口町3838 
川口やまゆり館2階",https://www.city.hachioji.tokyo.jp/kurashi/life/004/a546973/a24687/p014389.html,〇,"午前9時～午後9時30分　
休館日：第2・第4月曜日（祝日の場合は開館）",10,〇,"午前9時～午後9時30分　
休館日：第2・第4月曜日（祝日の場合は開館）",共有スペース
八王子市,川口市民センター,八王子市川口町3838,https://www.city.hachioji.tokyo.jp/kurashi/life/004/a546973/a24687/p014389.html,〇,"午前9時～午後9時30分
休館日：第２・第４月曜日(祝日の場合は開館)",5,〇,"午前9時～午後9時30分
休館日：第２・第４月曜日(祝日の場合は開館)",フリースペース
八王子市,由井市民センターみなみ野分館,"八王子市みなみ野1-7-1
片柳学園第3学生会館2階",https://www.city.hachioji.tokyo.jp/kurashi/life/004/a546973/a24687/p014389.html,〇,"午前9時～午後9時30分
休館日：第２・第４月曜日(祝日の場合は開館)",10,〇,"午前9時～午後9時30分
休館日：第２・第４月曜日(祝日の場合は開館)",フリースペース
八王子市,横山南市民センター,椚田町137-3,https://www.city.hachioji.tokyo.jp/kurashi/life/004/a546973/a24687/p014389.html,〇,"午前9時～午後9時30分
休館日：第２・第４月曜日(祝日の場合は開館)",5,〇,"午前9時～午後9時30分
休館日：第２・第４月曜日(祝日の場合は開館)",フリースペース
八王子市,八王子オクトーレ,八王子市旭町9番1号,https://www.city.hachioji.tokyo.jp/kurashi/life/004/a546973/a24687/p014389.html,,,,〇,"10時～20時
【定休日】8月に休館日を予定しております。日程は決まり次第ホームページにて告知いたします。",
八王子市,タカクラメガネ,東京都八王子市八幡町１２－５,https://www.city.hachioji.tokyo.jp/kurashi/life/004/a546973/a24687/p014389.html,,,,〇,"木曜日～火曜日　９時半～１９時半
【定休日】毎週水曜日、第２第３火曜日",
八王子市,なぎさ薬局,八王子市千人町3-17-16,https://www.city.hachioji.tokyo.jp/kurashi/life/004/a546973/a24687/p014389.html,〇,"月曜日～水曜日、　金曜日　8:30～11：45　14:30～18:00　土曜日8:30～11:45
【定休日】毎週木曜日、日曜日、祝日",2～3,〇,"月曜日～水曜日、　金曜日　8:30～11：45　14:30～18:00　土曜日8:30～11:45
【定休日】毎週木曜日、日曜日、祝日",待合室
八王子市,富士見ファーマシー,東京都八王子市富士見町3-6,https://www.city.hachioji.tokyo.jp/kurashi/life/004/a546973/a24687/p014389.html,〇,"月、火、木、金曜:9～19時、土曜:9:30～13:00
【定休日】毎週水曜、第二土曜、日曜祝日",3,〇,"月、火、木、金曜:9～19時、土曜:9:30～13:00
【定休日】毎週水曜、第二土曜、日曜祝日",待合スペース
八王子市,別所薬局千人町店,八王子市千人町2-19-15長塚ビル二階,https://www.city.hachioji.tokyo.jp/kurashi/life/004/a546973/a24687/p014389.html,〇,"月～金曜日　9:30～18:30　木9:00～17:00　土曜日　9:30～15:00
【定休日】土曜日午後　日曜日　祝祭日",8,〇,"月～金曜日　9:30～18:30　木9:00～17:00　土曜日　9:30～15:00
【定休日】土曜日午後　日曜日　祝祭日",外待合室及び待合室
八王子市,スミレ薬局,八王子市横山町21-8,https://www.city.hachioji.tokyo.jp/kurashi/life/004/a546973/a24687/p014389.html,〇,"月曜日～土曜日　9時～19時30分
【定休日】毎週日曜日　祝日",3,〇,"月曜日～土曜日　9時～19時30分
【定休日】毎週日曜日　祝日",待合スペース
八王子市,三崎薬局,八王子市東町2-2,https://www.city.hachioji.tokyo.jp/kurashi/life/004/a546973/a24687/p014389.html,〇,"月曜日～金曜日　8時50分～17時 土曜日8時50分～13時
【定休日】毎週日曜日、祝日",5,〇,"月曜日～金曜日　8時50分～17時 土曜日8時50分～13時
【定休日】毎週日曜日、祝日",待合室
八王子市,きらぼし銀行　八王子支店・八王子中央支店・西八王子支店,八王子市東町7-3 T‐5プレイス8階,https://www.city.hachioji.tokyo.jp/kurashi/life/004/a546973/a24687/p014389.html,,,,〇,"9～15時
【定休日】毎週土曜・日曜日及び祝日",
八王子市,アイセイ薬局　万町店,八王子市万町175-1,https://www.city.hachioji.tokyo.jp/kurashi/life/004/a546973/a24687/p014389.html,〇,"月曜～金曜　8：30～18：30　土曜　8：30～17：00　日曜　8：30～12：30
【定休日】年末年始、祝日",5～10,〇,"月曜～金曜　8：30～18：30　土曜　8：30～17：00　日曜　8：30～12：30
【定休日】年末年始、祝日",待合室
八王子市,京王八王子薬局,八王子市明神町４丁目３－９クリオ京王八王子ビサイド103,https://www.city.hachioji.tokyo.jp/kurashi/life/004/a546973/a24687/p014389.html,〇,"月曜日～土曜日　9時～18時
【定休日】日曜日、祝日",3,〇,"月曜日～土曜日　9時～18時
【定休日】日曜日、祝日",待合室
八王子市,八王子マックス薬局,八王子市千人町1-6-3,https://www.city.hachioji.tokyo.jp/kurashi/life/004/a546973/a24687/p014389.html,〇,"月曜日～水曜日・金曜日　8時30分～12時、15時～18時　木曜日　9時～12時、15時～18時　土曜日　8時30分～12時
【定休日】日曜日、祝日",1,〇,"月曜日～水曜日・金曜日　8時30分～12時、15時～18時　木曜日　9時～12時、15時～18時　土曜日　8時30分～12時
【定休日】日曜日、祝日",待合室
八王子市,クオール薬局八王子店,八王子市子安町4- 10-14メゾン・ド・彩1F,https://www.city.hachioji.tokyo.jp/kurashi/life/004/a546973/a24687/p014389.html,〇,"月曜日～金曜日　9-19時　土曜日　9-13時
【定休日】日曜日、祝日、12／29～1/3",5,〇,"月曜日～金曜日　9-19時　土曜日　9-13時
【定休日】日曜日、祝日、12／29～1/3",待合室
八王子市,QOLクオール薬局京王八王子店,八王子市明神町4-7-14 八王子ONビル1階,https://www.city.hachioji.tokyo.jp/kurashi/life/004/a546973/a24687/p014389.html,〇,"月曜日～土曜日　9時～18時30分
【定休日】日曜日、祝日",10,〇,"月曜日～土曜日　9時～18時30分
【定休日】日曜日、祝日",待合室
八王子市,マロン薬局西八王子店,八王子市千人町2-18-7西八TKビル1階,https://www.city.hachioji.tokyo.jp/kurashi/life/004/a546973/a24687/p014389.html,〇,"月・火・水・金:8:45～18:00 、木:8:45～16:45、土:8:45～13:00
【定休日】日、祝",3,〇,"月・火・水・金:8:45～18:00 、木:8:45～16:45、土:8:45～13:00
【定休日】日、祝",待合室
八王子市,株式会社伊藤祐次商店,八王子市八幡町13-8,https://www.city.hachioji.tokyo.jp/kurashi/life/004/a546973/a24687/p014389.html,〇,"9時～18時
【定休日】定休日なし",4,〇,"9時～18時
【定休日】定休日なし",応接スペース、店頭
八王子市,ダイハツ東京販売株式会社　大和田店,八王子市大和田町2ー15ー8,https://www.city.hachioji.tokyo.jp/kurashi/life/004/a546973/a24687/p014389.html,〇,"9時30分～18時
【定休日】毎週火曜日　第1,第3の週は水曜日も定休日",6,〇,"9時30分～18時
【定休日】毎週火曜日　第1,第3の週は水曜日も定休日",ショールームスペース
八王子市,ノムラ薬局  大和田5丁目店,八王子市大和田町5-26-15 グランドールM&K1階,https://www.city.hachioji.tokyo.jp/kurashi/life/004/a546973/a24687/p014389.html,,,,〇,"月曜日～水曜日・金曜日  9時～19時、木曜日  9時～17時、土曜日  9時～13時、14時～16時
【定休日】日曜・祝日(夏季休暇あり日程未定)",
八王子市,マロン薬局西八王子駅南口店,八王子市台町4-48-14,https://www.city.hachioji.tokyo.jp/kurashi/life/004/a546973/a24687/p014389.html,,,,〇,"(月・火・水・金)9:00～18:30　(木)9:00～17:00　(土)9:00～13:00
【定休日】日曜・祝日",
八王子市,さくら薬局　八王子明神店,八王子市明神町4-2-7　秀和八王子レジデンス第１ビル103,https://www.city.hachioji.tokyo.jp/kurashi/life/004/a546973/a24687/p014389.html,〇,"月火水金：8時～18時10分　木：9時～17時　土：8時～15時10分
【定休日】日曜日、祝日、8/10～13（臨時休業予定）",10,〇,"月火水金：8時～18時10分　木：9時～17時　土：8時～15時10分
【定休日】日曜日、祝日、8/10～13（臨時休業予定）",待合室
八王子市,さくら薬局八王子駅前店,東京都八王子市東町１－８ KSビル１F１号室,https://www.city.hachioji.tokyo.jp/kurashi/life/004/a546973/a24687/p014389.html,〇,"月曜日～金曜日　９時～１８時　土曜日　９時～１３時
【定休日】日曜日　祝日　４/３０～５/２（臨時休業）８月初旬～中旬に数日間臨時休業予定",3,〇,"月曜日～金曜日　９時～１８時　土曜日　９時～１３時
【定休日】日曜日　祝日　４/３０～５/２（臨時休業）８月初旬～中旬に数日間臨時休業予定",待合室
八王子市,クリーン薬局,八王子市旭町11-11,https://www.city.hachioji.tokyo.jp/kurashi/life/004/a546973/a24687/p014389.html,〇,"月曜日～金曜日　9時～19時、土曜日　9時～13時30分
【定休日】日曜日、祝日、年末年始",3,〇,"月曜日～金曜日　9時～19時、土曜日　9時～13時30分
【定休日】日曜日、祝日、年末年始",待合室
八王子市,薬局アオバ稲荷坂店,八王子市中野山王1-3-13,https://www.city.hachioji.tokyo.jp/kurashi/life/004/a546973/a24687/p014389.html,〇,"月曜日から金曜日9:00～18：00　　土曜日　9:00～13：00　
【定休日】日曜日及び祝日・8/11（火）～8/16（日）（夏休み）",4,〇,"月曜日から金曜日9:00～18：00　　土曜日　9:00～13：00　
【定休日】日曜日及び祝日・8/11（火）～8/16（日）（夏休み）",待合室
八王子市,調剤薬局　アオバ,八王子市中野山王2-28-10,https://www.city.hachioji.tokyo.jp/kurashi/life/004/a546973/a24687/p014389.html,〇,"月曜日～金曜日　9時～18時　土曜日　9時～14時
【定休日】毎週日曜日、祝日、8/8（土）～8/13（木）（夏休み）",4,〇,"月曜日～金曜日　9時～18時　土曜日　9時～14時
【定休日】毎週日曜日、祝日、8/8（土）～8/13（木）（夏休み）",待合室
八王子市,東京薬科大学附属薬局,八王子市大谷町178-11,https://www.city.hachioji.tokyo.jp/kurashi/life/004/a546973/a24687/p014389.html,,,,〇,"月曜日～金曜日　8時半～21時　土日祝　8時半～16時半
【定休日】なし",
八王子市,あさひ薬局,八王子市宇津木町626-1,https://www.city.hachioji.tokyo.jp/kurashi/life/004/a546973/a24687/p014389.html,〇,"月火水金　10時～19時　土　9時30分～14時
【定休日】毎週木曜日　日・祝日、8/23〜8/30（臨時休業）",4,〇,"月火水金　10時～19時　土　9時30分～14時
【定休日】毎週木曜日　日・祝日、8/23〜8/30（臨時休業）",薬局待合室
八王子市,しんわ薬局小宮店,八王子市小宮町1165-2,https://www.city.hachioji.tokyo.jp/kurashi/life/004/a546973/a24687/p014389.html,〇,"月、火、木、金　9時～18時、水　9時～17時、土9時～13時
【定休日】日、祝日",6,〇,"月、火、木、金　9時～18時、水　9時～17時、土9時～13時
【定休日】日、祝日",待合室
八王子市,ベルクフォルテ八王子店,八王子市楢原町1463-1,https://www.city.hachioji.tokyo.jp/kurashi/life/004/a546973/a24687/p014389.html,,,,〇,"月曜日～日曜日　9:30～24:00
【定休日】なし",
八王子市,しんわ薬局かのうや店,八王子市横川町569-9,https://www.city.hachioji.tokyo.jp/kurashi/life/004/a546973/a24687/p014389.html,,,,〇,"月曜日～水曜日、金曜日は9時-18時30分、土曜日9時～13時30分まで
【定休日】木曜日、土曜日の13時以降、日祝",
八王子市,しんわ薬局横川店,八王子市横川町549-21,https://www.city.hachioji.tokyo.jp/kurashi/life/004/a546973/a24687/p014389.html,,,,〇,"月・火・水・金→9：00-18：30　　木→9：00-17：00　土→9：00-13：00
【定休日】毎週日曜日、祝祭日",
八王子市,若草薬局横川店,八王子市横川町873-4,https://www.city.hachioji.tokyo.jp/kurashi/life/004/a546973/a24687/p014389.html,〇,"月、火、水、金：9時～18時、木：9時～17時、土：9時～16時
【定休日】日曜日、祝日",6,〇,"月、火、水、金：9時～18時、木：9時～17時、土：9時～16時
【定休日】日曜日、祝日",待合室
八王子市,高尾の森自然学校,八王子市川町705-1,https://www.city.hachioji.tokyo.jp/kurashi/life/004/a546973/a24687/p014389.html,,,,〇,"9時～17時
【定休日】毎週火曜日、8/12～8/16（夏季休館日）、10/1～3（臨時休館日）",
八王子市,しんわ薬局恩方店,八王子市西寺方町３３３－６,https://www.city.hachioji.tokyo.jp/kurashi/life/004/a546973/a24687/p014389.html,,,,〇,"月曜日～土曜日　9時～17時
【定休日】毎週日曜日、祝日",
八王子市,薬局トモズ椚田店,八王子市椚田町557-25,https://www.city.hachioji.tokyo.jp/kurashi/life/004/a546973/a24687/p014389.html,,,,〇,"月曜日～水曜日・金曜日 9時～19時、木曜日・土曜日 9時～12時30分
【定休日】日曜日、祝日",
八王子市,北野調剤薬局高尾店,八王子市裏高尾町264-3,https://www.city.hachioji.tokyo.jp/kurashi/life/004/a546973/a24687/p014389.html,〇,"月曜日～土曜日　9時～17時
【定休日】日曜日，祝日",12,〇,"月曜日～土曜日　9時～17時
【定休日】日曜日，祝日",待合室
八王子市,八王子薬剤センター薬局,八王子市館町1097,https://www.city.hachioji.tokyo.jp/kurashi/life/004/a546973/a24687/p014389.html,〇,"月～金 9～18時　土9～17時
【定休日】日曜・祝日",8,〇,"月～金 9～18時　土9～17時
【定休日】日曜・祝日",1階待合室、2階簡易応接室
八王子市,イーアス高尾,八王子市東浅川町550-1,https://www.city.hachioji.tokyo.jp/kurashi/life/004/a546973/a24687/p014389.html,,,,〇,"月曜日ー日曜日　10時ー21時（1Fレストラン街のみ22時）
【定休日】年中無休",
八王子市,クオール薬局イーアス高尾店,八王子市東浅川町５５０－１　イーアス高尾１階,https://www.city.hachioji.tokyo.jp/kurashi/life/004/a546973/a24687/p014389.html,〇,"月曜日～日曜日　10時～20時
【定休日】なし",20,〇,"月曜日～日曜日　10時～20時
【定休日】なし",患者様待合室
八王子市,つとむ薬局,八王子市高尾町,https://www.city.hachioji.tokyo.jp/kurashi/life/004/a546973/a24687/p014389.html,,,,〇,"月曜日、水曜日～金曜日　9時～19時　火曜日9時～17時
【定休日】毎週日曜日、祝日",
八王子市,コスモファーマシーすずらん薬局,八王子市初沢町1277-7,https://www.city.hachioji.tokyo.jp/kurashi/life/004/a546973/a24687/p014389.html,〇,"月曜日～金曜日9時～19時 土曜日9時～17時
【定休日】毎週日曜日、祝日",10,〇,"月曜日～金曜日9時～19時 土曜日9時～17時
【定休日】毎週日曜日、祝日",待合室
八王子市,おおるり薬局,八王子市館町535-5,https://www.city.hachioji.tokyo.jp/kurashi/life/004/a546973/a24687/p014389.html,,,,〇,"月曜日～水曜日　9時～18時　金曜日　9時～18時　土曜日　9時～13時
【定休日】毎週木曜日　日曜日　祝日",
八王子市,イトーヨーカドー八王子店,東京都八王子市狭間町1462-1,https://www.city.hachioji.tokyo.jp/kurashi/life/004/a546973/a24687/p014389.html,,,,〇,"月曜日～日曜日　10：00～21：00
【定休日】無し",
八王子市,さくら薬局　八王子散田店,八王子市散田町三丁目8番24号　茂和ビル1階,https://www.city.hachioji.tokyo.jp/kurashi/life/004/a546973/a24687/p014389.html,〇,"月、火、水、金　9～19時　木　9～18時半
【定休日】毎週土日、祝日",3～4,〇,"月、火、水、金　9～19時　木　9～18時半
【定休日】毎週土日、祝日",待合室
八王子市,たかおハナブサ薬局,八王子市裏高尾町262-1,https://www.city.hachioji.tokyo.jp/kurashi/life/004/a546973/a24687/p014389.html,〇,"月曜日～土曜日　９時-17時
【定休日】毎週日曜日、祝日",10,〇,"月曜日～土曜日　９時-17時
【定休日】毎週日曜日、祝日",待合室
八王子市,さくら薬局 西八王子店,八王子市散田町3-8-2,https://www.city.hachioji.tokyo.jp/kurashi/life/004/a546973/a24687/p014389.html,〇,"月曜日～金曜日　9時～22時　土、日曜日　9時～17時
【定休日】なし",10,〇,"月曜日～金曜日　9時～22時　土、日曜日　9時～17時
【定休日】なし",患者待合室
八王子市,コープみらい　コープ北野台店,八王子市北野台5-49-6,https://www.city.hachioji.tokyo.jp/kurashi/life/004/a546973/a24687/p014389.html,,,,〇,"10時～22時30分
【定休日】1月1日と2日",
八王子市,なの花薬局八王子みなみ野店,八王子兵衛1-25-5ソレイユ店舗C,https://www.city.hachioji.tokyo.jp/kurashi/life/004/a546973/a24687/p014389.html,〇,"月ー土曜日:９時ー19時、日・祝:９時ー１８時
【定休日】なし",13,〇,"月ー土曜日:９時ー19時、日・祝:９時ー１８時
【定休日】なし",店舗待合室
八王子市,さくら薬局　八王子みなみ野店,八王子市七国4-14-1,https://www.city.hachioji.tokyo.jp/kurashi/life/004/a546973/a24687/p014389.html,〇,"月曜日～金曜日　9時～18時半、土曜日　9時～13時
【定休日】日曜祝日",5,〇,"月曜日～金曜日　9時～18時半、土曜日　9時～13時
【定休日】日曜祝日",待合室
八王子市,あらい薬局 北野店,八王子市北野町560-23,https://www.city.hachioji.tokyo.jp/kurashi/life/004/a546973/a24687/p014389.html,,,,〇,"月曜日～金曜日9時～18時(昼休み12:30～15:00)
【定休日】日曜日、木曜日",
八王子市,ウエルシア八王子東中野店,八王子市東中野279-2,https://www.city.hachioji.tokyo.jp/kurashi/life/004/a546973/a24687/p014389.html,〇,"月曜日から日曜日9時から24時
【定休日】なし",8,〇,"月曜日から日曜日9時から24時
【定休日】なし",ウエルカフェ
八王子市,トヨタモビリティ東京株式会社南大沢店,八王子市南大沢2-4,https://www.city.hachioji.tokyo.jp/kurashi/life/004/a546973/a24687/p014389.html,,,,〇,"10時から18時
【定休日】火曜日第1第3月曜日",
八王子市,別所薬局,八王子市別所1-17-1,https://www.city.hachioji.tokyo.jp/kurashi/life/004/a546973/a24687/p014389.html,〇,"月、火、木、金　9～19時　水　9～17時　土　9～14時
【定休日】毎週日曜日　祝日",15,〇,"月、火、木、金　9～19時　水　9～17時　土　9～14時
【定休日】毎週日曜日　祝日",待合室
八王子市,ダイハツ東京販売株式会社　堀之内店,八王子市東中野1263,https://www.city.hachioji.tokyo.jp/kurashi/life/004/a546973/a24687/p014389.html,〇,"9:30～18:00
【定休日】毎週火曜日、第一・第三水曜日",38,〇,"9:30～18:00
【定休日】毎週火曜日、第一・第三水曜日",ショールーム
八王子市,イトーヨーカドー南大沢店,東京都八王子市南大沢2-28-1,https://www.city.hachioji.tokyo.jp/kurashi/life/004/a546973/a24687/p014389.html,,,,〇,"月曜日～日曜日　10：00～22：00
【定休日】無し",
八王子市,朝日土地建物株式会社　八王子支店,八王子市旭町10-3　安嶋中央ビル4階,https://www.city.hachioji.tokyo.jp/kurashi/life/004/a546973/a24687/p014389.html,〇,"月曜日～日曜日　9：30～18：30
【定休日】毎週火曜日、水曜日（夏季休暇、年末年始休暇、その他会社休業日）",4,〇,"月曜日～日曜日　9：30～18：30
【定休日】毎週火曜日、水曜日（夏季休暇、年末年始休暇、その他会社休業日）",接客スペース
八王子市,八王子オーパ,八王子市旭町1番12号,https://www.city.hachioji.tokyo.jp/kurashi/life/004/a546973/a24687/p014389.html,,,,〇,"午前10時～午後9時　※一部ショップは営業時間が異なります。
【定休日】年中無休",
八王子市,株式会社こんの八王子営業所,八王子市石川町2802,https://www.city.hachioji.tokyo.jp/kurashi/life/004/a546973/a24687/p014389.html,,,,〇,"月曜日～金曜日　8：00～16:00　土日 8:00～15:00
【定休日】なし",
八王子市,ダイハツ　めじろ台店,八王子市椚田町567-1,https://www.city.hachioji.tokyo.jp/kurashi/life/004/a546973/a24687/p014389.html,,,,〇,"月、水、木、金、土、日曜日　９時半～１８時
【定休日】火曜日、第一第三水曜日",
八王子市,ノムラ薬局北野店,八王子市打越町2001-3　シエルド102号,https://www.city.hachioji.tokyo.jp/kurashi/life/004/a546973/a24687/p014389.html,,,,〇,"月～水・金　9時～18時、土　9時～13時
【定休日】毎週木曜日・日曜日、祝日",
八王子市,館クリーンセンター,八王子市館町2700,https://www.city.hachioji.tokyo.jp/kurashi/life/004/a546973/a24687/p014389.html,〇,"【4月～9月】午前9時から午後5時まで
【10月】午前9時から午後4時まで",6,,,
八王子市,FLORIST愛夢　～日向の彩り～,八王子市石川町248-1,https://www.city.hachioji.tokyo.jp/kurashi/life/004/a546973/a24687/p014389.html,,,,〇,"水曜日～金曜日　１３時～１７時
【定休日】毎週 土日祝日・月曜火曜",
八王子市,ウェルパーク薬局八王子北口店,八王子市旭町13-15,https://www.city.hachioji.tokyo.jp/kurashi/life/004/a546973/a24687/p014389.html,〇,"月曜日～金曜日　9時～19時　　　土曜日　9時～18時30分
【定休日】日曜日、祝日",2,〇,"月曜日～金曜日　9時～19時　　　土曜日　9時～18時30分
【定休日】日曜日、祝日",待合室
八王子市,三井アウトレットパーク多摩南大沢,八王子市南大沢1丁目600番,https://www.city.hachioji.tokyo.jp/kurashi/life/004/a546973/a24687/p014389.html,,,,〇,"月曜日～日曜日　10時～20時
【定休日】2027年2月に2日間程度(予定)",
八王子市,"フランス焼き菓子・自家焙煎珈琲
レドゥーシャ",八王子市七国2-1-9,https://www.city.hachioji.tokyo.jp/kurashi/life/004/a546973/a24687/p014389.html,,,,〇,"土日祝　11時～18時
【定休日】毎週月曜～金曜日(祝日は営業)",
八王子市,"八王子市シルバー人材センター・
八王子市社会福祉協議会
（ボランティアセンター）",八王子市並木町15-15,https://www.city.hachioji.tokyo.jp/kurashi/life/004/a546973/a24687/p014389.html,,,,〇,"月曜日～金曜日　9時～16時
【定休日】土日祝日",
八王子市,ウエルシア薬局八王子駅北口店,八王子市東町7-6　1F,https://www.city.hachioji.tokyo.jp/kurashi/life/004/a546973/a24687/p014389.html,〇,"月曜日～土曜日　１０：００～２０：００
【定休日】日曜日、祝日",1,〇,"月曜日～土曜日　１０：００～２０：００
【定休日】日曜日、祝日",調剤待合
八王子市,ウエルシア薬局楢原コピオ店,八王子市楢原町1818-15コピオ楢原内,https://www.city.hachioji.tokyo.jp/kurashi/life/004/a546973/a24687/p014389.html,〇,"月曜日～土曜日　9：30～20：00
【定休日】日曜日、祝日",2,〇,"月曜日～土曜日　9：30～20：00
【定休日】日曜日、祝日",調剤待合
八王子市,ウエルシア薬局八王子川口店,八王子市川口町1745-3,https://www.city.hachioji.tokyo.jp/kurashi/life/004/a546973/a24687/p014389.html,〇,"月曜日～日曜日　９：００～２０：００
ただし日曜・祝日は１０：００～１４：００及び１５：００～２０：００
【定休日】なし",2,〇,"月曜日～日曜日　９：００～２０：００
ただし日曜・祝日は１０：００～１４：００及び１５：００～２０：００
【定休日】なし",調剤待合
八王子市,ウエルシア薬局八王子弐分方店,八王子市弐分方町481-4,https://www.city.hachioji.tokyo.jp/kurashi/life/004/a546973/a24687/p014389.html,〇,"月曜日～土曜日　９：００～２０：００
【定休日】日曜日、祝日",2,〇,"月曜日～土曜日　９：００～２０：００
【定休日】日曜日、祝日",調剤待合
八王子市,ウエルシア薬局八王子諏訪店,八王子市諏訪町499,https://www.city.hachioji.tokyo.jp/kurashi/life/004/a546973/a24687/p014389.html,〇,"月曜日～土曜日　１０：００～２０：００
【定休日】日曜日、祝日",2,〇,"月曜日～土曜日　１０：００～２０：００
【定休日】日曜日、祝日",調剤待合
八王子市,ウエルシア薬局八王子東浅川店,八王子市東浅川町557-4,https://www.city.hachioji.tokyo.jp/kurashi/life/004/a546973/a24687/p014389.html,〇,"月曜日～日曜日　9：00～24：00
【定休日】なし",2,〇,"月曜日～日曜日　9：00～24：00
【定休日】なし",調剤待合
八王子市,ウエルシア薬局八王子椚田店,八王子市椚田町72-1,https://www.city.hachioji.tokyo.jp/kurashi/life/004/a546973/a24687/p014389.html,〇,"月曜日～土曜日　9:00～２１：００
ただし土曜は９：００～２０：００
【定休日】日曜日、祝日",2,〇,"月曜日～土曜日　9:00～２１：００
ただし土曜は９：００～２０：００
【定休日】日曜日、祝日",調剤待合
八王子市,ウエルシア薬局八王子七国店,八王子市七国5-28-1,https://www.city.hachioji.tokyo.jp/kurashi/life/004/a546973/a24687/p014389.html,〇,"月曜日～土曜日　９：００～２０：００
【定休日】日曜日、祝日",2,〇,"月曜日～土曜日　９：００～２０：００
【定休日】日曜日、祝日",調剤待合
八王子市,ウエルシア薬局八王子みなみ野店,八王子市みなみ野5-15-5,https://www.city.hachioji.tokyo.jp/kurashi/life/004/a546973/a24687/p014389.html,〇,"月曜日～日曜日　９：００～２１：００
ただし日曜・祝日は９：００～１９：００
【定休日】なし",2,〇,"月曜日～日曜日　９：００～２１：００
ただし日曜・祝日は９：００～１９：００
【定休日】なし",調剤待合
八王子市,みよの台薬局八王子店,八王子市子安町2-10-15,https://www.city.hachioji.tokyo.jp/kurashi/life/004/a546973/a24687/p014389.html,,,,〇,"月火水金　９：００～１８：３０、木　９：００～１７：３０、土　９：００～１３：００
【定休日】日祝",
立川市,多摩水道改革推進本部(立川庁舎),立川市緑町6-7,,,,,〇,"休館日:土・日・休日
開庁時間:平日8:30～17:15",1階ロビー
立川市,立川都民防災教育センター（立川防災館）,立川市泉町1156-1,https://www.tfd.metro.tokyo.lg.jp/taiken/tachikawa/index.html,〇,"熱中症特別警戒情報運用期間中
休館日を除く９：００～１７：００
注　休館日:木曜日・第３金曜日（祝日、９月１日又は10月１日の場合は直後の平日）",96人,〇,"休館日を除く9:00～17:00
※休館日:木曜日、第３金曜日（祝日の場合は直後の平日）、年末年始",１階及び２階オリエンテーションコーナー
立川市,公益財団法人東京都農林水産振興財団立川庁舎,立川市富士見町３丁目８ｰ１,,,,,〇,"平日9:30～17:00（閉庁日除く）
＊立川ひと涼みスポットに準拠",1階ロビー
立川市,子育て支援・保健センター,東京都立川市錦町3丁目3-６,,,,,〇,"施設の開館時（休日診療所は対象外）
＊立川ひと涼みスポットに準拠",１階ロビー
立川市,女性総合センター,東京都立川市曙町2丁目36-2,,,,,〇,"施設の開館時
＊立川ひと涼みスポットに準拠",１階ロビー付近
立川市,立川市役所本庁舎,東京都立川市泉町1156-9,,,,,〇,"施設の開館時
＊立川ひと涼みスポットに準拠",　
立川市,窓口サービスセンター,東京都立川市曙町2丁目2-27,,,,,〇,"平日8:30～20:00
土日8:30～17:00
（祝日・年末年始は休館）＊いずれも令和８年度途中にて開庁時間変更の可能性あり
＊立川ひと涼みスポットに準拠",待合スペース
立川市,たましんRISURUホール,東京都立川市錦町3丁目3-20,,,,,〇,"施設の開館日・開館時間と同じ
＊立川ひと涼みスポットに準拠",1階市民ホール部分
立川市,泉市民体育館,東京都立川市泉町786-11,,,,,〇,"施設の開館日・開館時間に準じる
＊立川ひと涼みスポットに準拠",
立川市,柴崎市民体育館,東京都立川市柴崎町６丁目15-９,,,,,〇,"施設の開館日・開館時間に準じる
＊立川ひと涼みスポットに準拠",
立川市,たまがわ・みらいパーク,東京都立川市富士見町6丁目46-1,,,,,〇,"9:30～16:30（12:00～13:00を除く）
＊立川ひと涼みスポットに準拠",
立川市,クリーンセンターたちむにぃ,東京都立川市泉町2002番地,,,,,〇,＊立川ひと涼みスポットに準拠,
立川市,総合リサイクルセンター,東京都立川市西砂町4丁目77-1,,,,,〇,"火曜～日曜10:00～16:00
＊立川ひと涼みスポットに準拠",１階リサイクルショップ
立川市,競輪場,東京都立川市曙町3丁目32-5,,,,,〇,"競輪開催日10:00～16:30
＊立川ひと涼みスポット",
立川市,学校給食東共同調理場,東京都立川市泉町1156-18,,,,,〇,"平日8:30～17:15
＊立川ひと涼みスポットに準拠","１階会議室ほか
"
立川市,学校給食西共同調理場,東京都立川市泉町1156-14,,,,,〇,"平日8:30～17:15
＊立川ひと涼みスポットに準拠",１階打合せコーナーほか
立川市,歴史民俗資料館,東京都立川市富士見町3丁目12-34,,,,,〇,"開館日の開館時間内　9:00～16:30
＊立川ひと涼みスポットに準拠","ラウンジ内
（食事不可）"
立川市,柴崎学習館,東京都立川市柴崎町2丁目15-8,,,,,〇,"第２・第４月曜日および年末年始を除く9:00～22:00
＊立川ひと涼みスポットに準拠",1階ロビー内
立川市,錦学習館,東京都立川市錦町3丁目12-25,,,,,〇,"第２・第４月曜日および年末年始を除く9:00～22:00
＊立川ひと涼みスポットに準拠",１階ロビー内
立川市,西砂学習館,東京都立川市西砂町6丁目12-10,,,,,〇,"第２・第４月曜日および年末年始を除く9:00～22:00
＊立川ひと涼みスポットに準拠",1階ロビー内
立川市,砂川学習館、コミュニティ砂川,東京都立川市砂川町1丁目52ー７,,,,,〇,"第２・第４月曜日および年末年始を除く9:00～22:00
＊立川ひと涼みスポットに準拠",砂川学習館1階
立川市,幸学習館,東京都立川市幸町2丁目1-3,,,,,〇,"第２・第４月曜日および年末年始を除く9:00～22:00
＊立川ひと涼みスポットに準拠",ロビー内
立川市,立川市社会福祉協議会、南部西ふじみ地域包括支援センター（総合福祉センター内）,東京都立川市富士見町2丁目36-47,,,,,〇,"月曜～金曜8:30～17:15
土曜8:30～17:00
＊立川ひと涼みスポットに準拠",総合福祉センター館内（フリースペース）
立川市,南部東はごろも地域包括支援センター（羽衣地域福祉サービスセンター内）,東京都立川市羽衣町1丁目12-18,,,,,〇,"月曜～土曜9:00～17:00
＊立川ひと涼みスポットに準拠",ロビー
立川市,中部たかまつ地域包括支援センター,東京都立川市高松町2丁目27-27 TBK高松第１ビル101号室,,,,,〇,"平日9:00～17:00
＊立川ひと涼みスポットに準拠",にんじん立川　外のベンチ２か所
立川市,北部東わかば地域包括支援センター（介護老人保健施設わかば内）,東京都立川市若葉町3丁目45-2,,,,,〇,"9:00～17:00　(土日祝除く)
＊立川ひと涼みスポットに準拠",1階面会スペース
立川市,北部中さいわい地域包括支援センター,東京都立川市幸町4丁目14-1　至誠キートスホーム内,,,,,〇,"月曜～金曜9:00～17:00
＊立川ひと涼みスポットに準拠",高齢者施設（主に高齢者、お子さんも可）
立川市,北部西かみすな地域包括支援センター（砂川園内）,東京都立川市上砂町5丁目76-4（砂川園内）,,,,,〇,"平日9:00～17:00
＊立川ひと涼みスポットに準拠",玄関入口ホール
立川市,にしき福祉相談センター,東京都立川市錦町6丁目28-15,,,,,〇,"9:00～17:00（土・日・祝除く）
＊立川ひと涼みスポットに準拠",にしき福祉相談センター（記念館3階）
立川市,かみすな福祉相談センター,東京都立川市上砂町1丁目13-1,,,,,〇,"かみすな福祉相談センター開所時間帯　月曜～金曜9:00～17:00（土・日・祝除く）
＊立川ひと涼みスポットに準拠",エントランスホール
立川市,にしすな福祉相談センター,東京都立川市西砂町5丁目5-5,,,,,〇,"平日9:00～17:00 
＊立川ひと涼みスポットに準拠",
武蔵野市,武蔵野市市庁舎,武蔵野市緑町2-2-28,https://www.city.musashino.lg.jp/shisetsu_annai/musashinoshi_kanren/shiyakusho.html,〇,"8:30～17:00
※毎週土曜日、日曜日、祝日は休館日",10名,〇,"8:30～17:00
※毎週土曜日、日曜日、祝日は休館日",施設内の一部
武蔵野市,吉祥寺市政センター,武蔵野市吉祥寺本町1-10-7 武蔵野商工会館2階,https://www.city.musashino.lg.jp/shisetsu_annai/musashinoshi_kanren/shiseicenter/1000378.html,〇,"8:30～17:00　
※毎週土曜日、日曜日、祝日は休館日",6名,〇,"8:30～17:00　
※毎週土曜日、日曜日、祝日は休館日",施設内の一部
武蔵野市,中央市政センター,武蔵野市中町1-2-8,https://www.city.musashino.lg.jp/shisetsu_annai/musashinoshi_kanren/shiseicenter/1000379.html,〇,"8:30～17:00
※水・金曜日は17：00～20：00も開庁（夜間窓口）
第２・４日曜日9：00～16：00（休日開庁窓口）
※毎週土曜日及び祝日は休館日",8名,〇,"8:30～17:00
※水・金曜日は17：00～20：00も開庁（夜間窓口）
第２・４日曜日9：00～16：00（休日開庁窓口）
※毎週土曜日及び祝日は休館日",施設内の一部
武蔵野市,武蔵境市政センター,武蔵野市境1-1-7 QuOLa(クオラ)2階,https://www.city.musashino.lg.jp/shisetsu_annai/musashinoshi_kanren/shiseicenter/1000380.html,〇,"8:30～17:00　
※毎週土曜日、日曜日、祝日は休館日",8名,〇,"8:30～17:00　
※毎週土曜日、日曜日、祝日は休館日",施設内の一部
武蔵野市,武蔵野クリーンセンター,武蔵野市緑町3-1-5,https://www.city.musashino.lg.jp/shisetsu_annai/musashinoshi_kanren/kurashi_seiso_kankyo/1000385.html,〇,"10:00～17:00　
※毎週火曜日及び祝日は休館日（ただし月曜日が祝休日の場合は開館し、水曜日は休館）",15名,〇,"10:00～17:00　
※毎週火曜日及び祝日は休館日（ただし月曜日が祝休日の場合は開館し、水曜日は休館）",施設内の一部
武蔵野市,武蔵野市立中央図書館,武蔵野市吉祥寺北町4-8-3,https://www.city.musashino.lg.jp/shisetsu_annai/1040461/1040530.html,〇,"平日：9:30～20:00　
土日祝日：9:30～17:00
※毎週金曜日及び第1水曜日は休館日",30名,〇,"平日：9:30～20:00　
土日祝日：9:30～17:00
※毎週金曜日及び第1水曜日は休館日",施設内の一部
武蔵野市,武蔵野市立保健センター,武蔵野市吉祥寺北町4-8-10,https://www.city.musashino.lg.jp/shisetsu_annai/hoken_fukushi/hoken/1000495.html,〇,"8:30～17:00
※毎週土曜日、日曜日、祝日は休館日",10名,〇,"8:30～17:00
※毎週土曜日、日曜日、祝日は休館日",施設内の一部
武蔵野市,桜堤児童館,武蔵野市桜堤2-1-29,https://www.city.musashino.lg.jp/shisetsu_annai/kosodate/ichiran/1000394.html,〇,"9:30～17:30
※毎週日曜日及び祝日は休館日（10月以降は午後5時）",6名,〇,"9:30～17:30
※毎週日曜日及び祝日は休館日（10月以降は午後5時）",施設内の一部
武蔵野市,武蔵野市水道部庁舎,武蔵野市吉祥寺北町4-11-46,https://www.city.musashino.lg.jp/shisetsu_annai/musashinoshi_kanren/kurashi_seiso_kankyo/1000384.html,〇,"8:30～17:00
※毎週土曜日、日曜日、祝日は休館日",6名,〇,"8:30～17:00
※毎週土曜日、日曜日、祝日は休館日",施設内の一部
武蔵野市,武蔵野ふるさと歴史館,武蔵野市境5-15-5,https://www.city.musashino.lg.jp/shisetsu_annai/bunka_sports/bunka_geijutsu/1000599.html,〇,"9:30～17:00　
※毎週金曜日及び祝日は休館日",14名,〇,"9:30～17:00　
※毎週金曜日及び祝日は休館日",施設内の一部
武蔵野市,むさしのエコreゾート,武蔵野市緑町3-1-5,https://www.city.musashino.lg.jp/shisetsu_annai/musashinoshi_kanren/kurashi_seiso_kankyo/ecoresort/1030734.html,〇,"9:30～17:00
※毎週火曜日及び祝日は休館日（ただし月曜祝日の場合は開館し、水曜休館）",81名,〇,"9:30～17:00
※毎週火曜日及び祝日は休館日（ただし月曜祝日の場合は開館し、水曜休館）",施設内の一部
武蔵野市,吉祥寺東コミュニティセンター,武蔵野市吉祥寺東町1-12-6,https://www.city.musashino.lg.jp/shisetsu_annai/bunka_sports/community_center/1000611.html,〇,"9:15～21:15
※毎月第4水曜日は休館日
※イベントや改修工事により臨時休館あり",10名,〇,"9:15～21:15
※毎月第4水曜日は休館日
※イベントや改修工事により臨時休館あり",施設内の一部
武蔵野市,本宿コミュニティセンター,武蔵野市吉祥寺東町3-25-2 ,https://www.city.musashino.lg.jp/shisetsu_annai/bunka_sports/community_center/1000612.html,〇,"9:00～21:00
※毎週木曜日は休館日
※大規模改修工事のため、開放は令和８年８月頃から",10名,〇,"9:00～21:00
※毎週木曜日は休館日
※大規模改修工事のため、開放は令和８年８月頃から",施設内の一部
武蔵野市,吉祥寺南町コミュニティセンター,武蔵野市吉祥寺南町3-13-1,https://www.city.musashino.lg.jp/shisetsu_annai/bunka_sports/community_center/1000613.html,〇,"9:15～21:15
※毎月第1,3を除く水曜日は休館日
※イベントや改修工事により臨時休館あり
※施設移転のため、開放は令和８年５月以降",20名,〇,"9:15～21:15
※毎月第1,3を除く水曜日は休館日
※イベントや改修工事により臨時休館あり
※施設移転のため、開放は令和８年５月以降",施設内の一部
武蔵野市,御殿山コミュニティセンター,武蔵野市御殿山1-5-11,https://www.city.musashino.lg.jp/shisetsu_annai/bunka_sports/community_center/1000614.html,〇,"9:00～21:00
※毎週月曜日は休館日
※イベントや改修工事により臨時休館あり",10名,〇,"9:00～21:00
※毎週月曜日は休館日
※イベントや改修工事により臨時休館あり",施設内の一部
武蔵野市,本町コミュニティセンター,武蔵野市吉祥寺本町1-22-2,https://www.city.musashino.lg.jp/shisetsu_annai/bunka_sports/community_center/1000615.html,〇,"9:30～21:30
※毎週日曜日は休館日
※イベントや改修工事により臨時休館あり",10名,〇,"9:30～21:30
※毎週日曜日は休館日
※イベントや改修工事により臨時休館あり",施設内の一部
武蔵野市,吉祥寺西コミュニティセンター,武蔵野市吉祥寺本町3-20-17,https://www.city.musashino.lg.jp/shisetsu_annai/bunka_sports/community_center/1000616.html,〇,"9:00～21:00
※毎週木曜日は休館日
※大規模改修工事のため、開放は令和８年９月頃から",12名,〇,"9:00～21:00
※毎週木曜日は休館日
※大規模改修工事のため、開放は令和８年９月頃から",施設内の一部
武蔵野市,吉祥寺北コミュニティセンター,武蔵野市吉祥寺北町1-22-10,https://www.city.musashino.lg.jp/shisetsu_annai/bunka_sports/community_center/1000618.html,〇,"9:00～21:00
※毎週月曜日は休館日
※イベントや改修工事により臨時休館あり",30名,〇,"9:00～21:00
※毎週月曜日は休館日
※イベントや改修工事により臨時休館あり",施設内の一部
武蔵野市,けやきコミュニティセンター,武蔵野市吉祥寺北町5-6-19,https://www.city.musashino.lg.jp/shisetsu_annai/bunka_sports/community_center/1000619.html,〇,"9:30～21:30
※毎週水曜日は休館日
※イベントや改修工事により臨時休館あり",10名,〇,"9:30～21:30
※毎週水曜日は休館日
※イベントや改修工事により臨時休館あり",施設内の一部
武蔵野市,西久保コミュニティセンター,武蔵野市西久保1-23-7,https://www.city.musashino.lg.jp/shisetsu_annai/bunka_sports/community_center/1000622.html,〇,"9:30～21:30
※毎月第3月曜日は休館日
※イベントや改修工事により臨時休館あり",5名,〇,"9:30～21:30
※毎月第3月曜日は休館日
※イベントや改修工事により臨時休館あり",施設内の一部
武蔵野市,緑町コミュニティセンター,武蔵野市緑町3丁目1番17号,https://www.city.musashino.lg.jp/shisetsu_annai/bunka_sports/community_center/1000623.html,〇,"9:00～21:00
※毎週月曜日は休館日
※イベントや改修工事により臨時休館あり",8名,〇,"9:00～21:00
※毎週月曜日は休館日
※イベントや改修工事により臨時休館あり",施設内の一部
武蔵野市,八幡町コミュニティセンター,武蔵野市八幡町3丁目3番16号,https://www.city.musashino.lg.jp/shisetsu_annai/bunka_sports/community_center/1000624.html,〇,"9:00～21:00
※毎週火曜日は休館日
※イベントや改修工事により臨時休館あり",5名,〇,"9:00～21:00
※毎週火曜日は休館日
※イベントや改修工事により臨時休館あり",施設内の一部
武蔵野市,関前コミュニティセンター,武蔵野市関前2-26-10,https://www.city.musashino.lg.jp/shisetsu_annai/bunka_sports/community_center/1000626.html,〇,"9:30～21:30
※毎週木曜日は休館日
※イベントや改修工事により臨時休館あり",35名,〇,"9:30～21:30
※毎週木曜日は休館日
※イベントや改修工事により臨時休館あり",施設内の一部
武蔵野市,西部コミュニティセンター,武蔵野市境5丁目6番20号,https://www.city.musashino.lg.jp/shisetsu_annai/bunka_sports/community_center/1000628.html,〇,"9:30～21:30
※毎週木曜日は休館日
※イベントや改修工事により臨時休館あり",15名,〇,"9:30～21:30
※毎週木曜日は休館日
※イベントや改修工事により臨時休館あり",施設内の一部
武蔵野市,境南コミュニティセンター,武蔵野市境南町3-22-9,https://www.city.musashino.lg.jp/shisetsu_annai/bunka_sports/community_center/1000629.html,〇,"9:00～21:00
※毎月第1・3・5の金曜日は休館日
※イベントや改修工事により臨時休館あり",10名,〇,"9:00～21:00
※毎月第1・3・5の金曜日は休館日
※イベントや改修工事により臨時休館あり",施設内の一部
武蔵野市,桜堤コミュニティセンター,武蔵野市桜堤3-3-11,https://www.city.musashino.lg.jp/shisetsu_annai/bunka_sports/community_center/1000630.html,〇,"9:00～21:00
※毎週火曜日は休館日
※イベントや改修工事により臨時休館あり",9名,〇,"9:00～21:00
※毎週火曜日は休館日
※イベントや改修工事により臨時休館あり",施設内の一部
武蔵野市,武蔵野市立武蔵野市民文化会館,武蔵野市中町3-9-11,https://www.city.musashino.lg.jp/shisetsu_annai/bunka_sports/bunka_geijutsu/1000591.html,〇,"9:00～22:00
※毎週水曜日は休館日（祝日の場合は開館し、翌日を休館日とします。さらに祝日が続くときは、順次繰り延べます。）",10名,〇,"9:00～22:00
※毎週水曜日は休館日（祝日の場合は開館し、翌日を休館日とします。さらに祝日が続くときは、順次繰り延べます。）",施設内の一部
武蔵野市,武蔵野市立武蔵野芸能劇場,武蔵野市中町1-15-10,https://www.city.musashino.lg.jp/shisetsu_annai/bunka_sports/bunka_geijutsu/1000593.html,〇,"9:00～22:00
※毎週水曜日は休館日（祝日の場合は開館し、翌日を休館日とします。さらに祝日が続くときは、順次繰り延べます。）",5名,〇,"9:00～22:00
※毎週水曜日は休館日（祝日の場合は開館し、翌日を休館日とします。さらに祝日が続くときは、順次繰り延べます。）",施設内の一部
武蔵野市,武蔵野市立武蔵野総合体育館,武蔵野市吉祥寺北町5-11-20,https://www.city.musashino.lg.jp/shisetsu_annai/bunka_sports/suports_yagaikatsudo/1000606.html,〇,"9:00～21:30　
※毎月15日は休館日（土日祝の場合翌平日）",20名,〇,"9:00～21:30　
※毎月15日は休館日（土日祝の場合翌平日）",施設内の一部
武蔵野市,武蔵野市立ひと・まち・情報創造館武蔵野プレイス,武蔵野市境南町2-3-18,https://www.city.musashino.lg.jp/shisetsu_annai/bunka_sports/1000602.html,〇,"9:30～22:00　
※毎週水曜日は休館日",10名,〇,"9:30～22:00　
※毎週水曜日は休館日",施設内の一部
武蔵野市,武蔵野市立吉祥寺図書館,武蔵野市吉祥寺本町1-21-13,https://www.city.musashino.lg.jp/shisetsu_annai/bunka_sports/1013705.html,〇,"9:30～20:00　
※毎週水曜日は休館日",5名,〇,"9:30～20:00　
※毎週水曜日は休館日",施設内の一部
武蔵野市,武蔵野市立0123吉祥寺,武蔵野市吉祥寺東町2-29-12,https://www.city.musashino.lg.jp/shisetsu_annai/kosodate/ichiran/1000395.html,〇,"9:00～16:00（６～８月は午後５時まで）
※毎週日曜日及び月曜日は休館日",3名,〇,"9:00～16:00（６～８月は午後５時まで）
※毎週日曜日及び月曜日は休館日",施設内の一部
武蔵野市,武蔵野市立0123はらっぱ,武蔵野市八幡町1-3-24,https://www.city.musashino.lg.jp/shisetsu_annai/kosodate/ichiran/1000397.html,〇,"9:00～16:00（６～８月は午後５時まで）
※毎週金曜日及び土曜日は休館日",3名,〇,"9:00～16:00（６～８月は午後５時まで）
※毎週金曜日及び土曜日は休館日",施設内の一部
武蔵野市,高齢者総合センター,武蔵野市緑町2-4-1,https://fukushikosha.jp/senior/,〇,"月曜日～土曜日：午前8時30分～午後5時
（１階市民交流スペースは月曜日～金曜日の午前9時～午後4時利用可能）
日曜日・祝日：休館日",,〇,"月曜日～土曜日：午前8時30分～午後5時
（１階市民交流スペースは月曜日～金曜日の午前9時～午後4時利用可能）
日曜日・祝日：休館日",施設内の一部
武蔵野市,武蔵野市桜堤ケアハウス,武蔵野市桜堤1-9-9,https://www.city.musashino.lg.jp/shisetsu_annai/hoken_fukushi/koureisha/1000524.html,〇,"8:30～17:15
※毎週日曜日及び祝日は休館日",3名,〇,"8:30～17:15
※毎週日曜日及び祝日は休館日",施設内の一部
武蔵野市,ゆとりえ,武蔵野市吉祥寺南町4-25-5,https://www.city.musashino.lg.jp/shisetsu_annai/hoken_fukushi/koureisha/1000525.html,〇,8:30～17:15,4名,〇,8:30～17:15,施設内の一部
武蔵野市,吉祥寺本町在宅介護支援センター,武蔵野市吉祥寺本町4-20-13,https://www.city.musashino.lg.jp/shisetsu_annai/hoken_fukushi/zaitakukaigo_chiikihokatsu_shiencenter/1000512.html,〇,"9:00～16:00
※毎週日曜日及び祝日は休館日",5名,〇,"9:00～16:00
※毎週日曜日及び祝日は休館日",施設内の一部
武蔵野市,市民社会福祉協議会,武蔵野市吉祥寺北町１丁目９番１号１階,https://www.shakyou.or.jp/,〇,"9:00～17:00
※毎週日曜日及び祝日は休館日
※施設移転のため開放は令和８年６月から",６名,〇,"9:00～17:00
※毎週日曜日及び祝日は休館日
※施設移転のため開放は令和８年６月から",施設内の一部
武蔵野市,武蔵野市薬剤師会調剤薬局,武蔵野市境南町2-28-14,https://www.yakuyuu.jp/,〇,"9:00～17:00
※毎週日曜日及び祝日は休業日",4名,〇,"9:00～17:00
※毎週日曜日及び祝日は休業日",施設内の一部
武蔵野市,中川薬局三鷹駅前店,武蔵野市境南町2-28-14,https://www.kusurinomadoguchi.com/tokyo/s125064,〇,"月曜日～金曜日　9:00～20:00
土曜日　9:00～19:30
※毎週日曜日及び祝日は定休",2名,〇,"月曜日～金曜日　9:00～20:00
土曜日　9:00～19:30
※毎週日曜日及び祝日は定休",施設内の一部
武蔵野市,中川薬局三鷹駅前２号店,武蔵野市境南町2-28-14,https://www.kusurinomadoguchi.com/tokyo/s1000116672,〇,"月曜日、火曜日、木曜日、金曜日　9:30～18:30
水曜日　9:30～16:30
土曜日　9:00～12:30
※毎週日曜日及び祝日は定休",4名,〇,"月曜日、火曜日、木曜日、金曜日　9:30～18:30
水曜日　9:30～16:30
土曜日　9:00～12:30
※毎週日曜日及び祝日は定休",施設内の一部
武蔵野市,クオール薬局武蔵境店,武蔵野市境南町2-28-14,https://store.qol-net.co.jp/detail/127/,〇,"月曜日～土曜日　9:00～18:30
※毎週日曜日及び祝日は定休",10名,〇,"月曜日～土曜日　9:00～18:30
※毎週日曜日及び祝日は定休",施設内の一部
武蔵野市,トヨタモビリティ東京株式会社 吉祥寺店,武蔵野市吉祥寺本町1−33−11,https://www.toyota-mobi-tokyo.co.jp/shop/24A,,,,〇,"毎週火曜日と第1・第3月曜日以外の10:00～18:00
※8/10(土）から8/16（金）は夏季休業日",ショールーム
武蔵野市,トヨタモビリティ東京株式会社 武蔵野関前店,武蔵野市関前4−9−2,https://www.toyota-mobi-tokyo.co.jp/shop/24B,,,,〇,"毎週火曜日と第1・第3月曜日以外の10:00～18:00
※8/10(土）から8/16（金）は夏季休業日",ショールーム
三鷹市,市役所（本庁舎）,三鷹市野崎1-1-1,https://www.city.mitaka.lg.jp/c_service/001/001624.html,〇,施設の開庁時間に準ずる,35名,〇,施設の開庁時間に準ずる,施設内の一部
三鷹市,市役所（第2庁舎）,三鷹市野崎1-1-1,https://www.city.mitaka.lg.jp/c_service/001/001624.html,〇,施設の開庁時間に準ずる,10名,〇,施設の開庁時間に準ずる,施設内の一部
三鷹市,元気創造プラザ,三鷹市新川6-37-1,https://www.city.mitaka.lg.jp/c_service/038/038102.html,〇,施設の開館日時に準ずる,50名,〇,施設の開庁時間に準ずる,施設内の一部
三鷹市,教育センター,三鷹市下連雀9-11-7,https://www.city.mitaka.lg.jp/c_service/021/021001.html,〇,平日8:30～17:00　,7名,〇,平日8:30～17:00　,施設内の一部
三鷹市,大沢コミュニティ・センター,三鷹市大沢4-25-30,https://www.city.mitaka.lg.jp/c_service/001/001694.html,〇,施設の開館日時に準ずる,10名,〇,施設の開館日時に準ずる,施設内の一部
三鷹市,牟礼コミュニティ・センター,三鷹市牟礼7-6-25,https://www.city.mitaka.lg.jp/c_service/001/001695.html,〇,施設の開館日時に準ずる,5名,〇,施設の開館日時に準ずる,施設内の一部
三鷹市,井口コミュニティ・センター,三鷹市井口1-13-32,https://www.city.mitaka.lg.jp/c_service/001/001696.html,〇,施設の開館日時に準ずる,9名,〇,施設の開館日時に準ずる,施設内の一部
三鷹市,井の頭コミュニティ・センター,三鷹市井の頭2-32-30,https://www.city.mitaka.lg.jp/c_service/001/001697.html,〇,施設の開館日時に準ずる,本館　12名　新館　8名,〇,施設の開館日時に準ずる,施設内の一部
三鷹市,新川中原コミュニティ・センター,三鷹市新川1-11-1,https://www.city.mitaka.lg.jp/c_service/001/001698.html,〇,施設の開館日時に準ずる,20名,〇,施設の開館日時に準ずる,施設内の一部
三鷹市,連雀コミュニティ・センター,三鷹市下連雀7-15-4,https://www.city.mitaka.lg.jp/c_service/001/001699.html,〇,施設の開館日時に準ずる,10名,〇,施設の開館日時に準ずる,施設内の一部
三鷹市,三鷹駅前コミュニティ・センター,三鷹市下連雀3-13-10,https://www.city.mitaka.lg.jp/c_service/001/001693.html,〇,施設の開館日時に準ずる,5名,〇,施設の開館日時に準ずる,施設内の一部
三鷹市,市民協働センター,三鷹市下連雀4-17-23,https://www.city.mitaka.lg.jp/c_service/092/092013.html,〇,施設の開館日時に準ずる,17名,〇,施設の開館日時に準ずる,施設内の一部
三鷹市,東多世代交流センター,三鷹市牟礼2-13-19,https://www.city.mitaka.lg.jp/c_service/065/065263.html,〇,施設の開館日時に準ずる,5名,〇,施設の開館日時に準ずる,施設内の一部
三鷹市,西多世代交流センター,三鷹市深大寺2-3-5,https://www.city.mitaka.lg.jp/c_service/039/039066.html,〇,施設の開館日時に準ずる,3名,〇,施設の開館日時に準ずる,施設内の一部
三鷹市,三鷹図書館,三鷹市上連雀8-3-3,https://www.city.mitaka.lg.jp/c_service/001/001625.html,〇,施設の開館日時に準ずる,4名,〇,施設の開館日時に準ずる,施設内の一部
三鷹市,東部図書館,三鷹市牟礼5-8-16,https://www.city.mitaka.lg.jp/c_service/001/001625.html,〇,施設の開館日時に準ずる,1名,〇,施設の開館日時に準ずる,施設内の一部
三鷹市,西部図書館,三鷹市大沢2-6-47,https://www.city.mitaka.lg.jp/c_service/001/001625.html,〇,施設の開館日時に準ずる,1名,〇,施設の開館日時に準ずる,施設内の一部
三鷹市,三鷹駅前図書館,三鷹市下連雀3-13-10,https://www.city.mitaka.lg.jp/c_service/001/001625.html,〇,施設の開館日時に準ずる,1名,〇,施設の開館日時に準ずる,施設内の一部
三鷹市,南部図書館,三鷹市新川5-14-16,https://www.city.mitaka.lg.jp/c_service/001/001625.html,〇,施設の開館日時に準ずる,1名,〇,施設の開館日時に準ずる,施設内の一部
三鷹市,三鷹駅前市政窓口,三鷹市下連雀3-24-3-202　三鷹駅前協同ビル2階,https://www.city.mitaka.lg.jp/c_service/001/001621.html,〇,施設の開館日時に準ずる,3名,〇,施設の開館日時に準ずる,施設内の一部
三鷹市,三鷹台市政窓口,三鷹市井の頭2-13-2,https://www.city.mitaka.lg.jp/c_service/001/001621.html,〇,施設の開館日時に準ずる,2名,〇,施設の開館日時に準ずる,施設内の一部
三鷹市,三鷹東部市政窓口,三鷹市中原1-29-35,https://www.city.mitaka.lg.jp/c_service/001/001621.html,〇,施設の開館日時に準ずる,2名,〇,施設の開館日時に準ずる,施設内の一部
三鷹市,三鷹西部市政窓口,三鷹市野崎3-28-11,https://www.city.mitaka.lg.jp/c_service/001/001621.html,〇,施設の開館日時に準ずる,2名,〇,施設の開館日時に準ずる,施設内の一部
三鷹市,三鷹市マイナンバーカードセンター,三鷹市下連雀3-38-4 三鷹産業プラザ６階,https://www.city.mitaka.lg.jp/c_service/098/098254.html,〇,施設の開館日時に準ずる,3名,〇,施設の開館日時に準ずる,施設内の一部
三鷹市,三鷹市芸術文化センター,三鷹市上連雀6-12-14,https://www.city.mitaka.lg.jp/c_service/001/001675.html,〇,施設の開館日時に準ずる,20名,〇,施設の開館日時に準ずる,施設内の一部
三鷹市,三鷹市美術ギャラリー,三鷹市下連雀3-35-1 CORAL(コラル) 5階,https://www.city.mitaka.lg.jp/c_service/001/001674.html,〇,開館日の10:00～19:00,6名,〇,開館日の10:00～19:00,施設内の一部
三鷹市,太宰治文学サロン,三鷹市下連雀3-16-14  グランジャルダン三鷹1階,https://www.city.mitaka.lg.jp/c_service/001/001677.html,〇,施設の開館日時に準ずる,8名,〇,施設の開館日時に準ずる,施設内の一部
三鷹市,三鷹市吉村昭書斎,三鷹市井の頭3-3-17,https://www.city.mitaka.lg.jp/c_service/107/107854.html,〇,施設の開館日時に準ずる,5名,〇,施設の開館日時に準ずる,施設内の一部
三鷹市,三鷹市星と森と絵本の家,三鷹市大沢2-21-3 国立天文台内,https://www.city.mitaka.lg.jp/c_service/074/074549.html,〇,施設の開館日時に準ずる,10名,〇,施設の開館日時に準ずる,施設内の一部
三鷹市,三鷹ネットワーク大学,三鷹市下連雀3-24-3  三鷹駅前協同ビル3階,https://www.city.mitaka.lg.jp/c_service/001/001560.html,〇,"施設の開館日時に準ずる
（７月31日までは開放不可）",8名,〇,"施設の開館日時に準ずる
（７月31日までは開放不可）",施設内の一部
三鷹市,三鷹国際交流センター,三鷹市下連雀3-30-12 三鷹市中央通りタウンプラザ4階,https://www.city.mitaka.lg.jp/c_service/051/051480.html,〇,施設の開館日時に準ずる,6名,〇,施設の開館日時に準ずる,施設内の一部
三鷹市,天文・科学情報スペース,三鷹市下連雀3-28-20  三鷹中央ビル1階,https://www.city.mitaka.lg.jp/c_service/056/056022.html,〇,施設の開館日時に準ずる,6名,〇,施設の開館日時に準ずる,施設内の一部
三鷹市,三鷹市リサイクル市民工房,三鷹市深大寺2-16-13,https://www.city.mitaka.lg.jp/c_service/000/000628.html,〇,施設の開館日時に準ずる,2名,〇,施設の開館日時に準ずる,施設内の一部
三鷹市,北野情報コーナー,三鷹市北野3-2-8,https://www.city.mitaka.lg.jp/c_service/092/092156.html,〇,施設の開館日時に準ずる,3名,〇,施設の開館日時に準ずる,施設内の一部
三鷹市,三鷹市福祉Laboどんぐり山,三鷹市大沢4-8-8,https://www.city.mitaka.lg.jp/c_service/102/102671.html,〇,施設の開館日時に準ずる,10名,〇,施設の開館日時に準ずる,施設内の一部
三鷹市,三鷹駅前地区まちづくり推進本部事務局,三鷹市下連雀3-33-3 アールヴェール三鷹中央通り2階,https://www.city.mitaka.lg.jp/c_sections/ekimae/index.html,〇,施設の開館日時に準ずる,1名,〇,施設の開館日時に準ずる,施設内の一部
三鷹市,公益社団法人三鷹市シルバー人材センター,三鷹市新川6-35-16,https://www.city.mitaka.lg.jp/c_service/000/000938.html,〇,施設の開館日時に準ずる,10名,〇,施設の開館日時に準ずる,施設内の一部
三鷹市,トヨタモビリティ東京   三鷹通り店,三鷹市上連雀6-6-1,https://www.toyota-mobi-tokyo.co.jp/shop/25A,〇,10:00～18:00　 (毎週火曜日、第１・３月曜　ＧＷ休暇・夏季休暇・年末年始休暇を除く),5名,〇,10:00～18:00　 (毎週火曜日、第１・３月曜　ＧＷ休暇・夏季休暇・年末年始休暇を除く),ショールーム
三鷹市,トヨタモビリティ東京   三鷹野崎北店 ,三鷹市野崎　3-8-10,https://www.toyota-mobi-tokyo.co.jp/shop/25B,〇,10:00～18:00 　(毎週火曜日、第１・３月曜　ＧＷ休暇・夏季休暇・年末年始休暇を除く),5名,〇,10:00～18:00　 (毎週火曜日、第１・３月曜　ＧＷ休暇・夏季休暇・年末年始休暇を除く),ショールーム
三鷹市,トヨタモビリティ東京   武蔵野東八店,三鷹市野崎　4-3-47,https://www.toyota-mobi-tokyo.co.jp/shop/25C,〇,10:00～18:00 　(毎週火曜日、第１・３月曜　ＧＷ休暇・夏季休暇・年末年始休暇を除く),5名,〇,10:00～18:00　 (毎週火曜日、第１・３月曜　ＧＷ休暇・夏季休暇・年末年始休暇を除く),ショールーム
三鷹市,トヨタモビリティ東京   三鷹野崎南店  ,"三鷹市野崎　4-3-50
",https://www.toyota-mobi-tokyo.co.jp/shop/25D,〇,10:00～18:00 　(毎週火曜日、第１・３月曜　ＧＷ休暇・夏季休暇・年末年始休暇を除く),5名,〇,10:00～18:00　 (毎週火曜日、第１・３月曜　ＧＷ休暇・夏季休暇・年末年始休暇を除く),ショールーム
三鷹市,トヨタモビリティ東京    U Car 三鷹店,三鷹市野崎　3-23-8,https://www.toyota-mobi-tokyo.co.jp/shop/25E,〇,10:00～18:00　 (毎週火曜日、第１・３月曜　ＧＷ休暇・夏季休暇・年末年始休暇を除く),5名,〇,10:00～18:00　 (毎週火曜日、第１・３月曜　ＧＷ休暇・夏季休暇・年末年始休暇を除く),ショールーム
三鷹市,レクサス三鷹,三鷹市野崎　　4-3-53,https://lexustokyo.jp/dealer/mitaka,,,,〇,10:00～18:00　 (毎週火曜日、第１・３月曜　ＧＷ休暇・夏季休暇・年末年始休暇を除く),ショールーム
三鷹市,中川薬局 三鷹店,三鷹市大沢1-17-19 ,,〇,"月・火・木・金　9:00～19:00
水　9:00～17:00
土　9:00～13:00",5名,〇,"月・火・木・金　午前9時～午後7時
水　午前9時～午後5時
土　午前9時～午後1時",薬局待合室
三鷹市,クオール薬局新川店,三鷹市新川6-9-26,https://store.qol-net.co.jp/detail/126/,〇,施設の開館日時に準ずる,5名,〇,施設の開館日時に準ずる,薬局待合室
三鷹市,井の頭東部地区公会堂,三鷹市井の頭1-3-18,https://www.city.mitaka.lg.jp/c_service/001/001700.html,〇,"7～9月の
火　10:00～13:00
日　9:00～17:00",30名,〇,"7～9月の
火　10:00～13:00
日　9:00～17:00",１階洋室、２階和室
三鷹市,野川公園,三鷹市大沢6-4-1,https://musashinoparks.com/kouen/nogawa/,,,,〇,"※水遊びができる屋外のスポットで、屋内施設ではありません。
未定、※電力ひっ迫時は運用を停止する可能性があります。",わき水広場
三鷹市,りくばしベース,三鷹市上連雀２丁目２０番２８号　1F,,,,,〇,施設の開館時間やイベント開催時間に準ずる,店内カフェスペース
青梅市,御岳ビジターセンター,青梅市御岳山38-5,https://mitakevc.ces-net.jp/,,,,〇,"６月１日～９月３０日
開館時間9:00～16:30、休館日:月曜日 (祝日の場合はその翌日 )",1階休憩室
青梅市,青梅市役所本庁舎,青梅市東青梅1-11-1,https://www.city.ome.tokyo.jp/soshiki/6/498.html,〇,"土日祝日を除く
６月１日～９月３０日
９：００～１７：００",一般の施設利用者との共同利用により最大16人,〇,"土日祝日を除く
６月１日～９月３０日
９：００～１７：００",施設内の一部
青梅市,S＆Dたまぐーセンター,青梅市上町374,https://www.city.ome.tokyo.jp/site/ome-tky/3161.html,〇,"第３月曜日(祝日の場合は翌平日)を除く
６月１日～９月３０日
９：００～１７：００",一般の施設利用者との共同利用により最大41人,〇,"第３月曜日(祝日の場合は翌平日)を除く
６月１日～９月３０日
９：００～１７：００",施設内の一部
青梅市,長淵市民センター,青梅市長淵6-492-1,https://www.city.ome.tokyo.jp/site/c02/,〇,"第３月曜日(祝日の場合は翌平日)を除く
６月１日～９月３０日
９：００～１７：００",一般の施設利用者との共同利用により最大13人,〇,"第３月曜日(祝日の場合は翌平日)を除く
６月１日～９月３０日
９：００～１７：００",施設内の一部
青梅市,大門市民センター,青梅市大門2-288,https://www.city.ome.tokyo.jp/site/c03/,〇,"第３月曜日(祝日の場合は翌平日)を除く
６月１日～９月３０日
９：００～１７：００",一般の施設利用者との共同利用により最大8人,〇,"第３月曜日(祝日の場合は翌平日)を除く
６月１日～９月３０日
９：００～１７：００",施設内の一部
青梅市,梅郷市民センター,青梅市梅郷3-749-1,https://www.city.ome.tokyo.jp/site/c04/,〇,"第３月曜日(祝日の場合は翌平日)を除く
６月１日～９月３０日
９：００～１７：００",一般の施設利用者との共同利用により最大6人,〇,"第３月曜日(祝日の場合は翌平日)を除く
６月１日～９月３０日
９：００～１７：００",施設内の一部
青梅市,沢井市民センター,青梅市沢井2-682,https://www.city.ome.tokyo.jp/site/c05/,〇,"第３月曜日(祝日の場合は翌平日)を除く
６月１日～９月３０日
９：００～１７：００",一般の施設利用者との共同利用により最大10人,〇,"第３月曜日(祝日の場合は翌平日)を除く
６月１日～９月３０日
９：００～１７：００",施設内の一部
青梅市,小曾木市民センター,青梅市小曾木3-1656-1,https://www.city.ome.tokyo.jp/site/c06/,〇,"第３月曜日(祝日の場合は翌平日)を除く
６月１日～９月３０日
９：００～１７：００",一般の施設利用者との共同利用により最大6人,〇,"第３月曜日(祝日の場合は翌平日)を除く
６月１日～９月３０日
９：００～１７：００",施設内の一部
青梅市,成木市民センター,青梅市成木4-644,https://www.city.ome.tokyo.jp/site/c07/,〇,"第３月曜日(祝日の場合は翌平日)を除く
６月１日～９月３０日
９：００～１７：００",一般の施設利用者との共同利用により最大6人,〇,"第３月曜日(祝日の場合は翌平日)を除く
６月１日～９月３０日
９：００～１７：００",施設内の一部
青梅市,東青梅市民センター,青梅市師岡町3-9-6,https://www.city.ome.tokyo.jp/site/c08/,〇,"第３月曜日(祝日の場合は翌平日)を除く
６月１日～９月３０日
９：００～１７：００",一般の施設利用者との共同利用により最大6人,〇,"第３月曜日(祝日の場合は翌平日)を除く
６月１日～９月３０日
９：００～１７：００",施設内の一部
青梅市,新町市民センター,青梅市新町4-17-1,https://www.city.ome.tokyo.jp/site/c09/,〇,"第３月曜日(祝日の場合は翌平日)を除く
６月１日～９月３０日
９：００～１７：００",一般の施設利用者との共同利用により最大5人,〇,"第３月曜日(祝日の場合は翌平日)を除く
６月１日～９月３０日
９：００～１７：００",施設内の一部
青梅市,河辺市民センター,青梅市河辺町6-18-1,https://www.city.ome.tokyo.jp/site/c10/,〇,"第３月曜日(祝日の場合は翌平日)を除く
６月１日～９月３０日
９：００～１７：００",一般の施設利用者との共同利用により最大20人,〇,"第３月曜日(祝日の場合は翌平日)を除く
６月１日～９月３０日
９：００～１７：００",施設内の一部
青梅市,今井市民センター,青梅市今井2-908-1,https://www.city.ome.tokyo.jp/site/c11/,〇,"第３月曜日(祝日の場合は翌平日)を除く
６月１日～９月３０日
９：００～１７：００",一般の施設利用者との共同利用により最大23人,〇,"第３月曜日(祝日の場合は翌平日)を除く
６月１日～９月３０日
９：００～１７：００",施設内の一部
青梅市,青梅市健康センター,青梅市東青梅1-174-1,https://www.city.ome.tokyo.jp/soshiki/32/,〇,"土日祝日を除く
６月１日～９月３０日
９：００～１７：００",一般の施設利用者との共同利用により最大15人,〇,"土日祝日を除く
６月１日～９月３０日
９：００～１７：００",施設内の一部
青梅市,中央図書館,河辺町10-8-1,https://www.library.ome.tokyo.jp/facility/chuo.html,〇,"毎月第三月曜日・火曜日
（祝日が休館日に当たる時は開館し翌平日）と特別整理期間を除く
６月１日～９月３０日　9:00～20:00",12人,〇,"毎月第三月曜日・火曜日
（祝日が休館日に当たる時は開館し翌平日）と特別整理期間を除く
６月１日～９月３０日　9:00～20:00",施設内の一部
青梅市,青梅図書館,仲町268-9,https://www.library.ome.tokyo.jp/facility/ome.html,〇,"毎月第三月曜日・火曜日
（祝日が休館日に当たる時は開館し翌平日）と特別整理期間を除く
６月１日～９月３０日　9:00～20:00",6人,〇,"毎月第三月曜日・火曜日
（祝日が休館日に当たる時は開館し翌平日）と特別整理期間を除く
６月１日～９月３０日　9:00～20:00",施設内の一部
青梅市,青梅市御岳交流センター,青梅市御岳本町362-8,https://mitakekoryu.com/,,,,〇,"６月１日～９月３０日の
施設の開館日時に準ずる",施設内の一部
青梅市,カインズ　青梅インター店,青梅市新町6-9-4,https://map.cainz.com/detail/296/,〇,"６月１日～９月３０日
９：００～２０：００",20人,〇,"６月１日～９月３０日
９：００～２０：００",２階くまみちコミュニティスペース前
青梅市,イオンスタイル河辺,河辺町10-7-1,https://www.aeon.com/store/%E3%82%A4%E3%82%AA%E3%83%B3/%E3%82%A4%E3%82%AA%E3%83%B3%E3%82%B9%E3%82%BF%E3%82%A4%E3%83%AB%E6%B2%B3%E8%BE%BA/,〇,"６月１日～９月３０日
①9:00～22:00
②10:00～21:00",90人,〇,"６月１日～９月３０日
①9:00～22:00
②10:00～21:00","①２Ｆイートイン
②１Ｆフードコート"
青梅市,富岡1丁目自治会館,青梅市富岡１丁目９３,https://www.city.ome.tokyo.jp/soshiki/30/27739.html,,,,〇,６月１日～９月３０日の毎週月曜日・午前10時〜午後3時​,施設内の一部
青梅市,あぁす薬局,青梅市河辺町８－１３－３３,,,,,〇,"６月１日～９月３０日の
施設の開館日時に準ずる",施設内の一部
青梅市,下長淵第二第四自治会館 ,青梅市長淵２丁目５１９,https://www.city.ome.tokyo.jp/soshiki/30/27739.html,,,,〇,６月１日～９月３０日の第1・3火曜日・午前10時〜午後3時​,施設内の一部
青梅市,今寺第四第五自治会館,青梅市今寺５丁目１２−１３,https://www.city.ome.tokyo.jp/soshiki/30/27739.html,,,,〇,６月１日～９月３０日の第2・4火曜日・午前10時〜午後3時​,施設内の一部
青梅市,アイセイ薬局　野上8番店,青梅市野上町４－８－１,,,,,〇,"６月１日～９月３０日の
施設の開館日時に準ずる",施設内の一部
青梅市,二俣尾4丁目自治会館,青梅市二俣尾4－1089－1,https://www.city.ome.tokyo.jp/soshiki/30/27739.html,,,,〇,６月１日～９月３０日の毎週水曜日・午前10時〜午後3時​,施設内の一部
青梅市,アイン薬局　青梅店,青梅市東青梅４－１７－１８,,,,,〇,"６月１日～９月３０日の
施設の開館日時に準ずる",施設内の一部
青梅市,河辺6丁目自治会館,青梅市河辺町６丁目８−４０,https://www.city.ome.tokyo.jp/soshiki/30/27739.html,,,,〇,６月１日～９月３０日の毎週木曜日・午前10時〜午後3時​,施設内の一部
青梅市,アイン薬局　青梅今寺店,青梅市今寺５－１０,,,,,〇,"６月１日～９月３０日の
施設の開館日時に準ずる",施設内の一部
青梅市,新町七・八・九丁目自治会館,青梅市新町８丁目５−５,https://www.city.ome.tokyo.jp/soshiki/30/27739.html,,,,〇,６月１日～９月３０日の第1・3木曜日・午前10時〜午後3時​,施設内の一部
青梅市,青梅薬剤センター薬局,青梅市東青梅４－１７－３２,https://aoyaku.jp/,,,,〇,"６月１日～９月３０日の
施設の開館日時に準ずる",施設内の一部
青梅市,河辺町四丁目自治会館,青梅市河辺町２丁目１０４２−２,https://www.city.ome.tokyo.jp/soshiki/30/27739.html,,,,〇,"６月１日～９月３０日の
第1・3金曜日・午前10時〜午後3時​",施設内の一部
青梅市,おうめ薬局,青梅市西分町２－５４－３－１,https://ome-pharmacy.com,,,,〇,"６月１日～９月３０日の
施設の開館日時に準ずる",施設内の一部
青梅市,回春堂薬局,青梅市本町１３７,,,,,〇,"６月１日～９月３０日の
施設の開館日時に準ずる",施設内の一部
青梅市,回春堂新町薬局,青梅市新町５－１１－３３,,,,,〇,"６月１日～９月３０日の
施設の開館日時に準ずる",施設内の一部
青梅市,クオール薬局　河辺店,青梅市河辺町５－２１－２－１Ｆ,https://www.qol-net.co.jp/,,,,〇,"６月１日～９月３０日の
施設の開館日時に準ずる",施設内の一部
青梅市,新町薬局,青梅市新町３－５６－７,https://shinmachi-ph.com/,,,,〇,"６月１日～９月３０日の
施設の開館日時に準ずる",施設内の一部
青梅市,しんわ薬局　青梅店,青梅市仲町２５９－１,,,,,〇,"６月１日～９月３０日の
施設の開館日時に準ずる",施設内の一部
青梅市,しんわ薬局　河辺店,青梅市河辺町４－２０－４,https://mdx-yakuzaishi.co.jp/shop/1188/,,,,〇,"６月１日～９月３０日の
施設の開館日時に準ずる",施設内の一部
青梅市,すみれ薬局,青梅市東青梅５－２１－１８,,,,,〇,"６月１日～９月３０日の
施設の開館日時に準ずる",施設内の一部
青梅市,せいめい薬局,青梅市河辺町８－１－３９－１０１,,,,,〇,"６月１日～９月３０日の
施設の開館日時に準ずる",施設内の一部
青梅市,タナカ薬局,青梅市今寺５－１８－３０,,,,,〇,"６月１日～９月３０日の
施設の開館日時に準ずる",施設内の一部
青梅市,てる薬局,青梅市二俣尾４－９５５－１セブンコーポⅠ－１Ｆ,,,,,〇,"６月１日～９月３０日の
施設の開館日時に準ずる",施設内の一部
青梅市,フロイデ薬局,青梅市東青梅２－１１－１柚子の木マンション１Ｆ,,,,,〇,"６月１日～９月３０日の
施設の開館日時に準ずる",施設内の一部
青梅市,みどり薬局　千ヶ瀬,青梅市千ヶ瀬町５－６１０－１９,https://www.mcy.jp/store/chigase/,,,,〇,"６月１日～９月３０日の
施設の開館日時に準ずる",施設内の一部
青梅市,明倫堂薬局,青梅市東青梅４－１７－２８,,,,,〇,"６月１日～９月３０日の
施設の開館日時に準ずる",施設内の一部
青梅市,そうしんホール青梅,青梅市末広町1-2-1,https://www.sohshin.co.jp/oume/,〇,"６月１日～９月３０日
9:00～17:00",5-10人,〇,"６月１日～９月３０日
9:00～17:00",施設内の一部
青梅市,地域支援センター,青梅市東青梅5-22-2,,〇,"土日祝日を除く
６月１日～９月３０日
8:30～17:00",3人,,,施設内の一部
青梅市,アイセイ薬局野上店,青梅市野上町４－１－１０ながさわ第一ビル,,,,,〇,施設の開館日時に準ずる,施設内の一部
青梅市,中川薬局東青梅店,青梅市東青梅１－７－６,,,,,〇,施設の開館日時に準ずる,施設内の一部
青梅市,長淵薬局,青梅市長淵４－３９３－６,,,,,〇,施設の開館日時に準ずる,施設内の一部
青梅市,今井柳田自治会館,今井１－４３５,,,,,〇,施設の開館日時に準ずる,施設内の一部
青梅市,かささぎ薬局,師岡４－１－１０,,,,,〇,施設の開館日時に準ずる,施設内の一部
府中市,市庁舎「おもや」,府中市宮西町2-24,https://www.city.fuchu.tokyo.jp/shisetu/chosha/honcho.html,〇,平日8:30～17:00,―,〇,平日8:30～17:00,1階ロビーなど
府中市,"府中市市民活動センター
「プラッツ」","府中市宮町1-100
ル・シーニュ5、6階",https://www.fuchu-platz.jp/,〇,8:30～22:00,50名,〇,8:30～22:00,"5階　市民活動交流スペース、情報雑誌コーナー
6階　休憩スペース、青少年・コワーキングスペース"
府中市,中央文化センター,府中市府中町2-25,https://www.city.fuchu.tokyo.jp/shisetu/komyunite/senta/chuo.html,〇,休館日を除き毎日、8:30～21:00,3～5名,〇,休館日を除き毎日、8:30～21:00,1階ロビー
府中市,白糸台文化センター,府中市白糸台1-60,https://www.city.fuchu.tokyo.jp/shisetu/komyunite/senta/shiraitodai.html,〇,休館日を除き毎日、8:30～21:00,3～5名,〇,休館日を除き毎日、8:30～21:00,1階ロビー
府中市,西府文化センター,府中市西府町1-60,https://www.city.fuchu.tokyo.jp/shisetu/komyunite/senta/nishifu.html,〇,休館日を除き毎日、8:30～21:00,3～5名,〇,休館日を除き毎日、8:30～21:00,1階ロビー
府中市,武蔵台文化センター,府中市武蔵台2-2,https://www.city.fuchu.tokyo.jp/shisetu/komyunite/senta/musashidai.html,〇,休館日を除き毎日、8:30～21:00,3～5名,〇,"休館日を除き毎日
8:30～21:00",1階ロビー
府中市,新町文化センター,府中市新町1-66,https://www.city.fuchu.tokyo.jp/shisetu/komyunite/senta/shinmachi.html,〇,休館日を除き毎日、8:30～21:00,3～5名,〇,"休館日を除き毎日
8:30～21:00",1階ロビー
府中市,住吉文化センター,府中市住吉町1-61,https://www.city.fuchu.tokyo.jp/shisetu/komyunite/senta/sumiyoshi.html,〇,休館日を除き毎日、8:30～21:00,3～5名,〇,"休館日を除き毎日
8:30～21:00",1階ロビー
府中市,是政文化センター,府中市是政2-20,https://www.city.fuchu.tokyo.jp/shisetu/komyunite/senta/koremasa.html,〇,休館日を除き毎日、8:30～21:00,3～5名,〇,"休館日を除き毎日
8:30～21:00",1階ロビー
府中市,紅葉丘文化センター,府中市紅葉丘2-1,https://www.city.fuchu.tokyo.jp/shisetu/komyunite/senta/momijigaoka.html,〇,休館日を除き毎日、8:30～21:00,3～5名,〇,"休館日を除き毎日
8:30～21:00",1階ロビー
府中市,押立文化センター,府中市押立町5-4,https://www.city.fuchu.tokyo.jp/shisetu/komyunite/senta/oshitate.html,〇,休館日を除き毎日、8:30～21:00,3～5名,〇,"休館日を除き毎日
8:30～21:00",1階ロビー
府中市,四谷文化センター,府中市四谷2-75,https://www.city.fuchu.tokyo.jp/shisetu/komyunite/senta/yotuya.html,〇,休館日を除き毎日、8:30～21:00,3～5名,〇,"休館日を除き毎日
8:30～21:00",1階ロビー
府中市,片町文化センター,府中市片町2-17,https://www.city.fuchu.tokyo.jp/shisetu/komyunite/senta/katamachi.html,〇,休館日を除き毎日、8:30～21:00,3～5名,〇,"休館日を除き毎日
8:30～21:00",1階ロビー
府中市,"男女共同参画センター
「フチュール」","府中市住吉町1-84
ステーザ府中中河原4階",https://www.city.fuchu.tokyo.jp/shisetu/komyunite/wcenter/danzyokoyoudou.html,〇,9:00～22:00 （年末年始・休館日除く）,5名程度,〇,9:00～22:00 （年末年始・休館日除く）,ロビー
府中市,むさし府中商工会議所会館,府中市緑町3-5-2,https://www.tama5cci.or.jp/chamber/,〇,平日8:30～17:00,6名,〇,平日8:30～17:00,1Fロビー
府中市,郷土の森観光物産館,府中市是政6-32-10,https://www.city.fuchu.tokyo.jp/kanko/shisetsu/kankoubussankan.html,〇,"10:00～18:00(季節により変更有)
【休館日】月曜日(休日・祝日のときは、その翌日)、年末年始
※その他に臨時休館日があります",80名,〇,"10:00～18:00(季節により変更有)
【休館日】月曜日(休日・祝日のときは、その翌日)、年末年始
※その他に臨時休館日があります",施設内
府中市,府中市生涯学習センター,府中市浅間町1-7,https://fuchu.shogaigakushu.jp/,〇,"9:00～22:00
※定休日（毎月第1月曜日）を除く",約50名,〇,"9:00～22:00
※定休日（毎月第1月曜日）を除く",1Fアトリウム
府中市,府中市市民会館,府中市府中町2-24,https://www.lumiere-fuchu.jp/,〇,"9:00～22:00
※休館日を除く",約50名,〇,"9:00～22:00
※休館日を除く",1F・2Fエントランスロビー
府中市,府中市立総合体育館,府中市矢崎町5-5,https://www.city.fuchu.tokyo.jp/shisetu/supotu/taikukan/sogo/sogo.html,〇,9:00～21:00（年間50日程度休館日あり）,20名,〇,9:00～21:00（年間50日程度休館日あり）,1Fエントランス
府中市,府中市立中央図書館,府中市府中町2-24,https://library.city.fuchu.tokyo.jp,〇,9:00～22:00（休館日は除く。）,図書館利用に支障が生じない名数,〇,9:00～22:00（休館日は除く。）,館内
府中市,府中市美術館,府中市浅間町1-3,https://www.city.fuchu.tokyo.jp/art/,〇,10:00～17:00（祝日を除く月曜日、展示替え期間、年末年始、特定日は休館）,10名,〇,10:00～17:00（祝日を除く月曜日、展示替え期間、年末年始、特定日は休館）,エントランスロビー
府中市,府中市立ふれあい会館,府中市府中町1-30,https://www.city.fuchu.tokyo.jp/shisetu/fukushi/chiki/fureai.html,〇,"月曜～土曜日（9:00～21:00）
（但し、年末年始、祝日、臨時休館日は休み）",5名未満,〇,"月曜～土曜日（9:00～21:00）
（但し、年末年始、祝日、臨時休館日は休み）",1階自販機前（検討中）
府中市,地域包括支援センターよつや苑,府中市四谷3-66,https://www.city.fuchu.tokyo.jp/shisetu/fukushi/chikihoukatu/yotsuya.html,〇,8:30～17:00,1～3名,〇,8:30～17:00,利用者状況による
府中市,地域包括支援センターおしたて,府中市押立2-26-23,https://www.city.fuchu.tokyo.jp/shisetu/fukushi/chikihoukatu/oshitate.html,〇,8:30～17:00,1～3名,〇,8:30～17:00,利用者状況による
府中市,府中市立介護予防推進センター,府中市分梅町1-31,https://fcksc.org,〇,9:00～18:00,50名,〇,9:00～18:00,4F交流サロン・情報室
府中市,"地域生活支援センター
「あけぼの」","府中市寿町3‐9‐11
山上ビル1階",https://www.city.fuchu.tokyo.jp/shisetu/fukushi/fukushi/akebono.html,〇,月曜日・水曜日・金曜日10:00～19:00、火曜日・木曜日・日曜日10:00～17:00、※土曜日、第1・3日曜日、祝日、振替休日、年末年始は休館,会議室が空いていれば10名程度,〇,月曜日・水曜日・金曜日10:00～19:00、火曜日・木曜日・日曜日10:00～17:00、※土曜日、第1・3日曜日、祝日、振替休日、年末年始は休館,1階ロビー、会議室
府中市,府中市立心身障害者福祉センター,府中市南町5-38　,https://www.city.fuchu.tokyo.jp/kenko/shogai/arukata/chiki.html,〇,月・水・金・土（第1・3）9:00～17:00、火・木曜日9:00～19:00,25名,〇,月・水・金・土（第1・3）9:00～17:00、火・木曜日9:00～19:00,1階ロビー
府中市,府中市保健センター,府中市府中町2-25,https://www.city.fuchu.tokyo.jp/kenko/kenko/centerhokenjo/kyushiminiryo.html,〇,平日8:30～17:00,5名,〇,平日8:30～17:00,1階ロビー
府中市,"子ども家庭支援センター
「たっち」","府中市宮町1-50
くるる3階",https://www.city.fuchu.tokyo.jp/shisetu/kosodate/shien/tatti/tacchi.html,〇,10:00～20:00,5名,〇,10:00～20:00,東側情報コーナー
府中市,武蔵野の森公園,府中市朝日町3-5-12,https://www.tokyo-park.or.jp/park/musashino-no-mori/,〇,休館日:年末年始、利用時間 10:00～16:00,10名,〇,休館日:年末年始、利用時間 10:00～16:00,のびのび親子館
府中市,府中の森公園,府中市浅間町1-3-1,https://www.tokyo-park.or.jp/park/fuchunomori/,,,,〇,"※水遊びができる屋外のスポットで、屋内施設ではありません。
未定、※電力ひっ迫時は運用を停止する可能性があります。",流れ・じゃぶじゃぶ池
府中市,武蔵野公園,府中市多磨町2-24-1,https://musashinoparks.com/kouen/musasino/,,,,〇,"※水遊びができる屋外のスポットで、屋内施設ではありません。
未定、※電力ひっ迫時は運用を停止する可能性があります。",武蔵野の泉(じゃぶじゃぶ池)
府中市,ふるさと府中歴史館,府中市宮町3ｰ1,https://www.city.fuchu.tokyo.jp/cp_fuchu/shisetu/komyunite/gekijo/hurusatorekisikann.html,〇,月曜日(祝日の場合は火曜日）を除く9:00から17:00まで,3名,〇,月曜日(祝日の場合は火曜日）を除く9:00から17:00まで,東玄関入って左側の映像展示スペース
府中市,武蔵府中熊野神社古墳展示館,府中市西府町2ｰ9,https://www.city.fuchu.tokyo.jp/shisetu/komyunite/gekijo/kumanokofun_tenjikan.html,〇,月曜日(祝日の場合は火曜日）を除く9:00から17:00まで,3名,〇,月曜日(祝日の場合は火曜日）を除く9:00から17:00まで,2階ロビー
府中市,府中市子ども発達支援センター,府中市矢崎町1-12,https://www.city.fuchu.tokyo.jp/shisetu/fukushi/habataki.html,〇,"平日9:00～17:00（水曜日は9:00～19:00）、第2第4土曜日9:00～12:00。休館日は土曜日（第2・第4土曜日を除く）、日曜日、祝日、年末年始(12月29日から1月3日まで）。
また次の留意事項を順守のこと。　　
・受付に声掛けしてから利用する
・雑談や長時間の利用は不可(20分程度)",2名,〇,"平日9:00～17:00（水曜日は9:00～19:00）、第2第4土曜日9:00～12:00。休館日は土曜日（第2・第4土曜日を除く）、日曜日、祝日、年末年始(12月29日から1月3日まで）。
また次の留意事項を順守のこと。　　
・受付に声掛けしてから利用する
・雑談や長時間の利用は不可(20分程度)",1階自動販売機設置場所（専用エアコン無）
府中市,府中の森芸術劇場,東京都府中市浅間町1-2,https://www.fuchu-cpf.or.jp/theater/,〇,"9:00～22:00
※休館日を除く",10名,〇,"9:00～22:00
※休館日を除く","地下１階ロビー
１階通路
２階回廊"
府中市,地域包括支援センター白糸台,府中市白糸台3-40-6,https://www.city.fuchu.tokyo.jp/shisetu/fukushi/chikihoukatu/shiraitodai.html,〇,8:30～17:00,1～3名,〇,8:30～17:00,利用者状況による
府中市,府中美好郵便局,府中市美好町2-12-5,https://www.post.japanpost.jp/,〇,"平日　午前10時～午後3時（土日祝日除く）のうち郵便局の営業時間内とする
（開放可能時間内であっても、正当な理由により一時的に営業時間を変更、又は営業を休止する場合があるもの）",2名,〇,"平日　午前10時～午後3時（土日祝日除く）のうち郵便局の営業時間内とする
（開放可能時間内であっても、正当な理由により一時的に営業時間を変更、又は営業を休止する場合があるもの）",1階お客様ルーム
府中市,府中北山郵便局,府中市北山町2-8-11,https://www.post.japanpost.jp/,〇,"平日　午前10時～午後3時（土日祝日除く）のうち郵便局の営業時間内とする
（開放可能時間内であっても、正当な理由により一時的に営業時間を変更、又は営業を休止する場合があるもの）",2名,〇,"平日　午前10時～午後3時（土日祝日除く）のうち郵便局の営業時間内とする
（開放可能時間内であっても、正当な理由により一時的に営業時間を変更、又は営業を休止する場合があるもの）",1階お客様ルーム
府中市,府中中河原郵便局,府中市住吉町2-11-11,https://www.post.japanpost.jp/,〇,"平日　午前10時～午後3時（土日祝日除く）のうち郵便局の営業時間内とする
（開放可能時間内であっても、正当な理由により一時的に営業時間を変更、又は営業を休止する場合があるもの）",2名,〇,"平日　午前10時～午後3時（土日祝日除く）のうち郵便局の営業時間内とする
（開放可能時間内であっても、正当な理由により一時的に営業時間を変更、又は営業を休止する場合があるもの）",1階お客様ルーム
府中市,府中日新郵便局,府中市日新町1-5-3,https://www.post.japanpost.jp/,〇,"平日　午前10時～午後3時（土日祝日除く）のうち郵便局の営業時間内とする
（開放可能時間内であっても、正当な理由により一時的に営業時間を変更、又は営業を休止する場合があるもの）",2名,〇,"平日　午前10時～午後3時（土日祝日除く）のうち郵便局の営業時間内とする
（開放可能時間内であっても、正当な理由により一時的に営業時間を変更、又は営業を休止する場合があるもの）",1階お客様ルーム
府中市,府中本町二郵便局,府中市本町2-20-16,https://www.post.japanpost.jp/,〇,"平日　午前10時～午後3時（土日祝日除く）のうち郵便局の営業時間内とする
（開放可能時間内であっても、正当な理由により一時的に営業時間を変更、又は営業を休止する場合があるもの）",2名,〇,"平日　午前10時～午後3時（土日祝日除く）のうち郵便局の営業時間内とする
（開放可能時間内であっても、正当な理由により一時的に営業時間を変更、又は営業を休止する場合があるもの）",1階お客様ルーム
府中市,府中四谷郵便局,府中市四谷3-27-26,https://www.post.japanpost.jp/,〇,"平日　午前10時～午後3時（土日祝日除く）のうち郵便局の営業時間内とする
（開放可能時間内であっても、正当な理由により一時的に営業時間を変更、又は営業を休止する場合があるもの）",2名,〇,"平日　午前10時～午後3時（土日祝日除く）のうち郵便局の営業時間内とする
（開放可能時間内であっても、正当な理由により一時的に営業時間を変更、又は営業を休止する場合があるもの）",1階お客様ルーム
府中市,府中分梅郵便局,府中市分梅町2-43-12,https://www.post.japanpost.jp/,〇,"平日　午前10時～午後3時（土日祝日除く）のうち郵便局の営業時間内とする
（開放可能時間内であっても、正当な理由により一時的に営業時間を変更、又は営業を休止する場合があるもの）",2名,〇,"平日　午前10時～午後3時（土日祝日除く）のうち郵便局の営業時間内とする
（開放可能時間内であっても、正当な理由により一時的に営業時間を変更、又は営業を休止する場合があるもの）",1階お客様ルーム
府中市,府中片町郵便局,府中市片町1-19-7,https://www.post.japanpost.jp/,〇,"平日　午前10時～午後3時（土日祝日除く）のうち郵便局の営業時間内とする
（開放可能時間内であっても、正当な理由により一時的に営業時間を変更、又は営業を休止する場合があるもの）",2名,〇,"平日　午前10時～午後3時（土日祝日除く）のうち郵便局の営業時間内とする
（開放可能時間内であっても、正当な理由により一時的に営業時間を変更、又は営業を休止する場合があるもの）",1階お客様ルーム
府中市,府中西府町郵便局,府中市西府町3-13-1,https://www.post.japanpost.jp/,〇,"平日　午前10時～午後3時（土日祝日除く）のうち郵便局の営業時間内とする
（開放可能時間内であっても、正当な理由により一時的に営業時間を変更、又は営業を休止する場合があるもの）",2名,〇,"平日　午前10時～午後3時（土日祝日除く）のうち郵便局の営業時間内とする
（開放可能時間内であっても、正当な理由により一時的に営業時間を変更、又は営業を休止する場合があるもの）",1階お客様ルーム
府中市,府中日鋼町郵便局,府中市日鋼町1-1,https://www.post.japanpost.jp/,〇,"平日　午前10時～午後3時（土日祝日除く）のうち郵便局の営業時間内とする
（開放可能時間内であっても、正当な理由により一時的に営業時間を変更、又は営業を休止する場合があるもの）",2名,〇,"平日　午前10時～午後3時（土日祝日除く）のうち郵便局の営業時間内とする
（開放可能時間内であっても、正当な理由により一時的に営業時間を変更、又は営業を休止する場合があるもの）",1階お客様ルーム
府中市,府中白糸台郵便局,府中市白糸台2-1-2,https://www.post.japanpost.jp/,〇,"平日　午前10時～午後3時（土日祝日除く）のうち郵便局の営業時間内とする
（開放可能時間内であっても、正当な理由により一時的に営業時間を変更、又は営業を休止する場合があるもの）",2名,〇,"平日　午前10時～午後3時（土日祝日除く）のうち郵便局の営業時間内とする
（開放可能時間内であっても、正当な理由により一時的に営業時間を変更、又は営業を休止する場合があるもの）",1階お客様ルーム
府中市,府中八幡宿郵便局,府中市八幡町1-13-1,https://www.post.japanpost.jp/,〇,"平日　午前10時～午後3時（土日祝日除く）のうち郵便局の営業時間内とする
（開放可能時間内であっても、正当な理由により一時的に営業時間を変更、又は営業を休止する場合があるもの）",2名,〇,"平日　午前10時～午後3時（土日祝日除く）のうち郵便局の営業時間内とする
（開放可能時間内であっても、正当な理由により一時的に営業時間を変更、又は営業を休止する場合があるもの）",1階お客様ルーム
府中市,府中学園通郵便局,府中市天神町3-12-32,https://www.post.japanpost.jp/,〇,"平日　午前10時～午後3時（土日祝日除く）のうち郵便局の営業時間内とする
（開放可能時間内であっても、正当な理由により一時的に営業時間を変更、又は営業を休止する場合があるもの）",2名,〇,"平日　午前10時～午後3時（土日祝日除く）のうち郵便局の営業時間内とする
（開放可能時間内であっても、正当な理由により一時的に営業時間を変更、又は営業を休止する場合があるもの）",1階お客様ルーム
府中市,府中清水が丘郵便局,府中市清水が丘2-3-12,https://www.post.japanpost.jp/,〇,"平日　午前10時～午後3時（土日祝日除く）のうち郵便局の営業時間内とする
（開放可能時間内であっても、正当な理由により一時的に営業時間を変更、又は営業を休止する場合があるもの）",2名,〇,"平日　午前10時～午後3時（土日祝日除く）のうち郵便局の営業時間内とする
（開放可能時間内であっても、正当な理由により一時的に営業時間を変更、又は営業を休止する場合があるもの）",1階お客様ルーム
府中市,府中紅葉丘郵便局,府中市紅葉丘3-37-2,https://www.post.japanpost.jp/,〇,"平日　午前10時～午後3時（土日祝日除く）のうち郵便局の営業時間内とする
（開放可能時間内であっても、正当な理由により一時的に営業時間を変更、又は営業を休止する場合があるもの）",2名,〇,"平日　午前10時～午後3時（土日祝日除く）のうち郵便局の営業時間内とする
（開放可能時間内であっても、正当な理由により一時的に営業時間を変更、又は営業を休止する場合があるもの）",1階お客様ルーム
府中市,府中是政郵便局,府中市是政3-34-6,https://www.post.japanpost.jp/,〇,"平日　午前10時～午後3時（土日祝日除く）のうち郵便局の営業時間内とする
（開放可能時間内であっても、正当な理由により一時的に営業時間を変更、又は営業を休止する場合があるもの）",2名,〇,"平日　午前10時～午後3時（土日祝日除く）のうち郵便局の営業時間内とする
（開放可能時間内であっても、正当な理由により一時的に営業時間を変更、又は営業を休止する場合があるもの）",1階お客様ルーム
府中市,府中栄町郵便局,府中市栄町2-10-12,https://www.post.japanpost.jp/,〇,"平日　午前10時～午後3時（土日祝日除く）のうち郵便局の営業時間内とする
（開放可能時間内であっても、正当な理由により一時的に営業時間を変更、又は営業を休止する場合があるもの）",2名,〇,"平日　午前10時～午後3時（土日祝日除く）のうち郵便局の営業時間内とする
（開放可能時間内であっても、正当な理由により一時的に営業時間を変更、又は営業を休止する場合があるもの）",1階お客様ルーム
府中市,府中小柳町郵便局,府中市小柳町5-36-12,https://www.post.japanpost.jp/,〇,"平日　午前10時～午後3時（土日祝日除く）のうち郵便局の営業時間内とする
（開放可能時間内であっても、正当な理由により一時的に営業時間を変更、又は営業を休止する場合があるもの）",2名,〇,"平日　午前10時～午後3時（土日祝日除く）のうち郵便局の営業時間内とする
（開放可能時間内であっても、正当な理由により一時的に営業時間を変更、又は営業を休止する場合があるもの）",1階お客様ルーム
府中市,府中車返団地内郵便局,府中市白糸台5-25-1,https://www.post.japanpost.jp/,〇,"平日　午前10時～午後3時（土日祝日除く）のうち郵便局の営業時間内とする
（開放可能時間内であっても、正当な理由により一時的に営業時間を変更、又は営業を休止する場合があるもの）",2名,〇,"平日　午前10時～午後3時（土日祝日除く）のうち郵便局の営業時間内とする
（開放可能時間内であっても、正当な理由により一時的に営業時間を変更、又は営業を休止する場合があるもの）",1階お客様ルーム
府中市,府中浅間郵便局,府中市浅間町2-12-2,https://www.post.japanpost.jp/,〇,"平日　午前10時～午後3時（土日祝日除く）のうち郵便局の営業時間内とする
（開放可能時間内であっても、正当な理由により一時的に営業時間を変更、又は営業を休止する場合があるもの）",2名,〇,"平日　午前10時～午後3時（土日祝日除く）のうち郵便局の営業時間内とする
（開放可能時間内であっても、正当な理由により一時的に営業時間を変更、又は営業を休止する場合があるもの）",1階お客様ルーム
府中市,府中若松町郵便局,府中市若松町4-37-49,https://www.post.japanpost.jp/,〇,"平日　午前10時～午後3時（土日祝日除く）のうち郵便局の営業時間内とする
（開放可能時間内であっても、正当な理由により一時的に営業時間を変更、又は営業を休止する場合があるもの）",2名,〇,"平日　午前10時～午後3時（土日祝日除く）のうち郵便局の営業時間内とする
（開放可能時間内であっても、正当な理由により一時的に営業時間を変更、又は営業を休止する場合があるもの）",1階お客様ルーム
府中市,府中三郵便局,府中市府中町3-5-24,https://www.post.japanpost.jp/,〇,"平日　午前10時～午後3時（土日祝日除く）のうち郵便局の営業時間内とする
（開放可能時間内であっても、正当な理由により一時的に営業時間を変更、又は営業を休止する場合があるもの）",2名,〇,"平日　午前10時～午後3時（土日祝日除く）のうち郵便局の営業時間内とする
（開放可能時間内であっても、正当な理由により一時的に営業時間を変更、又は営業を休止する場合があるもの）",1階お客様ルーム
府中市,武蔵府中郵便局,府中市寿町1-7,https://www.post.japanpost.jp/,〇,"平日　午前10時～午後3時（土日祝日除く）のうち郵便局の営業時間内とする
（開放可能時間内であっても、正当な理由により一時的に営業時間を変更、又は営業を休止する場合があるもの）",3名,〇,"平日　午前10時～午後3時（土日祝日除く）のうち郵便局の営業時間内とする
（開放可能時間内であっても、正当な理由により一時的に営業時間を変更、又は営業を休止する場合があるもの）",1階窓口ロビー
府中市,東京多摩郵便局,府中市南町4-40-35,https://www.post.japanpost.jp/,〇,"平日　午前10時～午後3時（土日祝日除く）のうち郵便局の営業時間内とする
（開放可能時間内であっても、正当な理由により一時的に営業時間を変更、又は営業を休止する場合があるもの）",3名,〇,"平日　午前10時～午後3時（土日祝日除く）のうち郵便局の営業時間内とする
（開放可能時間内であっても、正当な理由により一時的に営業時間を変更、又は営業を休止する場合があるもの）",1階窓口ロビー
府中市,ウエルシア薬局府中是政店,府中市是政2-4-2,https://www.welcia-yakkyoku.co.jp/,〇,9:00～20:00(日曜・祝日の15:00～16:00を除く),2名,〇,9:00～20:00(日曜・祝日の15:00～16:00を除く),調剤待合の一部
府中市,ウエルシア薬局府中天神店,府中市天神町3-12-6,https://www.welcia-yakkyoku.co.jp/,〇,9:00～20:00(日曜・祝日は10:00～13:00、14:00～19:00に限る）,2名,〇,9:00～20:00(日曜・祝日は10:00～13:00、14:00～19:00に限る）,調剤待合の一部
府中市,ウエルシア薬局府中白糸台店,府中市白糸台3-37-12,https://www.welcia-yakkyoku.co.jp/,〇,月～土曜の9:00～20:00（ただし祝日を除く）、および日曜日9:00～13:00、14:00～17:00）,2名,〇,月～土曜の9:00～20:00（ただし祝日を除く）、および日曜日9:00～13:00、14:00～17:00）,調剤待合の一部
府中市,ウエルシア薬局府中町2丁目店,府中市府中町2-9-5,https://www.welcia-yakkyoku.co.jp/,〇,月曜～土曜の9:00～20:00（木曜の14:00～15:00、土曜の19:00～20:00、祝日を除く）,2名,〇,月曜～土曜の9:00～20:00（木曜の14:00～15:00、土曜の19:00～20:00、祝日を除く）,調剤待合の一部
府中市,ウエルシア薬局ミッテン府中店,府中市宮町1-41-2ミッテン府中B1階,https://www.welcia-yakkyoku.co.jp/,〇,10:00～21:00,2名,〇,10:00～21:00,調剤待合の一部
府中市,アイン薬局府中日鋼町店,府中市日鋼町1-1 ヒューリック府中タワー１F,,,,,〇,営業時間に準ずる,
府中市,アポロン薬局車返店,府中市白糸台5-24-1 フジビル１F,,,,,〇,営業時間に準ずる,
府中市,アポロン薬局武蔵野台駅前店,府中市白糸台4-13-10,,,,,〇,営業時間に準ずる,
府中市,ウェルパーク調剤薬局府中駅前店,府中市府中町1-6-2,,,,,〇,営業時間に準ずる,
府中市,こぐま薬局白糸台店,府中市白糸台2-10-33 メゾンヴｪルソー102,,,,,〇,営業時間に準ずる,
府中市,小山薬局,府中市住吉町5-16-1,,,,,〇,営業時間に準ずる,
府中市,しんわ薬局西原町店,府中市西原町2-18-1 マツシマビル1F,,,,,〇,営業時間に準ずる,
府中市,しんわ薬局寿町店,府中市寿町1-3-10-101,,,,,〇,営業時間に準ずる,
府中市,しんわ薬局けやき通り店,府中市寿町1-4-18,,,,,〇,営業時間に準ずる,
府中市,しんわ薬局府中警察署前店,府中市府中町2-9-16　ウェル－チアビル１F,,,,,〇,営業時間に準ずる,
府中市,ノムラ薬局在宅調剤センター府中店,府中市白糸台4-16-6,,,,,〇,営業時間に準ずる,
府中市,ふくろう薬局,府中市新町1-60-5,,,,,〇,営業時間に準ずる,
府中市,府中西薬局,府中市日新町5-42-16,,,,,〇,営業時間に準ずる,
府中市,あさひ薬局,府中市住吉町5-2-2　矢部ビル1F,,,,,〇,営業時間に準ずる,
府中市,堀内調剤薬局,府中市新町1-56-2,,,,,〇,営業時間に準ずる,
府中市,ヤマグチ薬局中河原店,府中市南町4-43-1　サザンレイジェンス１F,,,,,〇,営業時間に準ずる,
府中市,ワコー薬局,府中市浅間町2-9-20,,,,,〇,営業時間に準ずる,
府中市,けやき薬局　幸町,府中市幸町2-13-10,,,,,〇,営業時間に準ずる,
府中市,わたなべ調剤薬局,府中市宮西町5-2-11　マーベラス府中宮西町1階,,,,,〇,営業時間に準ずる,
府中市,サンドラッグ中河原薬局,府中市住吉町5-17-32,,,,,〇,営業時間に準ずる,
府中市,小田薬局,府中市押立町4-9-9,,,,,〇,営業時間に準ずる,
府中市,しんわ薬局　東府中店,若松町1-5-18 パークエレメント府中,,,,,〇,営業時間に準ずる,
府中市,"田辺薬局
府中駅前店",府中市1-12-7センタービル301号,,,,,〇,営業時間に準ずる,
府中市,調剤薬局ながしま,府中市寿町1-1-3三ツ木寿町ビル1階,,,,,〇,営業時間に準ずる,
府中市,"クリエイト薬局
府中白糸台店",白糸台2-10-33メゾン・ヴェルソー102,,,,,〇,営業時間に準ずる,
府中市,コアラ薬局,府中市住吉町2-15-9アローヒルズ府中1階1-C1号室,,,,,〇,営業時間に準ずる,
府中市,府中薬局,宮町1-100ル・シーニュ2F,,,,,〇,営業時間に準ずる,
府中市,"なでしこ薬局
是政店",府中市是政5-2-31 1F,,,,,〇,営業時間に準ずる,
府中市,"サザン調剤薬局
美好町店",府中市美好町3-31-4,,,,,〇,営業時間に準ずる,
府中市,"しんわ薬局
栄町店",府中市栄町2-10-28,,,,,〇,営業時間に準ずる,
府中市,地域包括支援センターあさひ苑,府中市朝日町3-17-1,https://www.city.fuchu.tokyo.jp/shisetu/fukushi/chikihoukatu/asahi.html,〇,8:30～17:00,1～3名,〇,8:30～17:00,利用者状況による
昭島市,ミニ水族館 多摩川ふれあい水族館,昭島市宮沢町3-15-1 多摩川上流水再生センター内,https://www.gesui.metro.tokyo.lg.jp/business/b4/guide/s-fureai/index.html,,,,〇,"休館日：土・日・休日・年末年始
開館時間　9:00～16:00",館内（本館1階）
昭島市,市役所本庁舎,昭島市田中町1-17-1,https://www.city.akishima.lg.jp/map/010/010/010/20140821120856.html,〇,平日8:30～17:15,40名,〇,"施設の開庁・開館中
（クーリングシェルター開設期間と同期間開放）",フリースペース
昭島市,松原町コミュニティセンター,昭島市松原町1-3-10,https://www.city.akishima.lg.jp/s036/030/020/20141007174823.html,〇,9:00～22:00（第４火曜日、年末年始を除く） ,8名,〇,"施設の開庁・開館中
（クーリングシェルター開設期間と同期間開放）",フリースペース
昭島市,勤労商工市民センター,昭島市昭和町3-10-2,https://www.city.akishima.lg.jp/shisei/shisetsu/1008431/1007675.html,〇,8:30～22：00（第１・第３水曜日、年末年始を除く）,22名,〇,"施設の開庁・開館中
（クーリングシェルター開設期間と同期間開放）",フリースペース
昭島市,保健福祉センター（あいぽっく）,昭島市昭和町4-7-1,https://www.city.akishima.lg.jp/kenko/center/1007508.html,〇,"午前8：30～午後9：00

（以下が休館日です）
第2・第4日曜日、祝日、12月28日から翌年1月4日
※改修工事に伴い、令和8年2月21日から令和10年3月まで休館予定",10名程度,〇,"施設の開庁・開館中
（クーリングシェルター開設期間と同期間開放）",フリースペース
昭島市,拝島町高齢者福祉センター,昭島市拝島町3-10-4,https://www.city.akishima.lg.jp/s053/010/020/040/20140905153410.html,〇,8:30～17:00（祝日、年末年始を除く）,21名,〇,"施設の開庁・開館中
（クーリングシェルター開設期間と同期間開放）",フリースペース
昭島市,児童センター（ぱれっと）,昭島市つつじが丘2-3-21,https://www.city.akishima.lg.jp/li/020/010/190/,〇,"夏期休業中は利用児童の人数が多いため受入れは難しいが、空いているスペースがある場合のみ可能。
開放時間　9：00～21：00
第二日曜日・祝日・年末年始休館",2～3名,〇,"施設の開庁・開館中
（クーリングシェルター開設期間と同期間開放）",フリースペース
昭島市,青少年交流センター,昭島市昭和町1-6-11,https://www.city.akishima.lg.jp/s065/020/020/020/20160119100458.html,〇,"第三火曜日・年末年始休館
開放時間　9：00～21：00","6～8名程度（1階オープンスペース）
8～10名程度（1階フリースペース）",〇,"施設の開庁・開館中
（クーリングシェルター開設期間と同期間開放）",フリースペース
昭島市,環境コミュニケーションセンター,昭島市美堀町3-8-1,https://www.city.akishima.lg.jp/s071/020/010/030/020/20140918134944.html,〇,8:30～22:00（年末年始を除く）,17名,〇,"施設の開庁・開館中
（クーリングシェルター開設期間と同期間開放）",フリースペース
昭島市,福島会館,昭島市福島町1-19-1,https://www.city.akishima.lg.jp/s122/040/020/070/010/20140912160740.html,〇,火～日9：00～22：00、月・祝日・月が祝日の場合の翌平日9：00～17：00（第２月を除く）,12名（＋空室定員）,〇,"施設の開庁・開館中
（クーリングシェルター開設期間と同期間開放）",フリースペース
昭島市,大神会館,昭島市大神町3-10-5,https://www.city.akishima.lg.jp/s122/040/020/070/010/20140912160740.html,〇,火～日9：00～22：00、月・祝日・月が祝日の場合の翌平日9：00～17：00（第２月を除く）,4名（＋空室定員）,〇,"施設の開庁・開館中
（クーリングシェルター開設期間と同期間開放）",フリースペース
昭島市,昭和会館,昭島市松原町1-2-25,https://www.city.akishima.lg.jp/s122/040/020/070/010/20140912160740.html,〇,火～日9：00～22：00、月・祝日・月が祝日の場合の翌平日9：00～17：00（第２月を除く）,4名（＋空室定員）,〇,"施設の開庁・開館中
（クーリングシェルター開設期間と同期間開放）",フリースペース
昭島市,やまのかみ会館,昭島市拝島町3-10-3,https://www.city.akishima.lg.jp/s122/040/020/070/010/20140912160740.html,〇,火～日9：00～22：00、月・祝日・月が祝日の場合の翌平日9：00～17：00（第２月を除く）,12名（＋空室定員）,〇,"施設の開庁・開館中
（クーリングシェルター開設期間と同期間開放）",フリースペース
昭島市,富士見会館,昭島市中神町1282,https://www.city.akishima.lg.jp/s122/040/020/070/010/20140912160740.html,〇,火～日9：00～22：00、月・祝日・月が祝日の場合の翌平日9：00～17：00（第２月を除く）,3名（＋空室定員）,〇,"施設の開庁・開館中
（クーリングシェルター開設期間と同期間開放）",フリースペース
昭島市,玉川会館,昭島市玉川町3-10-15,https://www.city.akishima.lg.jp/s122/040/020/070/010/20140912160740.html,〇,火～日9：00～22：00、月・祝日・月が祝日の場合の翌平日9：00～17：00（第４月を除く）,４名（＋空室定員）,〇,"施設の開庁・開館中
（クーリングシェルター開設期間と同期間開放）",フリースペース
昭島市,朝日会館, 昭島市朝日町5-6-20,https://www.city.akishima.lg.jp/s122/040/020/070/010/20140912160740.html,〇,火～日9：00～22：00、月・祝日・月が祝日の場合の翌平日9：00～17：00（第４月を除く）,12名（＋空室定員）,〇,"施設の開庁・開館中
（クーリングシェルター開設期間と同期間開放）",フリースペース
昭島市,堀向会館,昭島市美堀町2-6-11,https://www.city.akishima.lg.jp/s122/040/020/070/010/20140912160740.html,〇,火～日9：00～22：00、月・祝日・月が祝日の場合の翌平日9：00～17：00（第４月を除く）,4名（＋空室定員）,〇,"施設の開庁・開館中
（クーリングシェルター開設期間と同期間開放）",フリースペース
昭島市,緑会館,昭島市緑町4-13-26,https://www.city.akishima.lg.jp/s122/040/020/070/010/20140912160740.html,〇,火～日9：00～22：00、月・祝日・月が祝日の場合の翌平日9：00～17：00,6名（＋空室定員）,〇,"施設の開庁・開館中
（クーリングシェルター開設期間と同期間開放）",フリースペース
昭島市,拝島会館,昭島市拝島町2-4-13,https://www.city.akishima.lg.jp/s122/040/020/070/010/20140912160740.html,〇,火～日9：00～22：00、月・祝日・月が祝日の場合の翌平日9：00～17：00（第４月を除く）,11名（＋空室定員）,〇,"施設の開庁・開館中
（クーリングシェルター開設期間と同期間開放）",フリースペース
昭島市,武蔵野会館,昭島市中神町1172-1,https://www.city.akishima.lg.jp/s122/040/020/070/010/20140912160740.html,〇,火～日9：00～22：00、月・祝日・月が祝日の場合の翌平日9：00～17：00,48名（＋空室定員）,〇,"施設の開庁・開館中
（クーリングシェルター開設期間と同期間開放）",フリースペース
昭島市,総合スポーツセンター,昭島市東町5-13-1,https://www.city.akishima.lg.jp/s125/010/020/070/010/20141007210654.html,〇,"8：30～21：30
【休館日】
第１・第３月曜日（祝日の場合は、翌日）
12月28日から１月３日",21名,〇,"施設の開庁・開館中
（クーリングシェルター開設期間と同期間開放）",フリースペース
昭島市,アキシマエンシス,昭島市つつじが丘3-3-15,https://www.akishimaensis.jp/,〇,"【開館時間】
・火～金　10:00～20:00　・土日祝　10:00～18:00
【休館日】
・毎週月曜日(休日の場合は次の平日)、年末年始、特別整理期間",221名,〇,"施設の開庁・開館中
（クーリングシェルター開設期間と同期間開放）",フリースペース
昭島市,FOSTERホール（市民会館）・公民館,昭島市つつじが丘3-7-7,https://www.city.akishima.lg.jp/li/050/040/,〇,"9:00～22:00
（火曜日（祝日と重なる場合は翌営業日）、年末年始を除く）
※改修工事に伴い、令和7年10月1日から令和8年12月1日まで休館予定",39名,〇,"施設の開庁・開館中
（クーリングシェルター開設期間と同期間開放）",フリースペース
昭島市,昭島市民総合交流拠点施設(イーストテラス・サブスリー）,昭島市玉川町四丁目9番22号 ,"https://www.city.akishima.lg.jp/s004/11
0/010/EastTerrace/20250819082509.ht
ml",〇,"8:30～21：00
（年末年始12月29日から1月3日を除く）",16名,〇,"施設の開庁・開館中
（クーリングシェルター開設期間と同期間開放）",フリースペース
昭島市,昭島郵便局,昭島市松原町1-9-31,,,,,〇,平日　9:00～17:00（7/1～10/22）,お客様ロビー
昭島市,拝島郵便局,昭島市拝島町5-1-25,,,,,〇,平日　9:00～17:00（7/1～10/22）,お客様ロビー
昭島市,昭和郵便局,昭島市宮沢町2-33-7,,,,,〇,平日　9:00～17:00（7/1～10/22）,お客様ロビー
昭島市,昭島玉川郵便局,昭島市玉川町3-23-1,,,,,〇,平日　9:00～17:00（7/1～10/22）,お客様ロビー
昭島市,昭島中神郵便局,昭島市中神町1169-6,,,,,〇,平日　9:00～17:00（7/1～10/22）,お客様ロビー
昭島市,昭島緑郵便局,昭島市緑町2-28-7,,,,,〇,平日　9:00～17:00（7/1～10/22）,お客様ロビー
昭島市,昭島松原四郵便局,昭島市松原町4-4-12,,,,,〇,平日　9:00～17:00（7/1～10/22）,お客様ロビー
昭島市,昭島田中郵便局,昭島市田中町2-22-7,,,,,〇,平日　9:00～17:00（7/1～10/22）,お客様ロビー
昭島市,昭島つつじヶ丘ハイツ郵便局,昭島市つつじが丘3-5-6-117,,,,,〇,平日　9:00～17:00（7/1～10/22）,お客様ロビー
昭島市,昭島郷地郵便局,昭島市郷地町2-36-10,,,,,〇,平日　9:00～17:00（7/1～10/22）,お客様ロビー
昭島市,昭島駅前郵便局,昭島市田中町562-1,,,,,〇,平日　9:00～17:00（7/1～10/22）,お客様ロビー
昭島市,中神駅前郵便局,昭島市朝日町1-6-1,,,,,〇,平日　9:00～17:00（7/1～10/22）,お客様ロビー
昭島市,ウェルパーク薬局西立川店,昭島市東町３-５-22,https://store.welcia.co.jp/welcia/spot/detail?code=8269D,〇,"月曜日～土曜日（日曜日・祝日は休業）
９時から19時まで",２名,〇,"施設の開庁・開館中
（クーリングシェルター開設期間と同期間開放）",店内
昭島市,ザ・ビッグ昭島店,昭島市宮沢町500-1,https://www.aeon.com/store/%E3%82%B6%E3%83%BB%E3%83%93%E3%83%83%E3%82%B0/%E3%82%B6%E3%83%BB%E3%83%93%E3%83%83%E3%82%B0%E6%98%AD%E5%B3%B6%E5%BA%97/,〇,毎日午前10時から午後９時まで,58名,〇,"施設の開庁・開館中
（クーリングシェルター開設期間と同期間開放）",店内
調布市,調布市役所庁舎,調布市小島町2丁目35番地,https://www.city.chofu.lg.jp/010040/p003004.html,〇,開庁日(平日):8:30～17:15まで、休日窓口:9:00～13:00まで,50名,〇,開庁日(平日):8:30～17:15まで、休日窓口:9:00～13:00まで,2Fロビー
調布市,神代出張所,調布市西つつじヶ丘3丁目19番地1,https://www.city.chofu.lg.jp/030050/p018000.html,〇,開庁日(平日):8:30～17:15まで,2名,〇,開庁日(平日):8:30～17:15まで,ロビー
調布市,文化会館たづくり,調布市小島町2丁目33番地1,https://www.chofu-culture-community.org/,〇,8:30～22:00(毎月第4月曜とその翌日(変則あり)、年末年始除く),80名,〇,8:30～22:00(毎月第4月曜とその翌日(変則あり)、年末年始除く),1階エントランス、2階ロビー、10階廊下、12階展望ロビー
調布市,グリ-ンホール,調布市小島町2丁目47番地1,https://www.chofu-culture-community.org/,〇,9:00～19:00(毎週月曜(変則あり)、年末年始除く),20名,〇,9:00～19:00(毎週月曜(変則あり)、年末年始除く),1階ロビー
調布市,金子地域福祉センター,調布市西つつじケ丘4丁目43番地3,https://www.city.chofu.lg.jp/040020/p021116.html#a0601,〇,9:00～17:00(第4月曜日、年末年始除く),10名,〇,9:00～17:00(第4月曜日、年末年始除く),ロビー、談話スペース
調布市,西部地域福祉センター,調布市上石原2丁目15番地6,https://www.city.chofu.lg.jp/040020/p021116.html#a0602,〇,9:00～17:00(第4月曜日、年末年始除く),10名,〇,9:00～17:00(第4月曜日、年末年始除く),ロビー、談話スペース
調布市,調布ケ丘地域福祉センター,調布市調布ケ丘3丁目58番地2,https://www.city.chofu.lg.jp/040020/p021116.html#a0603,〇,9:00～17:00(第4月曜日、年末年始除く),10名,〇,9:00～17:00(第4月曜日、年末年始除く),ロビー、談話スペース
調布市,染地地域福祉センター,調布市染地3丁目3番地1,https://www.city.chofu.lg.jp/040020/p021116.html#a0604,〇,9:00～17:00(第4月曜日、年末年始除く),10名,〇,9:00～17:00(第4月曜日、年末年始除く),ロビー、談話スペース
調布市,緑ケ丘地域福祉センター,調布市緑ケ丘2丁目18番地49,https://www.city.chofu.lg.jp/040020/p021116.html#a0605,〇,9:00～17:00(第4月曜日、年末年始除く),10名,〇,9:00～17:00(第4月曜日、年末年始除く),ロビー、談話スペース
調布市,菊野台地域福祉センター,調布市菊野台1丁目38番地1,https://www.city.chofu.lg.jp/040020/p021116.html#a0606,〇,9:00～17:00(第4月曜日、年末年始除く),10名,〇,9:00～17:00(第4月曜日、年末年始除く),ロビー、談話スペース
調布市,富士見地域福祉センター,調布市富士見町4丁目15番地6,https://www.city.chofu.lg.jp/040020/p021116.html#a0607,〇,9:00～17:00(第4月曜日、年末年始除く),10名,〇,9:00～17:00(第4月曜日、年末年始除く),ロビー、談話スペース
調布市,下石原地域福祉センター,調布市下石原3丁目72番地1,https://www.city.chofu.lg.jp/040020/p021116.html#a0608,〇,9:00～17:00(第4月曜日、年末年始除く),10名,〇,9:00～17:00(第4月曜日、年末年始除く),ロビー、談話スペース
調布市,入間地域福祉センター,調布市入間町1丁目13番地2,https://www.city.chofu.lg.jp/040020/p021116.html#a0609,〇,9:00～17:00(第4月曜日、年末年始除く),10名,〇,9:00～17:00(第4月曜日、年末年始除く),ロビー、談話スペース
調布市,深大寺地域福祉センター,調布市深大寺北町2丁目40番地1,https://www.city.chofu.lg.jp/040020/p021116.html#a0610,〇,9:00～17:00(第4月曜日、年末年始除く),10名,〇,9:00～17:00(第4月曜日、年末年始除く),ロビー、談話スペース
調布市,ふじみ交流プラザ,調布市深大寺東町7丁目47番地1,https://www.city.chofu.lg.jp/040020/p021049.html,〇,9:00～22:00(第4月曜日、年末年始除く),10名,〇,9:00～22:00(第4月曜日、年末年始除く),ロビー、談話スペース
調布市,調布市総合体育館,調布市深大寺北町2-1-65,https://www.chofucity-sports.or.jp/tabid/73/Default.aspx,〇,月第1・3月曜日を除いた9:00～21:00,15名,〇,月第1・3月曜日を除いた9:00～21:00,1階ロビー、地下1階ロビー
調布市,総合福祉センター,調布市小島町2-47-1,https://www.ccsw.or.jp/,〇,原則8:30～21:00(最早19:00閉館の場合あり)、(祝日、第3日曜等休館日),12名,〇,原則8:30～21:00(最早19:00閉館の場合あり)、(祝日、第3日曜等休館日),1階ロビー
調布市,多摩川自然情報館,調布市染地3-8-26,https://www.city.chofu.lg.jp/070010/p039092.html,〇,9:00～17:00(年末年始を除く),20名,〇,9:00～17:00(年末年始を除く),2階学習室、展示室
調布市,東部公民館,調布市若葉町1-29-21,https://www.city.chofu.lg.jp/100060/p059025.html,〇,9:00～21:30(月曜日、年末年始除く),2名,〇,9:00～21:30(月曜日、年末年始除く),エントランス
調布市,西部公民館,調布市上石原3‐21‐6,https://www.city.chofu.lg.jp/100070/p060001.html,〇,9:00～21:30(月曜日、年末年始除く),10名,〇,9:00～21:30(月曜日、年末年始除く),ロビー、談話コーナー
調布市,北部公民館,調布市柴崎2-5-18,https://www.city.chofu.lg.jp/100080/p061005.html,〇,9:00～21:30(月曜日、年末年始除く),10名,〇,9:00～21:30(月曜日、年末年始除く),ロビー、談話コーナー
調布市,中央図書館,調布市小島町2-33-1,https://www.lib.city.chofu.tokyo.jp/contents?9&pid=29,〇,9:00～20:30(第4月曜日とその翌日除く)、※図書館資料利用者優先,100名,〇,9:00～20:30(第4月曜日とその翌日除く)、※図書館資料利用者優先,一般室、子ども室
調布市,図書館、国領分館,調布市国領町3-12-1,https://www.lib.city.chofu.tokyo.jp/contents?10&pid=30,〇,9:00～17:00(月曜日と毎月第4月曜日の翌日除く)、※図書館資料利用者優先,28名,〇,9:00～17:00(月曜日と毎月第4月曜日の翌日除く)、※図書館資料利用者優先,一般室、子ども室
調布市,図書館、調和分館,調布市西つつじケ丘4-22-6,https://www.lib.city.chofu.tokyo.jp/contents?11&pid=31,〇,9:00～17:00(月曜日と毎月第4月曜日の翌日除く)、※図書館資料利用者優先,23名,〇,9:00～17:00(月曜日と毎月第4月曜日の翌日除く)、※図書館資料利用者優先,一般室、子ども室
調布市,図書館、深大寺分館,調布市深大寺北町5-17-3,https://www.lib.city.chofu.tokyo.jp/contents?12&pid=32,〇,9:00～17:00(月曜日と毎月第4月曜日の翌日除く)、※図書館資料利用者優先,34名,〇,9:00～17:00(月曜日と毎月第4月曜日の翌日除く)、※図書館資料利用者優先,一般室、子ども室
調布市,図書館、神代分館,調布市西つつじケ丘1-40-5,https://www.lib.city.chofu.tokyo.jp/contents?13&pid=33,〇,9:00～17:00(月曜日と毎月第4月曜日の翌日除く)、※図書館資料利用者優先,41名,〇,9:00～17:00(月曜日と毎月第4月曜日の翌日除く)、※図書館資料利用者優先,一般室、子ども室
調布市,図書館、宮の下分館,調布市上石原3-34-10,https://www.lib.city.chofu.tokyo.jp/contents?14&pid=34,〇,9:00～17:00(月曜日と毎月第4月曜日の翌日除く)、※図書館資料利用者優先,24名,〇,9:00～17:00(月曜日と毎月第4月曜日の翌日除く)、※図書館資料利用者優先,一般室、子ども室
調布市,図書館、緑ケ丘分館,調布市緑ケ丘2-25,https://www.lib.city.chofu.tokyo.jp/contents?15&pid=35,〇,9:00～17:00(月曜日と毎月第4月曜日の翌日除く)、※図書館資料利用者優先,24名,〇,9:00～17:00(月曜日と毎月第4月曜日の翌日除く)、※図書館資料利用者優先,一般室、子ども室
調布市,図書館、富士見分館,調布市富士見町2-3-26,https://www.lib.city.chofu.tokyo.jp/contents?16&pid=36,〇,9:00～17:00(月曜日と毎月第4月曜日の翌日除く)、※図書館資料利用者優先,26名,〇,9:00～17:00(月曜日と毎月第4月曜日の翌日除く)、※図書館資料利用者優先,一般室、子ども室
調布市,図書館、若葉分館,調布市若葉町3-16-13,https://www.lib.city.chofu.tokyo.jp/contents?17&pid=37,〇,9:00～17:00(月曜日と毎月第4月曜日の翌日除く)、※図書館資料利用者優先,36名,〇,9:00～17:00(月曜日と毎月第4月曜日の翌日除く)、※図書館資料利用者優先,一般室、子ども室
調布市,図書館、染地分館,調布市染地3-3-1,https://www.lib.city.chofu.tokyo.jp/contents?18&pid=38,〇,9:00～17:00(月曜日と毎月第4月曜日の翌日除く)、※図書館資料利用者優先,22名,〇,9:00～17:00(月曜日と毎月第4月曜日の翌日除く)、※図書館資料利用者優先,一般室、子ども室
調布市,図書館、佐須分館,調布市佐須町4-42-2,https://www.lib.city.chofu.tokyo.jp/contents?19&pid=39,〇,9:00～17:00(月曜日と毎月第4月曜日の翌日除く)、※図書館資料利用者優先,27名,〇,9:00～17:00(月曜日と毎月第4月曜日の翌日除く)、※図書館資料利用者優先,一般室、子ども室
調布市,武者小路実篤記念館,調布市若葉町1-8-30,https://www.mushakoji.org/,〇,休館日(月曜(祝日の場合は翌平日)、12月29日から1月3日)を除く9:00～17:00,5名,〇,休館日(月曜(祝日の場合は翌平日)、12月29日から1月3日)を除く9:00～17:00,ロビー
調布市,京王アリーナＴＯＫＹＯ（武蔵野の森総合スポーツプラザ）,調布市西町290-11,https://keio-arena.tokyo/,〇,"利用時間：
平日・土曜　9:00～22:30 
日曜・祝日　9:00～21:30
※休館日を除く　","70
（両スペース合算）",〇,"利用時間：
平日・土曜　9:00～22:30 
日曜・祝日　9:00～21:30
※休館日を除く　",サブアリーナ棟1階メインエントランス、サブアリーナ棟2階インフォメーションカウンター周辺
調布市,東京都パラスポーツトレーニングセンター,調布市西町376-3,https://tokyo-ptc.jp/,〇,"利用時間：9:00～21:00
※休館日：原則火曜日（不定期）
※お問い合わせ：9:00～19:00（休館日を除く）",24名,〇,"利用時間：9:00～21:00
※休館日：原則火曜日（不定期）
※お問い合わせ：9:00～19:00（休館日を除く）",エントランスホール
調布市,調布飛行場ターミナル,調布市西町290-3,https://www.kouwan.metro.tokyo.lg.jp/rito/tmg-airport/chofu/,,,,〇,【開館時間】7:15～18:00(9月から3月は17:00),2階ユーティリティスペース
調布市,調布市シルバー人材センター,調布市小島町3-87-4,https://www.chofu-sc.or.jp/,〇,"平日　9:00～16:30 
※祝日，年末年始を除く　",5名,〇,"平日　9:00～16:30 
※祝日，年末年始を除く　",1階会議室，1階廊下
調布市,トヨタモビリティ東京　調布つつじヶ丘店,調布市西つつじヶ丘1-25-1,https://www.toyota-mobi-tokyo.co.jp/shop/26A,,,,〇,"10:00～18:00
(毎週火曜日、第１・３月曜日、
ＧＷ休暇・夏季休暇除く)",ショールーム
調布市,トヨタモビリティ東京　調布国領店,調布市国領町1-26-1,https://www.toyota-mobi-tokyo.co.jp/shop/26B,,,,〇,"10:00～18:00
(毎週火曜日、第１・３月曜日、
ＧＷ休暇・夏季休暇除く)",ショールーム
調布市,トヨタモビリティ東京 調布八雲台店,調布市八雲台2-9-6,https://www.toyota-mobi-tokyo.co.jp/shop/26C,,,,〇,"10:00～18:00
(毎週火曜日、第１・３月曜日、
ＧＷ休暇・夏季休暇除く)",ショールーム
調布市,トヨタモビリティ東京 調布飛田給店,調布市飛田給1-34-18,https://www.toyota-mobi-tokyo.co.jp/shop/26E,,,,〇,"10:00～18:00
(毎週火曜日、第１・３月曜日、
ＧＷ休暇・夏季休暇除く)",ショールーム
調布市,クオール薬局調布店,調布市小島町1-35-13,,〇,"平日9:00～18:00 
土曜9:00～17:30 ",5名,,,薬局待合室
調布市,クオール薬局調布駅前店,調布市小島町1-36-16　グレーシア調布1階,,〇,"平日9:00～20:00 
土曜9:00～19:00 ",3名,,,薬局待合室
調布市,クオール薬局ブランチ調布店,調布市深大寺東町7-47-1　ブランチ調布2階2030区画,,〇,"平日10:00～18:00 
土曜10:00～15:00 ",2名,,,薬局待合室
調布市,イトーヨーカ堂国領店,調布市国領町8-2-64,,〇,10:00～21:00,43名,〇,10:00～21:00,2階及び3階の休憩スペース
調布市,ふふ富士見,調布市富士見町4-24-28,,〇,"平日（※金曜を除く）10:00～16:00 
第２第４土曜10:00～16:00",10名,〇,"平日10:00～16:00※金曜日を除く 
第２第４土曜10:00～16:00",1階カフェ部分他
調布市,太陽薬局,調布市国領町4-21-5,,〇,"平日（※木曜を除く）9:00～18:00※昼休み13:00～15:00除く
土曜9:00～13:00",4名,〇,"平日（※木曜を除く）9:00～18:00※昼休み13:00～15:00除く
土曜9:00～13:00",薬局待合室
調布市,髙松薬局仙川店,調布市仙川町1-19-12,,〇,"平日（※木曜を除く）9:00～18:30※昼休み13:00～14:00除く
土曜9:00～13:00",2名,〇,"平日（※木曜を除く）9:00～18:30※昼休み13:00～14:00除く
土曜9:00～13:00",薬局待合室
調布市,"複合介護施設 愉楽デイサービスセンター
ゆらく",調布市布田6-51-1,,〇,"10:00～16:00
※日曜日を除く",5名,〇,"10:00～16:00
※日曜日を除く",旧居室空間
調布市,ココカラファイン薬局国領店,調布市国領町2-5-15 1階,,〇,"9:00～19:00
※第3日曜日のみ10:00～18:00",5名,〇,"9:00～19:00
※第3日曜日のみ10:00～18:00",薬局待合室
調布市,蕎麦とカフェ ひととき,調布市調布ヶ丘1-32-21,,〇,"14:30～16:30
※月曜日及び火曜日は定休日",5名,〇,"14:30～16:30
※月曜日及び火曜日は定休日",店内指定場所
調布市,調布つむぎ薬局,布田2-34-1 嶋田ビル1階,,〇,"12:00～16:00
※日曜日を除く",2名,〇,"12:00～16:00
※日曜日を除く",薬局待合室
町田市,小山田緑地,町田市下小山田町361-10,https://www.tokyo-park.or.jp/park/oyamadaryokuchi/,〇,休館日:年末年始(12/31～1/3)、利用時間 8:30～17:30,15名,〇,休館日:年末年始(12/31～1/3)、利用時間 8:30～17:30,サービスセンター展示室
町田市,小山内裏公園,町田市小山ｹ丘4-4,https://www.tokyo-park.or.jp/park/oyamadairi/,〇,休館日:年末年始(12/29～1/3)、利用時間 8:30～17:30,30名,〇,休館日:年末年始(12/29～1/3)、利用時間 8:30～17:30,サービスセンターホール
町田市,中央図書館,町田市原町田3-2-9,https://www.library-machida.tokyo.jp/facilities/chuou/,〇,開館日　(火・水・金　10：00～20：00、　木・土・日・祝　10：00～17：00)※休館日(平日の月曜日、第2木曜日)を除く,10名,〇,開館日　(火・水・金　10：00～20：00、　木・土・日・祝　10：00～17：00)※休館日(平日の月曜日、第2木曜日)を除く,6階ホール前
町田市,プラザ町田,町田市原町田4-1-14,https://www.city.machida.tokyo.jp/bunka/bunka_geijutsu/cul/plaza/,〇,月～日　9：00～17：00（指定の休館日除く）,4名,〇,月～日　9：00～17：00（指定の休館日除く）,1階エントランスホール
町田市,町田市民文学館,町田市原町田4-16-17,https://www.city.machida.tokyo.jp/bunka/bunka_geijutsu/cul/cul08Literature/index.html,〇,"　9：00～22：00 但し、下記の日は除きます。
休館日：平日の月曜日、第2木曜日
改修工事に伴い、2026年10月1日～2028年1月4日までご利用できません。",6名,〇,"　9：00～22：00 但し、下記の日は除きます。
休館日：平日の月曜日、第2木曜日
改修工事に伴い、2026年10月1日～2028年1月4日までご利用できません。",1階階段下テーブル席
町田市,健康福祉会館,町田市原町田5-8-21,https://www.city.machida.tokyo.jp/iryo/iryo/kenkoufukushi/kennkouhukusikaikan.html,〇,月～金　8；30～17：00,3名,〇,月～金　8；30～17：00,１階エレベーター前
町田市,さるびあ図書館,町田市中町2-13-23,https://www.library-machida.tokyo.jp/facilities/sarubia/,〇,開館日　(火・水・金　10：00～18：00、　木・土・日・祝　10：00～17：00)※休館日(平日の月曜日、第2木曜日)を除く,5名,〇,開館日　(火・水・金　10：00～18：00、　木・土・日・祝　10：00～17：00)※休館日(平日の月曜日、第2木曜日)を除く,1階　雑誌架　前
町田市,町田市民ホール,町田市森野2-2-36,https://www.m-shimin-hall.jp/,〇,"月～日　8:30〜17:00
休館日：第1・3月曜日（休日の場合は翌日）
年末年始（12/28～1/4）",3名,〇,"月～日　8:30〜17:00
休館日：第1・3月曜日（休日の場合は翌日）
年末年始（12/28～1/4）",１階サロン
町田市,町田薬師池公園　四季彩の杜　西園（インフォメーション棟内休憩コーナー）,町田市本町田3105,https://www.city.machida.tokyo.jp/bunka/park/shisetu/shikisai_no_mori/yakusiikenishi-kikarasi.html,〇,"月～日　9：00～17：00
※休館日は利用不可",3名,〇,"月～日　9：00～17：00
※休館日は利用不可",インフォメーション棟内休憩コーナー
町田市,町田薬師池公園　四季彩の杜　西園（無料休憩室）,町田市本町田3105,https://www.city.machida.tokyo.jp/bunka/park/shisetu/shikisai_no_mori/yakusiikenishi-kikarasi.html,〇,"月～日　9：00～17：00
※休館日は利用不可",15名,〇,"月～日　9：00～17：00
※休館日は利用不可",無料休憩室
町田市,玉川学園コミュニティセンター,町田市玉川学園2-19-12,https://www.city.machida.tokyo.jp/kurashi/touroku/shisetsu/com07.html,〇,"月～日　8:30～22：00
休館日（第3月曜日・年末年始）を除く",12名,〇,"月～日　8:30～22：00
休館日（第3月曜日・年末年始）を除く",地下1階ホワイエ
町田市,つくし野コミュニティセンター,町田市つくし野2-26-5,https://www.city.machida.tokyo.jp/kurashi/community/shimin/com/com11.html,〇,月～日　8:30～22：00（休館日を除く）,8名,〇,月～日　8:30～22：00（休館日を除く）,1階ロビー
町田市,南市民センター,町田市金森4-5-6,https://www.city.machida.tokyo.jp/kurashi/touroku/shisetsu/03/accessmap.html,〇,中規模改修工事に伴い2027年6月まで利用できません。,中規模改修工事に伴い2027年6月まで利用できません。,〇,中規模改修工事に伴い2027年6月まで利用できません。,中規模改修工事に伴い2027年6月まで利用できません。
町田市,金森図書館,町田市金森東3-5-1,https://www.library-machida.tokyo.jp/facilities/kanamori/,〇,開館日　(火・水・金　10：00～18：00、　木・土・日・祝　10：00～17：00)※休館日(平日の月曜日、第2木曜日)を除く,4名,〇,開館日　(火・水・金　10：00～18：00、　木・土・日・祝　10：00～17：00)※休館日(平日の月曜日、第2木曜日)を除く,1階エレベーター前
町田市,なるせ駅前市民センター,町田市南成瀬1-2-5,https://www.city.machida.tokyo.jp/kurashi/touroku/shisetsu/04/accessmap.html,〇,月～日　8：30～22：00（毎月第3月曜日を除く）,36名,〇,月～日　8：30～22：00（毎月第3月曜日を除く）,"1階談話室
3階ロビー
4階ロビー"
町田市,成瀬コミュニティセンター,町田市西成瀬2-49-1,https://www.city.machida.tokyo.jp/kurashi/community/shimin/com/com10.html,〇,月～日　8:30～22：00（休館日を除く）,20名,〇,月～日　8:30～22：00（休館日を除く）,1階フリースペース
町田市,和光大学ポプリホール鶴川,町田市能ヶ谷1-2-1,https://www.m-shimin-hall.jp/tsurukawa/,〇,"月～日　9:00〜17:00
休館日：第1・3月曜日（休日の場合は営業）
年末年始（12/29～1/3）",4名,〇,"月～日　9:00〜17:00
休館日：第1・3月曜日（休日の場合は営業）
年末年始（12/29～1/3）",M1階 交流スペース
町田市,三輪コミュニティセンター,町田市三輪緑山4-14-1,https://www.city.machida.tokyo.jp/kurashi/community/shimin/com/com13.html,〇,月～日　8:30～22：00（休館日を除く）,6名,〇,月～日　8:30～22：00（休館日を除く）,1階キッズルーム
町田市,鶴川市民センター,町田市大蔵町1981-4,https://www.city.machida.tokyo.jp/kurashi/touroku/shisetsu/02/accessmap.html,〇,月～日　8：30～22：00,4名,〇,月～日　8：30～22：00,1階　エントランスホール
町田市,自由民権資料館,町田市野津田町897,https://www.city.machida.tokyo.jp/bunka/bunka_geijutsu/cul/cul03/index.html,〇,火～日　9：00～16：30,20名,〇,火～日　9：00～16：30,3階閲覧室・休憩コーナー
町田市,町田市ふるさと農具館,町田市野津田町2288,https://www.city.machida.tokyo.jp/kanko/sangyo/nougyo/shimintonou/agri02.html,〇,"火～日　9：30～16：30
（11月から1月は9：30～16：00）
月曜日が祝日の場合は、翌日が休館日となります。",4名,〇,"火～日　9：30～16：30
（11月から1月は9：30～16：00）
月曜日が祝日の場合は、翌日が休館日となります。",パネル館
町田市,町田市七国山ファーマーズセンター,町田市野津田町3497-1,https://www.city.machida.tokyo.jp/kanko/sangyo/nougyo/shimintonou/agri01.html,〇,"火～日　9：00～17：00
（11月から1月は9：00～16：30）",20名,〇,"火～日　9：00～17：00
（11月から1月は9：00～16：30）",休憩室
町田市,小野路宿里山交流館,町田市小野路町888-1,https://www.city.machida.tokyo.jp/kanko/miru_aso/satoyamakoryukan/,〇,9：00～16：30　※臨時休館日を除く,10名,〇,9：00～16：30　※臨時休館日を除く,主屋　交流スペース
町田市,小野路公園,町田市小野路町2023-1,https://www.city.machida.tokyo.jp/bunka/park/shisetu/onoji/onojikouenn.html,〇,"月～金　8：30～17：00
※休館日は利用不可",10名,〇,"月～金　8：30～17：00
※休館日は利用不可",管理棟1階ロビー
町田市,忠生市民センター,町田市忠生3-14-2,https://www.city.machida.tokyo.jp/kurashi/touroku/shisetsu/01/accessmap.html,〇,月～日　8：30～22：00,18名,〇,月～日　8：30～22：00,１階ロビー・２階ホワイエ
町田市,木曽森野コミュニティセンター,町田市木曽東1-2,https://www.city.machida.tokyo.jp/kurashi/community/shimin/com/com12.html,〇,月～日　8:30～22：00（休館日を除く）,2名,〇,月～日　8:30～22：00（休館日を除く）,1階ロビー
町田市,町田市バイオエネルギーセンター,町田市下小山田町3160,https://www.city.machida.tokyo.jp/shisei/shiyakusyo/kankyo01.html,〇,月～土　9：00～17：00,14名,〇,月～土　9：00～17：00,2階　エントランスホール
町田市,忠生がにやら自然館,町田市山崎町1804-1,https://www.city.machida.tokyo.jp/bunka/park/shisetu/tadao/park05.html,〇,"火～日（月が祝日の場合水～月）9：00～16：30
※休館日は利用不可",10名,〇,"火～日（月が祝日の場合水～月）9：00～16：30
※休館日は利用不可",エントランスホール
町田市,木曽山崎コミュニティセンター,町田市山崎町2160-4,https://www.city.machida.tokyo.jp/kurashi/touroku/shisetsu/com08.html,〇,"月～日　8:30～22：00
休館日（第2月曜日・年末年始）を除く",12名,〇,"月～日　8:30～22：00
休館日（第2月曜日・年末年始）を除く",A館1階 エントランスホール
町田市,中川薬局町田店,"町田市三輪町168-1
フェリシア三輪103号室",https://ggwh.jp/store/?area=tokyo,〇,"月・水・木・金　9：00～18：30
土・日・祝　　　9：00～14：30　
定休日：火",6名,〇,"月・水・木・金　9：00～18：30
土・日・祝　　　9：00～14：30　
定休日：火",待合室
町田市,トヨタモビリティ東京 南町田店,町田市小川6-24-2,https://www.toyota-mobi-tokyo.co.jp/shop/36A,〇,"10：00～18：00　
定休日（火曜日、第1・3月曜日、月1回日曜日）、ＧＷ休暇・夏季休暇・年末年始休暇を除く",5名,〇,"10：00～18：00　
定休日（火曜日、第1・3月曜日、月1回日曜日）、ＧＷ休暇・夏季休暇・年末年始休暇を除く",ショールーム
町田市,堺市民センター,町田市相原町795-1,https://www.city.machida.tokyo.jp/kurashi/touroku/shisetsu/05/accessmap.html,〇,月～日　8：30～22：00,6名,〇,月～日　8：30～22：00,1階 ロビーの一部
町田市,トヨタモビリティ東京 町田金井店,町田市金井ヶ丘2-23-21,https://www.toyota-mobi-tokyo.co.jp/shop/36B,〇,"10：00～18：00　
定休日（火曜日、第1・3月曜日、月1回日曜日）、ＧＷ休暇・夏季休暇・年末年始休暇を除く",5名,〇,"10：00～18：00　
定休日（火曜日、第1・3月曜日、月1回日曜日）、ＧＷ休暇・夏季休暇・年末年始休暇を除く",ショールーム
町田市,トヨタモビリティ東京 町田中町店,町田市中町2-14-15,https://www.toyota-mobi-tokyo.co.jp/shop/36C,〇,"10：00～18：00　
定休日（火曜日、第1・3月曜日、月1回日曜日）、ＧＷ休暇・夏季休暇・年末年始休暇を除く",5名,〇,"10：00～18：00　
定休日（火曜日、第1・3月曜日、月1回日曜日）、ＧＷ休暇・夏季休暇・年末年始休暇を除く",ショールーム
町田市,相原中央公園,町田市相原町2018,https://www.city.machida.tokyo.jp/bunka/park/shisetu/aiharachuuoukouen.html,〇,"月～日　8：30～17：00
※休館日は利用不可",10名,〇,"月～日　8：30～17：00
※休館日は利用不可",１階多目的室
町田市,トヨタモビリティ東京 町田鶴川店,町田市野津田町1104,https://www.toyota-mobi-tokyo.co.jp/shop/36D,〇,"10：00～18：00　
定休日（火曜日、第1・3月曜日、月1回日曜日）、ＧＷ休暇・夏季休暇・年末年始休暇を除く",5名,〇,"10：00～18：00　
定休日（火曜日、第1・3月曜日、月1回日曜日）、ＧＷ休暇・夏季休暇・年末年始休暇を除く",ショールーム
町田市,小山市民センター,町田市小山町2507-1,https://www.city.machida.tokyo.jp/kurashi/touroku/shisetsu/06/accessmap.html,〇,"月～日　8：30～20：00
（2026年8月～10月　閉所）",6名,〇,"月～日　8：30～20：00
（2026年8月～10月　閉所）",1階エントランスホール自動販売機前
町田市,町田市立総合体育館,町田市南成瀬5-12,https://www.city.machida.tokyo.jp/bunka/sport/sport/sport07.html,〇,休館日を除く　9:00～21:00,25名,〇,休館日を除く　9:00～21:00,１階　メインロビー・情報コーナー
町田市,トヨタモビリティ東京 多摩境店,町田市小山ヶ丘2-2-10,https://www.toyota-mobi-tokyo.co.jp/shop/36F,〇,"10：00～18：00　
定休日（火曜日、第1・3月曜日、月1回日曜日）、ＧＷ休暇・夏季休暇・年末年始休暇を除く",5名,〇,"10：00～18：00　
定休日（火曜日、第1・3月曜日、月1回日曜日）、ＧＷ休暇・夏季休暇・年末年始休暇を除く",ショールーム
町田市,町田市立室内プール,町田市図師町199-1,https://www.city.machida.tokyo.jp/bunka/sport/sport/sport04.html,〇,"月～日　9：00～21：00（第1・3月曜休館）
7月21日～8月31日休館無（夏季期間8：30～21：00）","会議室20
ロビー30
観覧席150
（観覧席は半面のみ、余裕を持った座席数）",〇,"月～日　9：00～21：00（第1・3月曜休館）
7月21日～8月31日休館無（夏季期間8：30～21：00）","プール棟1F会議室
プール棟2Fロビー
プール棟観覧席"
町田市,トヨタモビリティ東京 町田旭町店,町田市旭町1-18-14,https://www.toyota-mobi-tokyo.co.jp/shop/36G,〇,"10：00～18：00　
定休日（火曜日、第1・3月曜日、月1回日曜日）、ＧＷ休暇・夏季休暇・年末年始休暇を除く",5名,〇,"10：00～18：00　
定休日（火曜日、第1・3月曜日、月1回日曜日）、ＧＷ休暇・夏季休暇・年末年始休暇を除く",ショールーム
町田市,国際版画美術館,町田市原町田4-28-1,https://hanga-museum.jp/,〇,"火～金　10:00～17:00
土日祝　10:00～17:30
（ただし休館日を除く）",15名,〇,"火～金　10:00～17:00
土日祝　10:00～17:30
（ただし休館日を除く）",エントランスホール
町田市,ダイハツ東京販売（株）Dモール町田藤の台店,町田市藤の台2-1-1,https://daihatsu-tokyo.co.jp/Shop/machida_fujinodai,〇,"9：30～18：00　
定休日（火曜日、第1・3水曜日）、ＧＷ休暇・夏季休暇・年末年始を除く",10名,〇,"9：30～18：00　
定休日（火曜日、第1・3水曜日）、ＧＷ休暇・夏季休暇・年末年始を除く",ショールーム
町田市,ダイハツ東京販売（株）町田金森店,町田市金森東3-12-34,https://daihatsu-tokyo.co.jp/shop/machida_kanamori/,〇,"9：30～18：00　
定休日（火曜日、第1・3水曜日）、ＧＷ休暇・夏季休暇・年末年始を除く",10名,〇,"9：30～18：00　
定休日（火曜日、第1・3水曜日）、ＧＷ休暇・夏季休暇・年末年始を除く",ショールーム
町田市,ウエルシア薬局つくし野駅前店,町田市つくし野2-25-3,https://store.welcia.co.jp/welcia/spot/detail?code=2030D&lang=ja,〇,"月～日　祝日を除く9:00～21:00
ただし土曜9:00～18:00、日曜10:00～20:00
※熱中症特別警戒アラート発表時以外も開放しています。",1名,,,
町田市,ハックドラッグ成瀬ローゼン薬局,"町田市南成瀬1-3-5
そうてつローゼン成瀬店2F",https://store.welcia.co.jp/welcia/spot/detail?code=2191D&lang=ja,〇,"月～日　9:00～20:00
ただし日曜・祝日9:00～13:00、14:00～17:00
※熱中症特別警戒アラート発表時以外も開放しています。",3名,,,
町田市,ウエルシア薬局町田滝の沢店,町田市木曽町120-1,https://store.welcia.co.jp/welcia/spot/detail?code=5067D&lang=ja,〇,"月～日　9:00～20:00
ただし日曜・祝日9:00～13:00、14:00～20:00
※熱中症特別警戒アラート発表時以外も開放しています。",2名,,,
町田市,ウエルシア薬局町田境川店,町田市木曽東2-10-1,https://store.welcia.co.jp/welcia/spot/detail?code=5091D&lang=ja,〇,"月～日9:00～20:00　ただし土曜9:00～19:00及び日曜・祝日10:00～13:00、14:00～19:00
※熱中症特別警戒アラート発表時以外も開放しています。",3名,,,
町田市,ウエルシア薬局町田本町田店,町田市本町田3173-1,https://store.welcia.co.jp/welcia/spot/detail?code=2053D&lang=ja,〇,"月～土　祝日を除く　9:30～13:00、14:00～19:00
※熱中症特別警戒アラート発表時以外も開放しています。",3名,,,
町田市,"ウエルシア本町田店
（ウエルカフェ）",町田市本町田3173-1,https://store.welcia.co.jp/welcia/spot/detail?code=2053D&lang=ja,〇,"月～日　9:00～23:00
※熱中症特別警戒アラート発表時以外も開放しています。",10名,,,
町田市,ウエルシア薬局町田相原店,町田市相原町3336-1,https://store.welcia.co.jp/welcia/spot/detail?code=5147D&lang=ja,〇,"月～日　祝日除く9:00～20:00　ただし土曜9:00～18:00及び日曜10:00～13:00、14:00～18:00
※熱中症特別警戒アラート発表時以外も開放しています。",3名,,,
町田市,"ウエルシア町田相原店
（ウエルカフェ）",町田市相原町3336-1,https://store.welcia.co.jp/welcia/spot/detail?code=5147D&lang=ja,〇,"月～日　9:00～24:00
※熱中症特別警戒アラート発表時以外も開放しています。",10名,,,
町田市,朝日土地建物（株）町田本社,町田市原町田6-3-20,https://www.asahi-t-t.co.jp/contents/code/machida,〇,"月・木・金・土・日・祝
9：30～18：30
（原則火曜・水曜定休日。夏季休暇、年末年始休暇、その他会社休業日は除く）",4名,〇,"月・木・金・土・日・祝
9：30～18：30
（原則火曜・水曜定休日。夏季休暇、年末年始休暇、その他会社休業日は除く）",接客スペース
町田市,"一般社団法人つるかわ図書コミュニティ施設運営協議会
（通称：つるぼん）",町田市鶴川6-7-2-1-101,https://www.tsurubon.com/,〇,"10:00～17:00
※毎週月曜日（祝日含む）・毎月第2木曜日・年末年始休暇は除く",約50人,〇,"10:00～17:00
※毎週月曜日（祝日含む）・毎月第2木曜日・年末年始休暇は除く","コミュニティスペース
（テーブル・椅子・ソファー設置場所）"
町田市,カミヤ健康薬局,"町田市玉川学園2-7-12
アイマンション101号室",https://c-kamiya.co.jp/pharmacy/,〇,"月～金　9:00～16:00
(祝日・年末年始休暇を除く)",2名,〇,"月～金　9:00～16:00
(祝日・年末年始休暇を除く)",薬局待合室
町田市,"アパマンショップ
町田南口店","町田市原町田4-2-8
ワコービル町田1階",https://www.apamanshop.com/shop/13002906/,〇,"10：00～18：00
（水曜日、特別休暇を除く）","同時利用で
最大2 名",〇,"10：00～18：00
（水曜日、特別休暇を除く）",店内接客スペース
小金井市,小金井市環境楽習館,小金井市貫井南町3-2-16,https://koganei-parks.jp/kankyogakusyukan/,〇,9:00～17:00（火曜日は定休日）,,〇,9:00～17:00（火曜日は定休日）,館内フリースペース、集会室
小金井市,野川クリーンセンター,小金井市東町1-7-19,,〇,8:30～17:00（平日）,,〇,8:30～17:00（平日）,1Fロビー、2F研修室
小金井市,メタウォーターサステナブルパークこがねい,小金井市貫井北町1-8-25,,〇,8:30～17:00（平日）,,〇,8:30～17:00（平日）,1Fロビー、2F見学者ホール、3F見学者ホール、研修室
小金井市,保健センター,小金井市貫井北町5-18-18,,,,,〇,8:30～17:00（平日）,1Fロビー
小金井市,小金井 宮地楽器ホール,小金井市本町6-14-45,https://koganei-civic-center.jp/,,,,〇,9:00～22:00（第2、第3火曜日は定休日）,マルチパーパススペースＢＣＤ
小金井市,公民館（本館）,小金井市本町2-15-11,,,,,〇,9:00～22:00（第1、第3火曜日は定休日）,1F共用スペース
小金井市,公民館（貫井南分館）,小金井市貫井南町4-3-23,,,,,〇,9:00～22:00（第1、第3火曜日は定休日）,2F共用スペース
小金井市,公民館（東分館）,小金井市東町1-39-1,,,,,〇,9:00～22:00（第1、第3火曜日は定休日）,1F共用スペース
小金井市,公民館（緑分館）,小金井市緑町3-3-23,,,,,〇,9:00～22:00（第1、第3火曜日は定休日）,1F、2F共用スペース
小金井市,公民館（貫井北分館）,小金井市貫井北町1-11-12,,,,,〇,9:00～22:00（第1、第3火曜日は定休日）,2F共用スペース
小金井市,社会福祉協議会,小金井市本町5-36-17,https://koganeishakyo.jp/,,,,〇,8:30～17:00（平日）,1F待合スペース
小金井市,総合体育館,小金井市関野町1-13-1,,,,,〇,"9:00～18:00
（休館日：第1月曜日）",B1F、2Fホール
小金井市,栗山公園健康運動センター,小金井市中町2-21-1,,,,,〇,"9:00～18:00
（休館日：第2月曜日）",1Fホール
小金井市,江戸東京たてもの園,小金井市桜町3-7-1,https://www.tatemonoen.jp/,,,,〇,4月～9月:9:30～17:30、10月～3月:9:30～16:30、休園日:月曜日(祝日の場合は翌平日)・年末年始,グリーンゲート、ミストシャワー
小金井市,小金井郵便局,小金井市本町5-38-20,,,,,〇,9:00～16:00（平日）（祝日を除く）,窓口ロビー
小金井市,小金井東町郵便局,小金井市東町4-12-2,,,,,〇,9:00～16:00（平日）（祝日を除く）,窓口ロビー
小金井市,小金井緑町郵便局,小金井市緑町2-2-12,,,,,〇,9:00～16:00（平日）（祝日を除く）,窓口ロビー
小金井市,小金井貫井南郵便局,小金井市貫井南町4-3-7,,,,,〇,9:00～16:00（平日）（祝日を除く）,窓口ロビー
小金井市,小金井前原五郵便局,小金井市前原町5-9-24,,,,,〇,9:00～16:00（平日）（祝日を除く）,窓口ロビー
小金井市,小金井東二郵便局,小金井市東町2-1-6,,,,,〇,9:00～16:00（平日）（祝日を除く）,窓口ロビー
小金井市,東小金井駅前郵便局,小金井市東町4-43-7,,,,,〇,9:00～16:00（平日）（祝日を除く）,窓口ロビー
小金井市,アトム薬局,小金井市緑町1-6-53,,,,,〇,"（平日）午前9時～午後6時
（土曜）午前9時～午後5時　　　　　　",待合スペース
小金井市,イサク薬局,小金井市桜町1-8-4,,,,,〇,"（平日）午前9時～午後5時
（土曜）午前9時～午後3時
（祝日を除く）",待合スペース
小金井市,栄貫堂薬局,小金井市東町4-42-25,,,,,〇,"（平日）午前9時～午後8時
（土曜）午前9時～午後6時
（祝日を除く）",待合スペース
小金井市,グリーンベル薬局,小金井市本町5-11-7,,,,,〇,"（平日）午前9時30分～午後7時
（土曜）午前9時30分～午後1時30分
（木曜・祝日を除く）",待合スペース
小金井市,たま調剤薬局東町店,小金井市東町3-11-18,,,,,〇,"（平日）午前9時10分～午後6時
（土曜）午前9時10分～午後0時30分
（祝日を除く）",待合スペース
小金井市,にじいろ薬局,小金井市梶野町5-9-9,,,,,〇,"（平日）午前10時～午後5時
（土曜）午前10時～午後1時
（祝日を除く）",待合スペース
小金井市,根本薬局,小金井市東町4-20-1,,,,,〇,"（平日）午前9時～午後6時30分
（木曜・土曜）午前9時～午後1時
（祝日を除く）",待合スペース
小金井市,伯雲堂薬局,小金井市本町2-6-12,,,,,〇,"（平日）午前10時～午後5時
（土曜）午前10時～午後5時
（祝日を除く）",待合スペース
小金井市,まえはら調剤薬局,小金井市前原町3-2-25,,,,,〇,"（平日）午前9時～午後6時
（土曜）午前9時～午後1時
（水曜・祝日を除く）",待合スペース
小金井市,みなみ調剤薬局,小金井市貫井南町5-20-15,,,,,〇,"（平日）午前9時～午後6時
（土曜）午前9時～午後5時30分
（祝日を除く）",待合スペース
小金井市,ナチュラルローソンクオール薬局SOCOLA武蔵小金井クロス店,小金井市本町6丁目2番30号 SOCOLA武蔵小金井クロス1階,,,,,〇,"（平日）午前10時から午後5時まで
（日曜・祝日を除く）",待合スペース
小金井市,地域の寄り合い所また明日,小金井市貫井南町4丁目14-14,,,,,〇,"（平日）午前10時から午後4時まで
（土曜・日曜・祝日を除く）",共用スペース
小金井市,ぷらっとふぉーむ六地蔵,小金井市本町1丁目7番6号,,,,,〇,"　午前11時から午後4時まで
（水曜・日曜を除く）",共用スペース
小金井市,ウェルパーク薬局小金井前原町店,小金井市前原町4丁目14番22号,,,,,〇,"　（平日）午前９時から午後６時まで
（午後１時～午後２時、土曜・日曜・祝日を除く）",待合スペース
小金井市,ウェルパーク薬局小金井東町店,小金井市東町4丁目14番4号,,,,,〇,"　（平日・土曜）午前９時から午後７時まで
（日曜・祝日を除く）",待合スペース
小平市,小平市役所,小平市小川町二丁目1333番地,https://www.city.kodaira.tokyo.jp/,〇,平日:8:30～17:00、土曜:8:30～12:15、※日曜、祝日を除く,10名,〇,平日:8:30～17:00、土曜:8:30～12:15、※日曜、祝日を除く,"1F正面玄関横ロビー
市民課待合スペース"
小平市,健康センター,小平市学園東町1-19-12,https://www.city.kodaira.tokyo.jp/kurashi/001/001353.html,〇,8:30～17:00、※土曜、日曜、祝日を除く,16名,〇,8:30～17:00、※土曜、日曜、祝日を除く,1Fロビー
小平市,中島地域センター,小平市中島町26-9,https://www.city.kodaira.tokyo.jp/static/facility_map/00738.html,〇,9:00～22:00、休館日:毎月第1・第3火曜日(祝日の時は翌日),12名,〇,9:00～22:00、休館日:毎月第1・第3火曜日(祝日の時は翌日),ロビー
小平市,上水新町地域センター,小平市上水新町1-14-18,https://www.city.kodaira.tokyo.jp/static/facility_map/00739.html,〇,9:00～22:00、休館日:毎月第1・第3火曜日(祝日の時は翌日),6名,〇,9:00～22:00、休館日:毎月第1・第3火曜日(祝日の時は翌日),ロビー
小平市,小川西町中宿地域センター,小平市小川西町2-30-1,https://www.city.kodaira.tokyo.jp/static/facility_map/00740.html,〇,9:00～22:00、休館日:毎月第1・第3火曜日(祝日の時は翌日),24名,〇,9:00～22:00、休館日:毎月第1・第3火曜日(祝日の時は翌日),ロビー
小平市,小川西町地域センター,小平市小川西町5-4-17,https://www.city.kodaira.tokyo.jp/static/facility_map/00741.html,〇,9:00～22:00、休館日:毎月第1・第3火曜日(祝日の時は翌日),24名,〇,9:00～22:00、休館日:毎月第1・第3火曜日(祝日の時は翌日),ロビー
小平市,小川東町地域センター,小平市小川東町1805,https://www.city.kodaira.tokyo.jp/static/facility_map/00742.html,〇,9:00～22:00、休館日:毎月第1・第3火曜日(祝日の時は翌日),20名,〇,9:00～22:00、休館日:毎月第1・第3火曜日(祝日の時は翌日),ロビー
小平市,小川東第二地域センター,小平市小川東町5-9-1,https://www.city.kodaira.tokyo.jp/static/facility_map/00743.html,〇,9:00～22:00、休館日:毎月第1・第3火曜日(祝日の時は翌日),10名,〇,9:00～22:00、休館日:毎月第1・第3火曜日(祝日の時は翌日),ロビー
小平市,上水本町地域センター,小平市上水本町3-11-11,https://www.city.kodaira.tokyo.jp/static/facility_map/00744.html,〇,9:00～22:00、休館日:毎月第1・第3火曜日(祝日の時は翌日),8名,〇,9:00～22:00、休館日:毎月第1・第3火曜日(祝日の時は翌日),ロビー
小平市,喜平地域センター,小平市喜平町1-10-9,https://www.city.kodaira.tokyo.jp/static/facility_map/00745.html,〇,9:00～22:00、休館日:毎月第1・第3火曜日(祝日の時は翌日),22名,〇,9:00～22:00、休館日:毎月第1・第3火曜日(祝日の時は翌日),ロビー
小平市,学園西町地域センター,小平市学園西町2-12-22,https://www.city.kodaira.tokyo.jp/static/facility_map/00746.html,〇,9:00～22:00、休館日:毎月第1・第3火曜日(祝日の時は翌日),16名,〇,9:00～22:00、休館日:毎月第1・第3火曜日(祝日の時は翌日),ロビー
小平市,学園東町地域センター,小平市学園東町2-16-11,https://www.city.kodaira.tokyo.jp/static/facility_map/00747.html,〇,9:00～22:00、休館日:毎月第1・第3火曜日(祝日の時は翌日),20名,〇,9:00～22:00、休館日:毎月第1・第3火曜日(祝日の時は翌日),ロビー
小平市,美園地域センター,小平市美園町1-19-2,https://www.city.kodaira.tokyo.jp/static/facility_map/00748.html,〇,9:00～22:00、休館日:毎月第1・第3火曜日(祝日の時は翌日),17名,〇,9:00～22:00、休館日:毎月第1・第3火曜日(祝日の時は翌日),ロビー
小平市,御幸地域センター,小平市御幸町58,https://www.city.kodaira.tokyo.jp/static/facility_map/00749.html,〇,9:00～22:00、休館日:毎月第1・第3火曜日(祝日の時は翌日),14名,〇,9:00～22:00、休館日:毎月第1・第3火曜日(祝日の時は翌日),ロビー
小平市,鈴木地域センター,小平市鈴木町1-400,https://www.city.kodaira.tokyo.jp/static/facility_map/00750.html,〇,9:00～22:00、休館日:毎月第1・第3火曜日(祝日の時は翌日),22名,〇,9:00～22:00、休館日:毎月第1・第3火曜日(祝日の時は翌日),ロビー
小平市,天神地域センター,小平市天神町4-3-1,https://www.city.kodaira.tokyo.jp/static/facility_map/00751.html,〇,9:00～22:00、休館日:毎月第1・第3火曜日(祝日の時は翌日),20名,〇,9:00～22:00、休館日:毎月第1・第3火曜日(祝日の時は翌日),ロビー
小平市,大沼地域センター,小平市大沼町2-17-33,https://www.city.kodaira.tokyo.jp/static/facility_map/00752.html,〇,9:00～22:00、休館日:毎月第1・第3火曜日(祝日の時は翌日),16名,〇,9:00～22:00、休館日:毎月第1・第3火曜日(祝日の時は翌日),ロビー
小平市,花小金井南地域センター,小平市花小金井南町3-3-17,https://www.city.kodaira.tokyo.jp/static/facility_map/00753.html,〇,9:00～22:00、休館日:毎月第1・第3火曜日(祝日の時は翌日),16名,〇,9:00～22:00、休館日:毎月第1・第3火曜日(祝日の時は翌日),ロビー
小平市,花小金井北地域センター,小平市花小金井3-10-1,https://www.city.kodaira.tokyo.jp/static/facility_map/00754.html,〇,9:00～22:00、休館日:毎月第1・第3火曜日(祝日の時は翌日),20名,〇,9:00～22:00、休館日:毎月第1・第3火曜日(祝日の時は翌日),ロビー
小平市,小川町二丁目地域センター,小平市小川町2-1154,https://www.city.kodaira.tokyo.jp/static/facility_map/00755.html,〇,9:00～22:00、休館日:毎月第1・第3火曜日(祝日の時は翌日),8名,〇,9:00～22:00、休館日:毎月第1・第3火曜日(祝日の時は翌日),ロビー
小平市,小川町一丁目地域センター,小平市小川町1-3045,https://www.city.kodaira.tokyo.jp/static/facility_map/00756.html,〇,9:00～22:00、休館日:毎月第1・第3火曜日(祝日の時は翌日),16名,〇,9:00～22:00、休館日:毎月第1・第3火曜日(祝日の時は翌日),ロビー
小平市,小平元気村おがわ東,小平市小川東町4-2-1,https://www.city.kodaira.tokyo.jp/kurashi/001/001346.html,〇,"9:00～22:00
休館日：奇数月の第2日曜日（祝日の時は翌日）",20名,〇,"9:00～22:00
休館日：奇数月の第2日曜日（祝日の時は翌日）",1階交流コーナー
小平市,ほのぼの館,小平市小川西町5-39-3,https://www.city.kodaira.tokyo.jp/kurashi/021/021669.html,〇,9:00～17:00、休館日:日曜日、祝日,6名,〇,9:00～17:00、休館日:日曜日、祝日,ロビー※利用がない場合は和室にも案内
小平市,さわやか館,小平市花小金井4-21-2,https://www.city.kodaira.tokyo.jp/kurashi/077/077937.html,〇,9:00～17:00、休館日:日曜日・祝日,6名,〇,9:00～17:00、休館日:日曜日・祝日,ロビー※利用がない場合は和室にも案内
小平市,福祉会館,小平市学園東町1-19-13,https://www.city.kodaira.tokyo.jp/kurashi/001/001344.html,〇,9:00～22:00、休館日:祝日,12名,〇,9:00～22:00、休館日:祝日,1階ロビー
小平市,中央図書館,小平市小川町2-1325,https://library.kodaira.ed.jp/viewer/info.html?id=32,〇,10:00～19:00、※土曜、日曜、祝休日は午後5時まで、休館日:金曜、第3木曜(祝休日を除く)、特別整理期間,50名,〇,10:00～19:00、※土曜、日曜、祝休日は午後5時まで、休館日:金曜、第3木曜(祝休日を除く)、特別整理期間,開架、参考室、読書室等
小平市,仲町図書館,小平市仲町145,https://library.kodaira.ed.jp/viewer/info.html?id=33&g=5,〇,9:00～17:00、※祝休日でない火曜・水曜は午後8時まで、休館日:金曜、第3木曜(祝休日を除く)、特別整理期間,5名,〇,9:00～17:00、※祝休日でない火曜・水曜は午後8時まで、休館日:金曜、第3木曜(祝休日を除く)、特別整理期間,ロビー、開架
小平市,花小金井図書館,小平市花小金井1-8-1,https://library.kodaira.ed.jp/viewer/info.html?id=34&g=5,〇,10:00～17:00、※祝休日でない火曜・水曜は午後8時まで、休館日:金曜、第3木曜(祝休日を除く)、特別整理期間,20名,〇,10:00～17:00、※祝休日でない火曜・水曜は午後8時まで、休館日:金曜、第3木曜(祝休日を除く)、特別整理期間,ロビー、開架
小平市,小川西町図書館,小平市小川西町4-10-13,https://library.kodaira.ed.jp/viewer/info.html?id=35&g=5,〇,10:00～17:00、※祝休日でない火曜・水曜は午後8時まで、休館日:金曜、第3木曜(祝休日を除く)、特別整理期間,10名,〇,10:00～17:00、※祝休日でない火曜・水曜は午後8時まで、休館日:金曜、第3木曜(祝休日を除く)、特別整理期間,ロビー、開架
小平市,喜平図書館,小平市喜平町3-3-18,https://library.kodaira.ed.jp/viewer/info.html?id=36&g=5,〇,10:00～17:00、※祝休日でない火曜・水曜は午後7時まで、休館日:金曜、第3木曜(祝休日を除く)、特別整理期間,10名,〇,10:00～17:00、※祝休日でない火曜・水曜は午後7時まで、休館日:金曜、第3木曜(祝休日を除く)、特別整理期間,開架
小平市,上宿図書館,小平市小川町1-345,https://library.kodaira.ed.jp/viewer/info.html?id=37&g=5,〇,10:00～17:00、※祝休日でない火曜・水曜は午後7時まで、休館日:金曜、第3木曜(祝休日を除く)、特別整理期間,10名,〇,10:00～17:00、※祝休日でない火曜・水曜は午後7時まで、休館日:金曜、第3木曜(祝休日を除く)、特別整理期間,開架
小平市,津田図書館,小平市津田町3-11-1,https://library.kodaira.ed.jp/viewer/info.html?id=38&g=5,〇,10:00～17:00、※祝休日でない火曜・水曜は午後7時まで、休館日:金曜、第3木曜(祝休日を除く)、特別整理期間,10名,〇,10:00～17:00、※祝休日でない火曜・水曜は午後7時まで、休館日:金曜、第3木曜(祝休日を除く)、特別整理期間,ロビー、開架
小平市,大沼図書館,小平市大沼町7-1-17,https://library.kodaira.ed.jp/viewer/info.html?id=39&g=5,〇,10:00～17:00、※祝休日でない火曜・水曜は午後7時まで、休館日:金曜、第3木曜(祝休日を除く)、特別整理期間,10名,〇,10:00～17:00、※祝休日でない火曜・水曜は午後7時まで、休館日:金曜、第3木曜(祝休日を除く)、特別整理期間,ロビー、開架
小平市,中央公民館,小平市小川町2-1325,https://www.city.kodaira.tokyo.jp/kurashi/072/072151.html,〇,9:00～22:00、※月曜を除く,10名,〇,9:00～22:00、※月曜を除く,ロビー
小平市,仲町公民館,小平市仲町145,https://www.city.kodaira.tokyo.jp/kurashi/072/072158.html,〇,9:00～22:00、第3木曜(祝日を除く)を除く,5名,〇,9:00～22:00、第3木曜(祝日を除く)を除く,ロビー
小平市,花小金井北公民館,小平市花小金井5-41-3,https://www.city.kodaira.tokyo.jp/kurashi/072/072162.html,〇,9:00～17:00、※月曜を除く,10名,〇,9:00～17:00、※月曜を除く,空き部屋
小平市,小川公民館,小平市小川町1-1012,https://www.city.kodaira.tokyo.jp/kurashi/072/072153.html,〇,9:00～17:00、※月曜を除く,10名,〇,9:00～17:00、※月曜を除く,ロビー
小平市,小川西町公民館,小平市小川西町4-10-13,https://www.city.kodaira.tokyo.jp/kurashi/072/072155.html,〇,9:00～22:00、※月曜を除く,8名,〇,9:00～22:00、※月曜を除く,ロビー
小平市,上宿公民館,小平市小川町1-308,https://www.city.kodaira.tokyo.jp/kurashi/072/072152.html,〇,9:00～17:00、※月曜を除く,10名,〇,9:00～17:00、※月曜を除く,空き部屋
小平市,上水南公民館,小平市上水南町1-27-1,https://www.city.kodaira.tokyo.jp/kurashi/072/072157.html,〇,9:00～17:00、※月曜を除く,5名,〇,9:00～17:00、※月曜を除く,ロビーまたは空き部屋
小平市,花小金井南公民館,小平市花小金井南町2-12-6,https://www.city.kodaira.tokyo.jp/kurashi/072/072161.html,〇,9:00～22:00、※月曜を除く,5名,〇,9:00～22:00、※月曜を除く,ロビー
小平市,津田公民館,小平市津田町3-11-1,https://www.city.kodaira.tokyo.jp/kurashi/072/072156.html,〇,9:00～22:00、※月曜を除く,10名,〇,9:00～22:00、※月曜を除く,空き部屋
小平市,大沼公民館,小平市大沼町7-1-17,https://www.city.kodaira.tokyo.jp/kurashi/072/072160.html,〇,9:00～17:00、※月曜を除く,10名,〇,9:00～17:00、※月曜を除く,ロビー
小平市,鈴木公民館,小平市鈴木町2-772,https://www.city.kodaira.tokyo.jp/kurashi/072/072159.html,〇,9:00～17:00、※月曜を除く,10名,〇,9:00～17:00、※月曜を除く,ロビー
小平市,市民総合体育館,小平市津田町1-1-1,https://sports-kodaira.jp/gym,〇,8:30～22:00、休館日:第1月曜日(祝日の時は翌日)、6月と10月の第1火曜日,35名,〇,8:30～22:00、休館日:第1月曜日(祝日の時は翌日)、6月と10月の第1火曜日,1Fロビー、15人、2F休憩室、20人
小平市,プラチナ・ヴィラ小平,小平市鈴木町1-85-1,https://www.platinum-villa.jp/kodaira.html,〇,"月曜日から日曜日
午後1時から4時30分まで",10名,〇,"月曜日から日曜日
午後1時から4時30分まで","1階
地域交流スペース"
小平市,"クオール薬局
花小金井店",小平市花小金井1-30-9,https://store.qol-net.co.jp/detail/267/,〇,"月～金：午前9時から午後6時まで
土：午前9時から午後1時まで
※日曜、祝日を除く",4名,〇,"月～金：午前9時から午後6時まで
土：午前9時から午後1時まで
※日曜、祝日を除く",待合スペース
小平市,"クオール薬局
花小金井駅前店",小平市花小金井1-3-26　1階,https://store.qol-net.co.jp/detail/1227/,〇,"月～金：午前8時30分から午後6時まで
土：午前8時30分から午後1時まで
※木曜、日曜、祝日を除く",4名,〇,"月～金：午前8時30分から午後6時まで
土：午前8時30分から午後1時まで
※木曜、日曜、祝日を除く",待合スペース
小平市,"東京ガス
ガスミュージアム",小平市大沼町4-31-25,https://www.gasmuseum.jp/,〇,"午前10時から午後5時まで
休館日：月曜日(祝日の場合は翌日）",10名,〇,"午前10時から午後5時まで
休館日：月曜日(祝日の場合は翌日）","ガス灯館1階
くらし館1階"
小平市,"ウェルパーク薬局
小平回田店",小平市回田町100-1,https://store.welcia.co.jp/welcia/spot/detail?code=8230D&category=21,〇,"午前9時から午後7時まで
※日曜、祝日を除く",2名,〇,"午前9時から午後7時まで
※日曜、祝日を除く",調剤薬局待合室
小平市,"ウェルパーク薬局
小平小川橋店",小平市小川町1-432-1,https://store.welcia.co.jp/welcia/spot/detail?code=8299D&category=21,〇,"午前10時から午後7時まで
※日曜、祝日を除く",2名,〇,"午前10時から午後7時まで
※日曜、祝日を除く",調剤薬局待合室
日野市,中央公民館,日野市日野本町7-5-23,https://www.city.hino.lg.jp/kouminkan/1015471/1015472/index.html,〇,【火～日】9:00～21:30、 月曜日、祝祭日はお休み,15名,〇,【火～日】9:00～21:30、 月曜日、祝祭日はお休み,談話室
日野市,日野市役所本庁舎,日野市神明1-12-1,https://www.city.hino.lg.jp/shisetsu/shiyakusho/shiyakusho/honcho/index.html,〇,【月～土】8:30～17:15、祝日はお休み,多数,〇,【月～土】8:30～17:15、祝日はお休み,ホールなど
日野市,日野市立カワセミハウス,日野市東豊田3-26-1,https://www.city.hino.lg.jp/kawasemihouse/1016733/1016855.html,〇,【火～日】9:00～21:30、 月曜定休、月曜祝日の場合翌火曜定休,8名,〇,【火～日】9:00～21:30、 月曜定休、月曜祝日の場合翌火曜定休,ラウンジ、芝生広場
日野市,"ひの煉瓦ホール(日野市民会
館)",日野市神明1-12-1,https://www.hino-kaikan.jp/,〇,【火～日】9:00～18:00、毎週月曜日はお休み（但し、その日が休日にあたるときはその翌日）,10名,,,
日野市,生活・保健センター,日野市日野本町1-6-2,https://www.city.hino.lg.jp/shisetsu/shiyakusho/desakli/1000917.html,〇,【月～日】8:30～21:00,50名,,,
日野市,東部会館,日野市石田1-11-1,http://tobukaikan.com/,〇,【火～日】9:00～21:30,50名,,,
日野市,新町交流センター,日野市新町1-13都営住宅11号棟,https://www.city.hino.lg.jp/shisetsu/bunka/chikucenter/index.html,〇,【月～日】9:00～21:00,17名,,,
日野市,南平駅西交流センター,"日野市平山4-18-1
都営住宅6号棟1階",https://www.city.hino.lg.jp/shisetsu/bunka/chikucenter/index.html,〇,【月～日】9:00～21:00 ,13名,,,
日野市,万願寺交流センター,日野市万願寺4-20-12,https://www.city.hino.lg.jp/shisetsu/bunka/chikucenter/index.html,〇,【月～日】9:00～21:00,10名,,,
日野市,落川交流センター,日野市落川1400,https://www.city.hino.lg.jp/shisetsu/bunka/chikucenter/index.html,〇,【月～日】9:00～21:00,5名,,,
日野市,ひの市民活動支援センター本館,日野市多摩平1-10-1,https://www.city.hino.lg.jp/shisetsu/bunka/shukai/1000976.html,〇,【月～日】9:00～22:00,3名,,,
日野市,七生支所,日野市高幡128-5京王高幡S.C.2階,https://www.city.hino.lg.jp/shisetsu/shiyakusho/shiyakusho/shisho/index.html,〇,【月～土】8:30～17:00、祝日、臨時休業日はお休み ,5名,,,
日野市,"日野市子ども包括支援セン
ター",日野市神明1-13-2,https://www.city.hino.lg.jp/shisetsu/shiyakusho/desakli/1026332.html,〇,"【月～土】8:30～17:00
【日】9:00～17:00
祝日はお休み",28名,,,
日野市,多摩平の森ふれあい館,日野市多摩平2-9,https://www.city.hino.lg.jp/shisetsu/shiyakusho/desakli/fureai/index.html,〇,"【月～金】8:45～21:30
【土・日】8:45～21:30
祝日の開放開始時刻は8:45",20名,,,
日野市,新選組のふるさと歴史館,日野市神明4-16-1,https://www.city.hino.lg.jp/shinsenr/index.html,〇,"【火～日】9:30～17:00
月曜祝日の場合は開館し、翌火曜日はお休み
臨時休館あり",10名,,,
日野市,中央公民館高幡分室,日野市程久保550,https://www.city.hino.lg.jp/kouminkan/index.html,〇,【火～日】9:00～21:30 月曜日、祝祭日はお休み ,6名,,,
日野市,郷土資料館,日野市程久保550,https://www.city.hino.lg.jp/museum/index.html,〇,【火～日】9:00～17:00 月曜祝日の場合は開館し翌火曜日はお休み,5名,,,
日野市,中央図書館,日野市豊田2-49-2,https://www.lib.city.hino.lg.jp/,〇,"【火～金】10:00～19:00
【土・日】10:00～17:00 祝日は開館（月曜含む）※祝日（月曜日）の開放開始 時間、終了時間は土曜日、日曜日と同じ",10名,,,
日野市,高幡図書館,日野市三沢4-1-12,https://www.lib.city.hino.lg.jp/,〇,"【火～金】10:00～19:00
【土・日】10:00～17:00 祝日は開館（月曜含む）※祝日（月曜日）の開放開始 時間、終了時間は土曜日、日曜日と同じ。 ",8名,,,
日野市,日野図書館,日野市日野本町7-5-14,https://www.lib.city.hino.lg.jp/,〇,  【火～金】10:00～19:00【土・日】10:00～17:00 祝日は開館（月曜含む）※祝日（月曜日）の開放開始 時間、終了時間は土曜日、日曜日と同じ。,4名,,,
日野市,多摩平図書館,"日野市多摩平2-9
多摩平の森ふれあい館1階",https://www.lib.city.hino.lg.jp/,〇,【火～金】10:00～19:00【土・日】10:00～17:00 祝日は開館（月曜含む）※祝日（月曜日）の開放開始 時間、終了時間は土曜日、日曜日と同じ。 ,8名,,,
日野市,百草図書館,日野市百草204-1,https://www.lib.city.hino.lg.jp/,〇,【火～金】10:00～19:00【土・日】10:00～17:00 祝日は開館（月曜含む）※祝日（月曜日）の開放開始 時間、終了時間は土曜日、日曜日と同じ。,8名,,,
日野市,平山図書館,日野市平山5-18-2,https://www.lib.city.hino.lg.jp/,〇,【火～金】10:00～19:00【土・日】10:00～17:00 祝日は開館（月曜含む）※祝日（月曜日）の開放開始 時間、終了時間は土曜日、日曜日と同じ。 ,15名,,,
日野市,日野市立七ツ塚ファーマーズセンター,日野市新町5-20-1,https://www.city.hino.lg.jp/shisetsu/bunka/shukai/1000971.html,〇,【月～日】9:00～17:00 ほか臨時休館あり,15名,,,
日野市,福祉支援センター,日野市高幡1011,https://www.city.hino.lg.jp/shisetsu/fukushi/shiencenter/1000959.html,〇,【月～土】8:30～21:00 祝日はお休み,4名,,,
日野市,中央福祉センター,日野市日野本町7-5-23,https://www.city.hino.lg.jp/shisetsu/fukushi/fukushicenter/index.html,〇,【火～日】9:00～16:30 毎週月曜日、祝日（こどもの日、敬老の日を除く） ※ただし、こどもの日が月曜日と重なった場合はお休み ,236名,,,
日野市,七生福祉センター,日野市三沢3-50-1,https://www.city.hino.lg.jp/shisetsu/fukushi/fukushicenter/index.html,〇,【火～日】9:00～16:30 毎週月曜日（ただしその日が休日にあたる場合はその 翌日）、その他設備保守点検日などはお休み ,80名,,,
日野市,湯沢福祉センター,日野市程久保873,https://www.city.hino.lg.jp/shisetsu/fukushi/fukushicenter/index.html,〇,【火～日】9:00～16:30 毎週月曜日、祝日（こどもの日、敬老の日を除く） ※ただし、こどもの日が月曜日と重なった場合はお休み,145名,,,
日野市,高幡福祉センター,日野市高幡864-4,https://www.city.hino.lg.jp/shisetsu/fukushi/fukushicenter/index.html,〇,【火～日】9:00～16:30 毎週月曜日、祝日（こどもの日、敬老の日を除く） ※ただし、こどもの日が月曜日と重なった場合はお休み,50名,,,
日野市,イオンモール多摩平の森,日野市多摩平2-4-1,https://tamadairanomori-aeonmall.com/,〇,【月～日】10:00～21:00 (1階フードコートは22:00まで),"6,000名程度",,,
日野市,もぐさ駅前薬局,日野市百草204-1,https://tokunaga-p.jp/store/2323/,〇,"【月～金】9:00～19:00　【土～日】9:00～13:00
※祝日、臨時休業日はお休み",10名,,,
日野市,薬局しらい,日野市高幡1006-8,,〇,【月～日】9:30～18:00,5名,,,
日野市,ノムラ薬局市立病院前店,日野市多摩平5-16-6,http://www.nomura-ph.co.jp,〇,"【月～金】8:30～18:00　【土】9:00～18:00
※祝日はお休み",10名,,,
日野市,ノムラ薬局豊田南店,日野市豊田3-32-4ノムラメディカルビル1階,http://www.nomura-ph.co.jp,〇,【月～土】9:00～18:00　※祝日はお休み,10名,,,
日野市,しんわ薬局日野店,日野市日野本町4-2-10,https://www.mdx-yakuzaishi.co.jp/shop/105/,〇,【月～木】8:00～19:00　【金】9:00～19:00　【土】8:00～17:00　※祝日はお休み。夏季は時間短縮あり,6名,,,
日野市,龍生堂薬局高幡不動店,日野市高幡318,https://www.ryuseido.co.jp/shop/15.html,〇,【月～金】10:00～19:00　※祝日はお休み。お盆休みあり,5名,,,
日野市,ひまわり館多摩営業所,日野市多摩平1-14-100,https://www.himawarikan.co.jp/,〇,【月～土】9:00～18:00　※祝日・お盆・年末年始はお休み,8名,,,
日野市,クオール薬局高幡不動駅前店,日野市高幡328-2-3,https://store.qol-net.co.jp/detail/721/,〇,"【月～水・金】午前9時00分～午後7時00分
【木】午前9時00分～午後5時00分
【土】午前9時00分～午後1時00分
※日曜・祝日はお休み",8名,,,
日野市,ウェルパーク日野栄町店,日野市栄町1-33-4,https://store.welcia.co.jp/welcia/spot/detail?code=8274D,〇,"【月～金】午前9時00分～午後6時00分
※午後1時00分～午後2時00分は調剤閉鎖
土曜・日曜・祝日・年末年始はお休み",2名,,,
日野市,ウェルパーク日野神明店,日野市神明2-8-1,https://store.welcia.co.jp/welcia/spot/detail?code=8263D,〇,"【月～金】午前9時00分～午後6時00分
※午後1時00分～午後2時00分は調剤閉鎖
土曜・日曜・祝日・年末年始はお休み",2名,,,
日野市,みらいと高幡,日野市高幡651-5 高幡マンション第2 3階,,〇,"【月～金】午前9時00分～午後4時00分
※祝日・年末年始はお休み",15名,,,
東村山市,市役所本庁舎・JMいきいきプラザ,東村山市本町1丁目2番地3,https://www.city.higashimurayama.tokyo.jp/shisetsu/shi/shi/index.html,〇,8:30～17:00（祝日を除く・月曜から金曜）,200名以上,〇,8:30～17:00（祝日を除く・月曜から金曜）,
東村山市,中央図書館,東村山市本町1丁目1番地10,https://www.city.higashimurayama.tokyo.jp/shisetsu/kyoiku/lib/chuo.html,〇,9:30～20:00（火曜から金曜）9:30～17:00（土日祝）,30名,〇,9:30～20:00（火曜から金曜）9:30～17:00（土日祝）,
東村山市,中央公民館,東村山市本町2丁目33番地2,https://www.city.higashimurayama.tokyo.jp/tanoshimi/yoka/kominkan/02chuo/shisetu/index.html,〇,9:00～22:00（火曜から日曜）,"1階ロビー80名（うち着座60名）
2階ロビー40名（うち着座30名）",〇,9:00～22:00（火曜から日曜）,
東村山市,久米川憩いの家,東村山市久米川町5丁目16番地1,https://www.city.higashimurayama.tokyo.jp/shisetsu/korei/15-1kumegawaikoi/index.html,〇,9:00～17:00（祝日を除く・月曜から土曜）,23名,〇,9:00～17:00（祝日を除く・月曜から土曜）,
東村山市,TAC東村山スポーツセンター,東村山市久米川町3丁目30番地5,https://www.city.higashimurayama.tokyo.jp/shisetsu/koen/sportscenter/index.html,〇,8:30～22:30,30名,〇,8:30～22:30,
東村山市,秋津文化センター,東村山市秋津町2丁目17番地10,https://www.city.higashimurayama.tokyo.jp/tanoshimi/yoka/kominkan/04akitsu/riyouannnai.html,〇,9:00～22:00（火曜から日曜）（2階ロビーは17:30まで）,1階ロビー10名　2階ロビー30名,〇,9:00～22:00（火曜から日曜）（2階ロビーは17:30まで）,
東村山市,久米川ふれあいセンター,東村山市久米川町3丁目16番地4,https://www.city.higashimurayama.tokyo.jp/shisetsu/shukai/furesenn/kumegawa/index.html,〇,9:00～21:30（木曜から火曜）,若干名,〇,9:00～21:30（木曜から火曜）,
東村山市,秋水園管理棟,東村山市秋津町4丁目17番地1,https://www.city.higashimurayama.tokyo.jp/shisetsu/gomi/syusuien/index.html,〇,8:30～17:00（祝日を除く・月曜から金曜）,8名,〇,8:30～17:00（祝日を除く・月曜から金曜）,
東村山市,秋水園ふれあいセンター,東村山市秋津町4丁目24番地12,https://www.city.higashimurayama.tokyo.jp/shisetsu/shukai/furesenn/syusuienn/index.html,〇,9:00～21:30（火曜から日曜）,15名,〇,9:00～21:30（火曜から日曜）,
東村山市,青葉地域センター,東村山市青葉町3丁目30番地3,https://www.city.higashimurayama.tokyo.jp/shisetsu/shukai/aoba/index.html,〇,9:30～17:00（火曜から日曜）,若干名,〇,9:30～17:00（火曜から日曜）,
東村山市,萩山文化センター,東村山市萩山町2丁目13番地1,https://www.city.higashimurayama.tokyo.jp/tanoshimi/yoka/kominkan/03hagiyama/riyouannai.html,〇,9:00～22:00（火曜から日曜）,公民館ロビー10名,〇,9:00～22:00（火曜から日曜）,
東村山市,萩山憩いの家,東村山市萩山町2丁目3番地11,https://www.city.higashimurayama.tokyo.jp/shisetsu/korei/15-2hagiyamaikoi/index.html,〇,9:00～17:00（祝日を除く・月曜から土曜）,8名,〇,9:00～17:00（祝日を除く・月曜から土曜）,
東村山市,美住リサイクルショップ,東村山市美住町2丁目11番地32,https://www.city.higashimurayama.tokyo.jp/shisetsu/gomi/recycle/index.html,〇,9:00～17:00（祝日を除く・木曜から火曜）,6名,〇,9:00～17:00（祝日を除く・木曜から火曜）,
東村山市,富士見図書館,東村山市富士見町1丁目7番地35,https://www.city.higashimurayama.tokyo.jp/shisetsu/kyoiku/lib/fujimi.html,〇,9:30～17:00（火・水・金・土・日曜）9:30～19:00（木曜）,若干名,〇,9:30～17:00（火・水・金・土・日曜）9:30～19:00（木曜）,
東村山市,富士見文化センター,東村山市富士見町5丁目4番地51,https://www.city.higashimurayama.tokyo.jp/tanoshimi/yoka/kominkan/05fujimi/riyouannai.html,〇,9:00～22:00（祝日の月曜を除く）,"1階吹き抜け15名（椅子9＋長椅子6）
2階ホワイエ椅子10名
その他立ち空間10名",〇,9:00～22:00（祝日の月曜を除く）,
東村山市,富士見憩いの家,東村山市富士見町5丁目4番地51,https://www.city.higashimurayama.tokyo.jp/shisetsu/korei/15-3fujimiikoi/index.html,〇,9:00～17:00（祝日を除く・月曜から土曜）,7名,〇,9:00～17:00（祝日を除く・月曜から土曜）,
東村山市,廻田文化センター,東村山市廻田町4丁目19番地1,https://www.city.higashimurayama.tokyo.jp/tanoshimi/yoka/kominkan/06megurita/riyouannai.html,〇,9:00～22:00（火曜から日曜）,1階ロビー20名　,〇,9:00～22:00（火曜から日曜）,
東村山市,廻田憩いの家,東村山市廻田町3丁目12番地6,https://www.city.higashimurayama.tokyo.jp/shisetsu/korei/15-4meguritaikoi/index.html,〇,9:00～17:00（祝日を除く・月曜から土曜）,33名,〇,9:00～17:00（祝日を除く・月曜から土曜）,
東村山市,多摩湖ふれあいセンター,東村山市多摩湖町1丁目18番地16,https://www.city.higashimurayama.tokyo.jp/shisetsu/shukai/furesenn/tamako/index.html,〇,9:00～21:30（木曜から火曜）,若干名,〇,9:00～21:30（木曜から火曜）,
東村山市,ふるさと歴史館,東村山市諏訪町1丁目6番地3,https://www.city.higashimurayama.tokyo.jp/tanoshimi/rekishi/furusato/index.html,〇,9:30～17:00（入館は16:30まで）,15名,〇,9:30～17:00（入館は16:30まで）,
東村山市,サンパルネ(市民交流スペース),東村山市野口町1丁目46番地　ワンズタワー3階,https://www.city.higashimurayama.tokyo.jp/shisetsu/koen/sunpalne/h2.html,〇,6:00～23:00（平日）8:00～23:00（土日祝）,50名,〇,6:00～23:00（平日）8:00～23:00（土日祝）,
東村山市,地域福祉センター,東村山市野口町1丁目25番地15,https://www.city.higashimurayama.tokyo.jp/shisetsu/shogai/fukushi/index.html,〇,9:00～17:00（祝日を除く・月曜から金曜）,6名,〇,9:00～17:00（祝日を除く・月曜から金曜）,
東村山市,八国山たいけんの里,東村山市野口町3丁目48番地1,https://www.city.higashimurayama.tokyo.jp/shisetsu/koen/taikennosato/index.html,〇,9:30～17:00（入館は16:30まで）,9名,〇,9:30～17:00（入館は16:30まで）,
東村山市,農とみどりの体験パーク（秋津ちろりん村）,東村山市秋津町1丁目9番地,https://www.city.higashimurayama.tokyo.jp/shisetsu/koen/tirorin1/index.html,〇,9:00～16:50（イベント等での使用時を除く）,10名,〇,9:00～16:50（イベント等での使用時を除く）,
東村山市,株式会社ピーコネクト,東村山市本町1丁目20番地18,,,,,〇,"令和8年7月1日（水）から9月30日（水）
9：00～17：00
※土曜・日曜・祝日を除く。",
東村山市,東村山郵便局,東村山市本町 2丁目1番地2,,,,,〇,"令和8年7月1日（水）から9月18日（金）
9：00～16：00
※土曜・日曜・祝日・8月14日（金）から8月17日（月）を除く。",
東村山市,株式会社イトーヨーカ堂　東村山店,東村山市本町2丁目2番地19,,,,,〇,"令和8年7月1日（水）から9月15日（火）
9：00～20：00",
東村山市,株式会社長坂式典センター,東村山市本町2丁目19番地36,,,,,〇,"令和8年7月1日（水）から9月30日（水）
9：00～17：00
※葬儀施行中を除く。",
東村山市,スパイスカレーリコード本店,東村山市本町3丁目9番地40,,,,,〇,"令和8年7月1日（水）から9月30日（水）
11：00～14：00（月～土）
11：00～22：00（日）
※金曜・土曜は18：00～22：00も開設",
東村山市,東村山・ワーカーズまちの縁がわ本町,東村山市本町4丁目1番地8,,,,,〇,"令和8年7月1日（水）から9月30日（水）
10：00～16：00
※土曜・日曜・祝日・8月11日（火・祝）から8月17日（月）を除く。",
東村山市,シンヨーケアサービス,東村山市本町4丁目3番地5,,,,,〇,"令和8年7月1日（水）から9月30日（水）
9：30～17：00
※日曜・祝日を除く。",
東村山市,東村山市役所前郵便局,東村山市本町4丁目7番地,,,,,〇,"令和8年7月1日（水）から9月18日（金）
9：00～16：00
※土曜・日曜・祝日・8月14日（金）から8月17日（月）を除く。",
東村山市,社会福祉法人 長寿村　ひがしむらやま翔裕園,東村山市久米川町2丁目23番地3,,,,,〇,"令和8年7月1日（水）から9月30日（水）
9：00～17：00
※土曜・日曜・祝日を除く。その他、施設イベント等開催日はご利用いただけません。",
東村山市,東村山秋津郵便局,東村山市秋津町3丁目10番地10,,,,,〇,"令和8年7月1日（水）から9月18日（金）
9：00～16：00
※土曜・日曜・祝日・8月14日（金）から8月17日（月）を除く。",
東村山市,株式会社東光,東村山市秋津町4丁目16番地4,,,,,〇,"令和8年7月1日（水）から9月30日（水）
9：00～16：00　※12：00～13：00を除く
 ※土曜・日曜を除く。",
東村山市,新秋津駅前郵便局,東村山市秋津町5丁目36番地2,,,,,〇,"令和8年7月1日（水）から9月18日（金）
9：00～16：00
※土曜・日曜・祝日・8月14日（金）から8月17日（月）を除く。",
東村山市,東村山青葉郵便局,東村山市青葉町2丁目4番地43,,,,,〇,"令和8年7月1日（水）から9月18日（金）
9：00～16：00
※土曜・日曜・祝日・8月14日（金）から8月17日（月）を除く。",
東村山市,株式会社三光商会,東村山市恩多町2丁目41番地3,,,,,〇,"令和8年7月1日（水）から9月30日（水）
9：00～17：00",
東村山市,東村山栄町郵便局,東村山市栄町1丁目15番地56,,,,,〇,"令和8年7月1日（水）から9月18日（金）
9：00～16：00
※土曜・日曜・祝日・8月14日（金）から8月17日（月）を除く。",
東村山市,久米川駅前郵便局,東村山市栄町2丁目8番地10,,,,,〇,"令和8年7月1日（水）から9月18日（金）
9：00～16：00
※土曜・日曜・祝日・8月14日（金）から8月17日（月）を除く。",
東村山市,Dog Salon ANIMO,東村山市栄町2丁目28番地12　Rビル1F,,,,,〇,"令和8年7月1日（水）から9月30日（水）
9：30～17：00",
東村山市,八坂駅前郵便局,東村山市栄町3丁目10番地22,,,,,〇,"令和8年7月1日（水）から9月18日（金）
9：00～16：00
※土曜・日曜・祝日・8月14日（金）から8月17日（月）を除く。",
東村山市,萩山駅前郵便局,東村山市萩山町1丁目2番地6,,,,,〇,"令和8年7月1日（水）から9月4日（金）
9：00～16：00
※土曜・日曜・祝日・8月14日（金）から8月17日（月）を除く。",
東村山市,生茶泰庵,東村山市萩山町3丁目5番地24 ,,,,,〇,"令和8年7月1日（水）から9月30日（水）
10：00～17：00",
東村山市,株式会社minka,東村山市富士見町2丁目2番地12 SK東村山101,,,,,〇,"令和8年7月1日（水）から9月30日（水）
9：00～17：00　※12：30～14：00を除く。
※土曜・日曜を除く。",
東村山市,東村山諏訪郵便局,東村山市諏訪町1丁目21番地10,,,,,〇,"令和8年7月1日（水）から9月18日（金）
9：00～16：00
※土曜・日曜・祝日・8月14日（金）から8月17日（月）を除く。",
東村山市,トロル,東村山市野口町1丁目11番地4,,,,,〇,"令和8年7月1日（水）から9月30日（水）
平日　11：00～18：30
土曜・日曜・祝日　11：00～17：00",
東村山市,東村山野口郵便局,東村山市野口町3丁目14番地24,,,,,〇,"令和8年7月1日（水）から9月18日（金）
9：00～16：00
※土曜・日曜・祝日・8月14日（金）から8月17日（月）を除く。",
東村山市,株式会社イーグル商会,東村山市本町2丁目3番地21　東村山第3赤澤ビル5F,,,,,〇,"令和8年7月1日（水）から9月30日（水）　
10：00～16：00　※12：00から13：00を除く
※土曜・日曜・祝日を除く。",
東村山市,社会福祉法人 村山苑　ほんちょうケアセンター,東村山市本町3丁目43番地1,,,,,〇,"令和8年7月1日（水）から9月30日（水）　
10：00～16：00
※日曜・祝日を除く。",
東村山市,hair home Hot,東村山市恩多町3丁目28番地1 金子ビル1F,,,,,〇,"令和8年7月1日（水）から9月30日（水）
9：30～17：00",
東村山市,社会福祉法人 村山苑　特別養護老人ホーム ハトホーム,東村山市富士見町2丁目7番地5,,,,,〇,"令和8年7月1日（水）から9月30日（水）
9：30～17：00",
東村山市,社会福祉法人 村山苑　特別養護老人ホーム 第2ハトホーム,東村山市富士見町2丁目7番地5,,,,,〇,"令和8年7月1日（水）から9月30日（水）
9：00～17：00",
東村山市,社会福祉法人 山鳩会　ひなたの道,東村山市廻田町1丁目15番地1,,,,,〇,"令和8年7月1日（水）から9月30日（水）　
9：00～15：00　※11：30～13：00を除く
※土曜・日曜・祝日、7月11日（土）、8月13日（木）から8月16日（日）を除く。",
東村山市,白十字ホーム,東村山市諏訪町2丁目26番地1,,,,,〇,"令和8年7月1日（水）から9月30日（水）　
10：00～16：00
※日曜を除く。",
東村山市,飯能信用金庫東村山支店,東村山市野口町3丁目4番地13,,,,,〇,"令和8年7月1日（水）から9月30日（水）　
9：00～15：00　※11：30～12：30を除く
※土曜・日曜・祝日を除く。",
東村山市,セブン-イレブン東村山秋津5丁目店,東村山市秋津町5丁目22番地2,,,,,〇,"令和8年7月8日（水）から9月30日（水）
24時間利用可",
東村山市,Megurita Garden（株式会社M-STORE）,東村山市廻田町2丁目15番地3,,,,,〇,"令和8年7月13日（月）から9月11日（金）
9：30～18：00
　※水曜を除く。",
東村山市,株式会社ウェルパーク,東村山市本町2丁目17番地4　モンテプラザ１階,,,,,〇,"令和8年8月5日（水）から9月30日（水）
平日…9：00～19：00、土曜…9：00～17：00
　※日曜、祝日を除く。",
東村山市,ウェルパーク薬局東村山富士見町3丁目店,東村山市富士見町3丁目13番地14,,,,,〇,"令和8年8月5日（水）から9月30日（水）
9：00～19：00（8月12日(水)～8月22日(土)は、9：00～18：00）
　※日曜、祝日を除く。",
東村山市,デイサービスふじみ,東村山市富士見町5丁目5番地58　サンコーハイツ103,,,,,〇,"令和8年7月15日（水）から9月30日（水）
9：00～16：30
　※日曜、8月13日（木）～8月16日（日）を除く。",
国分寺市,国分寺市役所,国分寺市泉町2-2-18,https://www.city.kokubunji.tokyo.jp/shisetsu/shikanren/shiyakusyo/shiyakusyo.html,〇,"8:30～17:00
閉庁日：土・日・祝日・振替休日",30名,〇,"8:30～17:00
閉庁日：土・日・祝日・振替休日",３階リフレッシュスペース
国分寺市,内藤地域センター,国分寺市内藤2-22-34,https://www.city.kokubunji.tokyo.jp/shisetsu/shikanren/chiiki/1003820.html,〇,"9:00～22:00
（夜間の利用がない場合は17:00まで）
休館日：水曜日",6名,〇,"9:00～22:00
（夜間の利用がない場合は17:00まで）
休館日：水曜日",１階ロビー
国分寺市,北町地域センター,国分寺市北町3-2-13,https://www.city.kokubunji.tokyo.jp/shisetsu/shikanren/chiiki/1003822.html,〇,"9:00～22:00
（夜間の利用がない場合は17:00まで）
休館日：水曜日",6名,〇,"9:00～22:00
（夜間の利用がない場合は17:00まで）
休館日：水曜日",１階エントランス・２階談話室
国分寺市,北の原地域センター,国分寺市東恋ヶ窪6-9-11,https://www.city.kokubunji.tokyo.jp/shisetsu/shikanren/chiiki/1003823.html,〇,"9:00～22:00
（夜間の利用がない場合は17:00まで）
休館日：水曜日",7名,〇,"9:00～22:00
（夜間の利用がない場合は17:00まで）
休館日：水曜日",１階ロビー
国分寺市,西町地域センター,"国分寺市西町3-22-1
(西町プラザ内)",https://www.city.kokubunji.tokyo.jp/shisetsu/shikanren/chiiki/1003821.html,〇,"9:00～22:00
（夜間の利用がない場合は17:00まで）
休館日：水曜日",16名,〇,"9:00～22:00
（夜間の利用がない場合は17:00まで）
休館日：水曜日",１階・２階ロビー
国分寺市,本町・南町地域センター,国分寺市南町3-21-1ブロードアベニュー国分寺1階,https://www.city.kokubunji.tokyo.jp/shisetsu/shikanren/chiiki/1003824.html,〇,"9:00～22:00
（夜間の利用がない場合は17:00まで）
休館日：水曜日",10名,〇,"9:00～22:00
（夜間の利用がない場合は17:00まで）
休館日：水曜日",１階ロビー（玄関正面・自販機横）
国分寺市,もとまち地域センター,国分寺市西元町3-18-12(もとまちプラザ内),https://www.city.kokubunji.tokyo.jp/shisetsu/shikanren/chiiki/1003825.html,〇,"9:00～22:00
（夜間の利用がない場合は17:00まで）
休館日：水曜日",5名,〇,"9:00～22:00
（夜間の利用がない場合は17:00まで）
休館日：水曜日",１階待合室
国分寺市,史跡の駅おたカフェ,国分寺市西元町1-13-6,https://www.city.kokubunji.tokyo.jp/shisetsu/kouen/1005196/1004238.html,〇,"9:00～17:00
休館日：月曜日
（祝日・振替休日の場合は翌日）",25名,〇,"9:00～17:00
休館日：月曜日
（祝日・振替休日の場合は翌日）",店内
国分寺市,市民スポーツセンター,小平市上水本町6-22-1,https://www.city.kokubunji.tokyo.jp/shisetsu/sport/shimin/1004197.html,〇,"9:00～22:30
休館日：第３月曜日
（祝日・振替休日の場合は翌日）",30名,〇,"9:00～22:30
休館日：第３月曜日
（祝日・振替休日の場合は翌日）",ロビー
国分寺市,ひかりプラザ,国分寺市光町1-46-8,https://www.city.kokubunji.tokyo.jp/shisetsu/shikanren/shiyakusyo/1003818.html,〇,"8:30～22:00
休館日：第２・第４月曜日
（祝日・振替休日の場合は翌日）",9名,〇,"8:30～22:00
休館日：第２・第４月曜日
（祝日・振替休日の場合は翌日）",ロビー　　　　(鉄道展示室含む)
国分寺市,いずみホール,国分寺市泉町3-36-12,https://www.city.kokubunji.tokyo.jp/shisetsu/shikanren/hall/1003837.html,〇,"9:00～22:00
休館日：第１・第３月曜日
（祝日・振替休日の場合は翌日）","30名程度
※イベント開催時は参加者優先",〇,"9:00～22:00
休館日：第１・第３月曜日
（祝日・振替休日の場合は翌日）",ロビー
国分寺市,cocobunjiプラザ,国分寺市本町3-1-1cocobunji WEST5階,https://www.city.kokubunji.tokyo.jp/shisetsu/shikanren/hall/1017572.html,〇,9:00～22:00,"20名程度
※イベント開催時は参加者優先",〇,9:00～22:00,ホワイエ等共用部分
国分寺市,本多公民館,国分寺市本多1-7-1,https://www.city.kokubunji.tokyo.jp/shisetsu/shikanren/kouminkan/1003831.html,〇,"8:30～22:00
休館日：第１・第３月曜日
（祝日・振替休日の場合を除く）",15名,〇,"8:30～22:00
休館日：第１・第３月曜日
（祝日・振替休日の場合を除く）",１階ロビー
国分寺市,恋ヶ窪公民館,国分寺市西恋ヶ窪4-12-8,https://www.city.kokubunji.tokyo.jp/shisetsu/shikanren/kouminkan/1003832.html,〇,"8:30～22:00
（祝日・振替休日の場合は17:00まで）
休館日：第３月曜日、その他の祝日・振替休日の月曜日",16名,〇,"8:30～22:00
（祝日・振替休日の場合は17:00まで）
休館日：第３月曜日、その他の祝日・振替休日の月曜日","２階廊下
(恋ケ窪公民館自体が建物２階です）"
国分寺市,光公民館,国分寺市光町3-13-19,https://www.city.kokubunji.tokyo.jp/shisetsu/shikanren/kouminkan/1003833.html,〇,"8:30～22:00
（祝日・振替休日の場合は17:00まで）
休館日：第３月曜日、その他の祝日・振替休日の月曜日",8名,〇,"8:30～22:00
（祝日・振替休日の場合は17:00まで）
休館日：第３月曜日、その他の祝日・振替休日の月曜日",１階ロビー
国分寺市,もとまち公民館,国分寺市東元町2-3-13,https://www.city.kokubunji.tokyo.jp/shisetsu/shikanren/kouminkan/1003834.html,〇,"8:30～22:00
（祝日・振替休日の場合は17:00まで）
休館日：第３月曜日、その他の祝日・振替休日の月曜日","１階11名
２階21名",〇,"8:30～22:00
（祝日・振替休日の場合は17:00まで）
休館日：第３月曜日、その他の祝日・振替休日の月曜日",１階・２階ロビー
国分寺市,並木公民館,国分寺市並木町2-12-3,https://www.city.kokubunji.tokyo.jp/shisetsu/shikanren/kouminkan/1003835.html,〇,"8:30～22:00
（祝日・振替休日の場合は17:00まで）
休館日：第３月曜日、その他の祝日・振替休日の月曜日
※令和８年10月以降、改修工事に伴い休館",30名,〇,"8:30～22:00
（祝日・振替休日の場合は17:00まで）
休館日：第３月曜日、その他の祝日・振替休日の月曜日
※令和８年10月以降、改修工事に伴い休館",１階ホール・ロビー
国分寺市,福祉センタ ー,国分寺市戸倉4-14,https://www.city.kokubunji.tokyo.jp/shisetsu/hoken/1003873.html,〇,"9:00～21:30
休館日：月曜・祝日
（敬老の日を除く・月曜日が祝日にあたるときは翌日も休館）",16名,〇,"9:00～21:30
休館日：月曜・祝日
（敬老の日を除く・月曜日が祝日にあたるときは翌日も休館）",ロビー
国分寺市,いずみプラザ,国分寺市泉町2-3-8,https://www.city.kokubunji.tokyo.jp/shisetsu/shikanren/shiyakusyo/1030291.html,〇,"8:30～17:00
閉庁日：土・日・祝日・振替休日",12名,〇,"8:30～17:00
閉庁日：土・日・祝日・振替休日",ロビー
国分寺市,さわやかプラザもとまち,国分寺市東元町2-5-17,https://www.city.kokubunji.tokyo.jp/shisetsu/hoken/ikigai/1003847.html,〇,"9:00～17:00
休館日：奇数月（1・3・5・7・9・11月）の第3日曜日",4名,〇,"9:00～17:00
休館日：奇数月（1・3・5・7・9・11月）の第3日曜日",１階ロビー
国分寺市,東京都立多摩図書館,国分寺市泉町2-2-26,https://www.library.metro.tokyo.lg.jp/guide/tama_library/,,,,〇,開館時間(HP参照),1階閲覧室等
国分寺市,東京都公文書館,国分寺市泉町2-2-21,https://www.soumu.metro.tokyo.lg.jp/01soumu/archives/,,,,〇,休館日:日祝第3水曜、利用時間9:00～17:00,アーカイブウォール
国立市,東京都多摩障害者スポーツセンター,国立市富士見台2-1-1,https://tsad-portal.com/tamaspo,,,,〇,休館日:原則水曜日、利用時間:11:00～19:00、※障がい者等専用施設のため、レストラン以外は利用不可。,館内1階レストラン
国立市,国立市役所,国立市富士見台2-47-1,https://www.city.kunitachi.tokyo.jp/kurashi/shisetsu/1/5464.html,〇,平日8：30～17：00,47,,,
国立市,国立市公民館,国立市中1-15-1,https://www.city.kunitachi.tokyo.jp/soshiki/Dept08/Div05/index.html,〇,平日土日祝９：00～22：00（定休：月曜日）,20,,,
国立市,くにたち中央図書館,国立市富士見台2-34,https://www.city.kunitachi.tokyo.jp/kurashi/shisetsu/4/5446.html,〇,"平日9：30～19：00（定休：火曜日）
土日祝9：30～17：00",15,,,
国立市,くにたち北市民プラザ,"国立市北3-1-1
９号棟1階",https://www.city.kunitachi.tokyo.jp/kurashi/shisetsu/2/5503.html,〇,平日土日祝９：00～22：00（定休：火曜日）,30,,,
国立市,くにたち南市民プラザ,"国立市泉2-3-2
１号棟1階",https://www.city.kunitachi.tokyo.jp/kurashi/shisetsu/2/5505.html,〇,平日土日祝９：00～22：00（定休：火曜日）,20,,,
国立市,くにたち駅前市民プラザ,国立市北1-14-1,https://www.city.kunitachi.tokyo.jp/kurashi/shisetsu/2/5507.html,〇,"平日8：30～22：00
土日祝9：00～22：00",30,,,
国立市,保健センター,国立市富士見台3-16-5,https://www.city.kunitachi.tokyo.jp/kurashi/shisetsu/5373.html,〇,平日8：30～17：00,10,,,
国立市,城山さとのいえ,国立市泉5-21-20,https://www.city.kunitachi.tokyo.jp/machi/nogyo/1/6322.html,〇,平日土日祝9：00～17：00（定休：第２・第４木曜日）,15,,,
国立市,くにたち食育推進・給食ステーション,国立市泉1-3-6,https://www.city.kunitachi.tokyo.jp/kurashi/shisetsu/10042.html,〇,平日8：00～16：45,20,,,
国立市,矢川プラス,国立市富士見台4-17-65,https://www.city.kunitachi.tokyo.jp/kurashi/shisetsu/9687.html,〇,平日土日祝9：00～22：00（定休：第１・第３木曜日）,50,,,
国立市,国立駅南口子育ち・子育て応援テラス,国立市中1-1-47,https://kunitachi-terrace.jp/facility/access/#access,〇,平日土日祝9：00～22：00（定休：第２・第４火曜日）,20,,,
国立市,FSXアリーナ（くにたち総合体育館）,国立市富士見台2-48-1,https://www.city.kunitachi.tokyo.jp/kurashi/shisetsu/5/5450.html,〇,平日土日祝8：50～22：00（定休：第２・第４木曜日）,20,,,
国立市,くにたち郷土文化館,国立市谷保6231,https://www.city.kunitachi.tokyo.jp/kurashi/shisetsu/5/5449.html,〇,平日土日祝9：00～17：00（定休：第２・第４木曜日）,12,,,
国立市,くにたち福祉会館,国立市富士見台2-38-5,https://www.city.kunitachi.tokyo.jp/kurashi/shisetsu/5426.html,〇,平日土日８：30～22：00（定休：火曜日）,23,,,
福生市,福生市役所,福生市本町5,https://www.city.fussa.tokyo.jp/map/shiyakusho/1001595.html,〇,"月・火・木・金曜日：8:30～17:15
水曜日：8:30～20:00
土曜日：8:30～17:15
※10月以降、水・土曜の開庁時間が変わります。詳しくは市HPをご覧ください。(https://www.city.fussa.tokyo.jp/)",30名,〇,"月・火・木・金曜日：8:30～17:15
水曜日：8:30～20:00
土曜日：8:30～17:15
※10月以降、水・土曜の開庁時間が変わります。詳しくは市HPをご覧ください。(https://www.city.fussa.tokyo.jp/)",1階情報スペース
福生市,市民会館,福生市福生2455,https://www.city.fussa.tokyo.jp/map/bunka/1001607.html,〇,"火曜日から日曜日:9:00～22:00
※月曜日が祝日の場合は開館し、翌平日が休館日",19名,〇,"火曜日から日曜日:9:00～22:00
※月曜日が祝日の場合は開館し、翌平日が休館日",1階ロビー
福生市,白梅会館,福生市熊川559-1,https://www.city.fussa.tokyo.jp/map/bunka/1001608.html,〇,"火曜日から日曜日:9:00～22:00
※月曜日が祝日の場合は開館し、翌平日が休館日",4名,〇,"火曜日から日曜日:9:00～22:00
※月曜日が祝日の場合は開館し、翌平日が休館日",
福生市,わかぎり会館,福生市福生1280-1,https://www.city.fussa.tokyo.jp/map/bunka/1001614.html,〇,"火曜日から日曜日:9:00～22:00
※月曜日が祝日の場合は開館し、翌平日が休館日",10名,〇,"火曜日から日曜日:9:00～22:00
※月曜日が祝日の場合は開館し、翌平日が休館日",1階ロビー及びエレベーターホール前
福生市,わかたけ会館,福生市熊川199-1,https://www.city.fussa.tokyo.jp/map/bunka/1001613.html,〇,"火曜日から日曜日:9:00～22:00
※月曜日が祝日の場合は開館し、翌平日が休館日",10名,〇,"火曜日から日曜日:9:00～22:00
※月曜日が祝日の場合は開館し、翌平日が休館日",1階ロビー
福生市,かえで会館,福生市加美平1-20-6,https://www.city.fussa.tokyo.jp/map/bunka/1001619.html,〇,"火曜日から日曜日:9:00～22:00
※月曜日が祝日の場合は開館し、翌平日が休館日",4名,〇,"火曜日から日曜日:9:00～22:00
※月曜日が祝日の場合は開館し、翌平日が休館日",
福生市,福東会館,福生市熊川1662-7,https://www.city.fussa.tokyo.jp/map/bunka/1001624.html,〇,"火曜日から日曜日:9:00～22:00
※月曜日が祝日の場合は開館し、翌平日が休館日",2名,〇,"火曜日から日曜日:9:00～22:00
※月曜日が祝日の場合は開館し、翌平日が休館日",
福生市,福祉センター,福生市南田園2-13-1,https://www.city.fussa.tokyo.jp/map/shiyakusho/1001604.html,〇,"月曜日:9:00～17:00
火曜日から日曜日:9:00～22:00
※月曜日が祝日の場合は22：00まで開館し、翌平日が9:00～17:00",35名,〇,"月曜日:9:00～17:00
火曜日から日曜日:9:00～22:00
※月曜日が祝日の場合は22：00まで開館し、翌平日が9:00～17:00",1階ロビー
福生市,福生市観光案内所「くるみるふっさ」,福生市本町23,https://www.city.fussa.tokyo.jp/map/shiyakusho/1001605.html,〇,"火曜日から日曜日:10:00～18:00
※月曜日が祝日の場合は開館し、翌平日が休館日",8名,〇,"火曜日から日曜日:10:00～18:00
※月曜日が祝日の場合は開館し、翌平日が休館日",
福生市,S＆Dたまぐー福生中央図書館,福生市熊川850-1,https://www.city.fussa.tokyo.jp/map/bunka/1001612.html,〇,"火曜日から金曜日:10:00～20:00
土・日曜日・祝日:10:00～17:00
※月曜日が祝日の場合は開館し、翌平日が休館日",9名,〇,"火曜日から金曜日:10:00～20:00
土・日曜日・祝日:10:00～17:00
※月曜日が祝日の場合は開館し、翌平日が休館日","1階玄関ホール
2階エレベーターホール"
福生市,ドラッグセイムス牛浜調剤薬局,福生市牛浜109,https://store.seims.co.jp/map/9146/,〇,月曜日から土曜日:9:00～19:00（14:00～15:00は除きます）,3名,〇,月曜日から土曜日:9:00～19:00（14:00～15:00は除きます）,調剤待合室
福生市,ドラッグセイムス加美平店,福生市加美平1-28-3,https://store.seims.co.jp/map/9166/,〇,月曜日から日曜日:8:30～21:45,5名,〇,月曜日から日曜日:8:30～21:45,店内入口付近
福生市,中村調剤薬局,福生市熊川156-4,,〇,月曜日から土曜日:9:30～16:30,2～3名,〇,月曜日から土曜日:9:30～16:30,調剤待合室
狛江市,狛江市役所,狛江市和泉本町１－１－５,"https://www.city.komae.tokyo.jp/index.cfm/41,876,324,2026,html",〇,平日　８：30～17：00,19名,〇,開館時間等の詳細は各施設のHPをご確認ください。,館内各所
狛江市,あいとぴあセンター,狛江市元和泉２－35－１,"https://www.city.komae.tokyo.jp/index.cfm/41,0,324,2029,html",〇,平日、土曜日、日曜日、祝日　８：30～17：00　（第３土曜日は除く）,30名,〇,開館時間等の詳細は各施設のHPをご確認ください。,1階ロビー
狛江市,狛江市ビン・缶リサイクルセンター,狛江市岩戸北１－１－11,"https://www.city.komae.tokyo.jp/index.cfm/41,649,324,2026,html",,,,〇,開館時間等の詳細は各施設のHPをご確認ください。,エントランス、会議室
狛江市,西河原公民館,狛江市元和泉２－35－１,"https://www.komae.ed.jp/index.cfm/10,0,53,html",,,,〇,開館時間等の詳細は各施設のHPをご確認ください。,１階ロビー
狛江市,中央公民館【こまえみらいテラス】,狛江市和泉本町１－１－５,"https://www.komae.ed.jp/index.cfm/10,700,40,html",,,,〇,開館時間等の詳細は各施設のHPをご確認ください。,館内各所
狛江市,野川地域センター,狛江市西野川１－６－９,"https://www.city.komae.tokyo.jp/index.cfm/41,531,324,2028,html",,,,〇,開館時間等の詳細は各施設のHPをご確認ください。,"談話室、
１階ロビー"
狛江市,上和泉地域センター,狛江市和泉本町４－７－51,"https://www.city.komae.tokyo.jp/index.cfm/41,546,324,2028,html",,,,〇,開館時間等の詳細は各施設のHPをご確認ください。,館内各所
狛江市,岩戸地域センター,狛江市岩戸南２－２－５,"https://www.city.komae.tokyo.jp/index.cfm/41,545,324,2028,html",,,,〇,開館時間等の詳細は各施設のHPをご確認ください。,１階ロビー
狛江市,南部地域センター,狛江市猪方４－11－１,"https://www.city.komae.tokyo.jp/index.cfm/41,548,324,2028,html",,,,〇,開館時間等の詳細は各施設のHPをご確認ください。,コミュニティルーム
狛江市,ふらっとなんぶ,狛江市駒井町３－７－１,https://welfare.komae.org/s_list/reg_volunteer/flat_nanbu/,,,,〇,開館時間等の詳細は各施設のHPをご確認ください。,館内各所
狛江市,狛江市商工会館,狛江市和泉本町１－２－34,https://komaec.net/,,,,〇,開館時間等の詳細は各施設のHPをご確認ください。,館内各所
狛江市,Odakyu OX 狛江店,狛江市元和泉１－２－１,https://www.odakyu-ox.net/tenpo/komae.html,,,,〇,開館時間等の詳細は各施設のHPをご確認ください。,２階、３階エレベーター前
東大和市,新堀地区会館,東大和市新堀3-6-1,,〇,"月～日曜日　8:45～17:00
(木曜日を除く)",10名,〇,"月～日曜日　8:45～17:00
(木曜日を除く)",1Fロビー
東大和市,清原市民センター,東大和市清原4-1,,〇,"月～日曜日
8:45～17：00",10名,〇,"月～日曜日
8:45～17：00",1Fロビー
東大和市,上北台市民センター,東大和市上北台2-865-9,,〇,"月～日曜日
8:45～17：00",10名,〇,"月～日曜日
8:45～17：00",1Fロビー
東大和市,向原市民センター,東大和市向原3-10,,〇,"月～日曜日
8:45～17：00",10名,〇,"月～日曜日
8:45～17：00",1Fロビー
東大和市,南街市民センター,東大和市南街5-32,,〇,"月～日曜日
8:45～17:00",10名,〇,"月～日曜日
8:45～17:00",1・２Fロビー
東大和市,桜が丘市民センター,東大和市桜が丘3-44-13,,〇,"月～日曜日
8:45～17:00",10名,〇,"月～日曜日
8:45～17:00",1Fロビー
東大和市,奈良橋市民センター,東大和市奈良橋4-600,,〇,"月～日曜日
8:45～17:00",10名,〇,"月～日曜日
8:45～17:00",1Fロビー
東大和市,中央公民館,東大和市中央3-926,,〇,"火～日曜日
9:00～22:00",30名(1F:12名、2F:18名),〇,"火～日曜日
9:00～22:00",1Fロビー、2Fロビー
東大和市,蔵敷公民館,東大和市蔵敷2-337,,〇,"火～日曜日
9:00～22:00",6名,〇,"火～日曜日
9:00～22:00",1Fロビー
東大和市,狭山公民館,東大和市狭山3-1344-1,,〇,"火～日曜日
9:00～22:00",5名,〇,"火～日曜日
9:00～22:00",1Fロビー
東大和市,上北台公民館,東大和市上北台2-865-9,,〇,"火～日曜日
9:00～22:00",5名,〇,"火～日曜日
9:00～22:00",3Fロビー
東大和市,南街公民館,東大和市南街5-32,,〇,"火～日曜日
9:00～22:00",7名,〇,"火～日曜日
9:00～22:00",2Fロビー
東大和市,ヴォガーレ,東大和市向原3-854-30,,〇,"月～日曜日
11:00～16:00",5名,〇,"月～日曜日
11:00～16:00",1Fロビー
東大和市,郷土博物館,奈良橋1-260-2,,〇,"火～日曜日
9:00～17:00(休館日を除く)",100名,〇,"火～日曜日
9:00～17:00(休館日を除く)",館内
東大和市,東大和市民会館(ハミングホール),東大和市向原6-1,https://www.humming-hall.jp/,〇,"火～日曜日
9:00～20:30
休館日(毎週月曜日※祝日の場合は翌日)を除く",30名※施設利用者と共有,〇,"火～日曜日
9:00～20:30
休館日(毎週月曜日※祝日の場合は翌日)を除く",1Fエントランス・ラウンジ
東大和市,東大和S＆D体育館,東大和市桜が丘2-167-13,,〇,"月～金曜日　8:30～23:00
土日祝日　　8:30～21:30",150名,〇,"月～金曜日　8:30～23:00
土日祝日　　8:30～21:30",2F観覧席
東大和市,東大和市役所,東大和市中央3-930,,〇,"月～金曜日　8:30～17:00
（祝日を除く）",30名,〇,"月～金曜日　8:30～17:00
（祝日を除く）",1Ｆ市民ロビー、2Ｆ売店前、3Ｆ市政情報コーナー
東大和市,東大和市立保健センター,東大和市中央3-918-1,,〇,"月～金曜日　8:30～17:00
（祝日を除く）",15名,〇,"月～金曜日　8:30～17:00
（祝日を除く）",ロビー
東大和市,芋窪集会所,東大和市芋窪4-1553-4,,〇,"月～日曜日
8:45～17:00",3名,〇,"月～日曜日
8:45～17:00",エントランス
東大和市,龍生堂薬局　桜が丘店,東大和市桜が丘3-44-17　桜が丘団地5号棟101号,,〇,"月～金曜日　9:30～19:00
土曜日　　　9:30～18:30",5名,〇,"月～金曜日　9:30～19:00
土曜日　　　9:30～18:30",待合室
東大和市,ＴＡＩＲＡＹＡ　奈良橋店,東大和市奈良橋3-546-1,,〇,"月～日曜日
9:30～21:00",8名,〇,"月～日曜日
9:30～21:00",店内休憩スペース
東大和市,東大和市総合福祉センター　は～とふる,東大和市桜が丘2-53-6,,〇,"月～金曜日　9:00～17:00
（祝日を除く）",5名,〇,"月～金曜日　9:00～17:00
（祝日を除く）",1Ｆ情報交換コーナー、喫茶スペース
東大和市,ウエルシア薬局　東大和立野店,東大和市立野3-1149-2,,〇,"月～日曜日　9:00～19:00
（日・祝日の14:00～15:00を除く）",2名,〇,"月～日曜日　9:00～19:00
（日・祝日の14:00～15:00を除く）",調剤待合室
東大和市,株式会社ベルク　東大和立野店,東大和市立野2-2-11,,〇,"月～土曜日　
10：00～17：00",5名,〇,"月～土曜日　
10：00～17：00",店内イートインスペース
東大和市,株式会社ヤオコー　東大和店,東大和市立野3-1344-1,,〇,"月～日曜日（店休日を除く）　
9：00～22：00",5名,〇,"月～日曜日（店休日を除く）　
9：00～22：00",イートインコーナー
東大和市,株式会社ヤオコー　東大和清原店,東大和市清原3-1-8,,〇,"月～日曜日（店休日を除く）　
9：00～21：30",5名,〇,"月～日曜日（店休日を除く）　
9：00～21：30",イートインコーナー
東大和市,飯能信用金庫　東大和支店,東大和市桜が丘4-302-3,,〇,"月～金曜日　9：00～15：00
（祝日を除く）",3名,〇,"月～金曜日　9：00～15：00
（祝日を除く）","ロビー
待合席"
東大和市,ミヤモト薬局,東大和市南街1-31-7,,〇,"月～土曜日
9：00～18：00",3名,〇,"月～土曜日
9：00～18：00",待合室
東大和市,中央薬局,東大和市南街1-12-25,,〇,"月～金曜日　9：00～18：30　
土曜日　　　9：00～17：00
（日曜日、祝日を除く）",10名,〇,"月～金曜日　9：00～18：30　
土曜日　　　9：00～17：00
（日曜日、祝日を除く）",待合室
東大和市,ぞうしき薬局,東大和市蔵敷1-431,,〇,"月～金曜日　9：00～18：00　
土曜日　　　9：00～17：00
（日曜日、祝日を除く）",2名,〇,"月～金曜日　9：00～18：00　
土曜日　　　9：00～17：00
（日曜日、祝日を除く）",待合室
東大和市,クリエイト薬局　東大和市駅北口店,"東大和市南街5-97-9
ドミネント東大和1F",,〇,"月～土曜日　9：00～18：00
（日曜日、祝日を除く）",6名,〇,"月～土曜日　9：00～18：00
（日曜日、祝日を除く）",待合室
東大和市,クオール薬局　東大和店,東大和市奈良橋6-883-1,,〇,"月～金曜日　12：00～16：00
（土、日、祝日を除く）",2名,〇,"月～金曜日　12：00～16：00
（土、日、祝日を除く）",待合室
東大和市,クオール薬局　上北台店,東大和市立野2-3-15,,〇,"月～金曜日　12：00～16：00
（土、日、祝日を除く）",2名,〇,"月～金曜日　12：00～16：00
（土、日、祝日を除く）",待合室
東大和市,家族葬の長坂　東大和向原,東大和市向原6-1171-1,,〇,"月～日曜日
9：00～17：00",4名,〇,"月～日曜日
9：00～17：00",控室
東大和市,家族葬の長坂　東大和上北台,東大和市蔵敷3-808-1,,〇,"月～日曜日
9：00～17：00",4名,〇,"月～日曜日
9：00～17：00",控室
清瀬市,清瀬市役所,清瀬市中里5-842,https://www.city.kiyose.lg.jp/shisetsu/sisetu/1001180.html,〇,"月曜日～金曜日
午前8時30分～午後5時
（年末年始を除く）",50人,〇,"月曜日～金曜日
午前8時30分～午後5時
（年末年始を除く）",1階、2階フロアー
清瀬市,児童センター（ころぽっくる）,清瀬市中清戸3-235-5,https://www.city.kiyose.lg.jp/shisetsu/kosodatesisetu/1001265.html                                                                                                                                                                                                                                                                                                                                                                                                                                                                                                                                                                                                       ,〇,"水曜日～月曜日
午前9時～午後５時
（年末年始、臨時休館日を除く）",30人,〇,"水曜日～月曜日
午前9時～午後５時
（年末年始、臨時休館日を除く）
",1階フロア―
清瀬市,中里地域市民センター,清瀬市中里4-1301,https://www.city.kiyose.lg.jp/shisetsu/syogaigakusyu/simincenter/1001189.html,〇,"火曜日～日曜日　
午前9時～午後10時
（年末年始、臨時休館日を除く）",10人,〇,"火曜日～日曜日　
午前9時～午後10時
（年末年始、臨時休館日を除く）",1階ロビー
清瀬市,野塩地域市民センター,清瀬市野塩1-322-2,https://www.city.kiyose.lg.jp/shisetsu/syogaigakusyu/simincenter/1001187.html,〇,"火曜日～日曜日　
午前9時～午後10時
（年末年始、臨時休館日を除く",10人,〇,火曜日～日曜日　午前9時～午後10時（年末年始、臨時休館日を除く）,1階ロビー（市民サロンのしお）
清瀬市,竹丘地域市民センター,清瀬市竹丘1-11-1,https://www.city.kiyose.lg.jp/shisetsu/syogaigakusyu/simincenter/1001190.html,〇,"火曜日～日曜日　
午前9時～午後9時
（年末年始、臨時休館日を除く）",20人,〇,"火曜日～日曜日　
午前9時～午後9時
（年末年始、臨時休館日を除く）",1階ロビー
清瀬市,下宿地域市民センター,清瀬市下宿2-524-1,https://www.city.kiyose.lg.jp/shisetsu/syogaigakusyu/simincenter/1001188.html,〇,"火曜日～日曜日
午前9時～午後10時
（年末年始、臨時休館日を除く）",20人,〇,火曜日～日曜日　午前9時～午後10時　　（年末年始、臨時休館日を除く）,1階ロビー
清瀬市,中清戸地域市民センター,清瀬市中清戸4-847,https://www.city.kiyose.lg.jp/shisetsu/syogaigakusyu/simincenter/1001191.html,〇,"火曜日～日曜日　
午前9時～午後10時
（年末年始、臨時休館日を除く）",20人,〇,"火曜日～日曜日　
午前9時～午後10時
（年末年始、臨時休館日を除く）",1階ロビー
清瀬市,コミュニティプラザひまわり,清瀬市下清戸1-212-4,https://www.city.kiyose.lg.jp/shisetsu/syogaigakusyu/himawari/1001416.html,,,,〇,"火曜日～日曜日　午前9時から午後10時
（年末年始、臨時休館日を除く）",1階ロビー
清瀬市,清瀬けやきホール,清瀬市元町1-6-6,https://www.city.kiyose.lg.jp/shisetsu/syogaigakusyu/keyakihall/1001417.html,〇,"月曜日～日曜日
午前9時～午後5時
（年末年始、臨時休館日を除く）",30人,〇,月曜日～日曜日　午前9時～午後5時（年末年始、臨時休館日を除く）,1階ロビー
清瀬市,駅前図書館,清瀬市元町1-4-5（クレアビル4階）,https://www.city.kiyose.lg.jp/shisetsu/bunkasisetu/tosyokan/1001424.html,〇,"水曜日除く
午前9時～午後9時　　
（年末年始、臨時休館日を除く）",30人,〇,"水曜日除く
午前9時～午後9時　　
（年末年始、臨時休館日を除く）",ロビー
清瀬市,郷土博物館,清瀬市上清戸2-6-41,https://www.city.kiyose.lg.jp/shisetsu/bunkasisetu/1001415.html,〇,"火曜日～日曜日
午前9時～午後5時　　　　　　　（年末年始、臨時休館日を除く）",20人,〇,"火曜日～日曜日
午前9時～午後5時　　　　　　　（年末年始、臨時休館日を除く）",１階ロビー
清瀬市,男女共同参画センター,"清瀬市元町1-2-11
市民協働プラザ4階",https://www.city.kiyose.lg.jp/shisetsu/sisetu/1001193.html,〇,火曜日～日曜日　　　　　　　　　午前9時から午後10時まで　　　　（年末年始、臨時休館日を除く）,5人,〇,"火曜日～日曜日　　　　　　　　　午前9時～午後10時　
（年末年始、臨時休館日を除く）",4階ロビー
清瀬市,しあわせ未来センター,清瀬市中里5-842,https://www.city.kiyose.lg.jp/shisetsu/kosodatesisetu/1012202/index.html,〇,"月曜日～金曜日
午前8時30分～午後5時
（年末年始、臨時休館日を除く）",5人,〇,"月曜日～金曜日
午前8時30分～午後5時
（年末年始、臨時休館日を除く）",1階ロビー
清瀬市,きよせボランティア・市民活動センター,上清戸２－６－１０,https://www.city.kiyose.lg.jp/shisetsu/sisetu/1001194.html,〇,"月曜日～土曜日
午前9時～午後5時
（年末年始、臨時休館日を除く）",5人,〇,"月曜日～土曜日
午前9時～午後5時
（年末年始、臨時休館日を除く）","フロア
廊下"
清瀬市,あすなろ薬局,松山2-1-5,,,,,〇,月曜日～金曜日　午前8時30分～午後7時　　　　　土曜日　8時30分～午後1時,待合室
清瀬市,アビック薬局清瀬元町店,元町1-4-26清瀬パークホームズ101　,,,,,〇,月曜日～土曜日午前9時～午後6時　,待合室
清瀬市,アイン薬局清瀬松山店,松山3-1-25,,,,,〇,"月曜日～金曜日　午前9時～午後6時　
土曜日　午前9時～午後1時",待合室
清瀬市,イガラシ薬局　清瀬店,松山1-12-12,,,,,〇,"月・火・水・金曜日　午前9時～午後7時30分
木・土曜日　午前9時～午後5時30分　",待合室
清瀬市,いるか元町薬局,"元町1-1-14
プランドールJ1階",,,,,〇,"月曜日～金曜日午前9時～午後6時30分
土曜日　午前9時～午後2時　日曜日午前9時20分～午後4時30分　祝日　午前9時20分～午後12時20分",待合室
清瀬市,梅園薬局,梅園3-4-26,,,,,〇,"月曜日～金曜日　午前9時～午後6時　
土曜日午前9時～午後1時",待合室
清瀬市,栄貫堂薬局清瀬店,松山1-23-10,,,,,〇,月曜日～土曜日　午前10時～午後8時,待合室
清瀬市,カイセイ調剤薬局　清瀬店,松山1-5-5,,,,,〇,"月・火・水・金曜日　午前8時30分～午後7時　木曜日　午前9時～午後6時　
土曜日　午前8時30分～午後3時30分",待合室
清瀬市,カイセイ調剤薬局清瀬駅前店,松山1-2-23,,,,,〇,"月・火・木・金曜日　午前9時～午後7時　　　水曜日　午前9時～午後5時
土曜日午前9時～午後1時",待合室
清瀬市,上清戸薬局,上清戸2-1-2,,,,,〇,"月曜日～土曜日　午前9時～午後1時　
木曜日　午前9時～午後1時、午後4時～午後6時",待合室
清瀬市,きよせ北口薬局,元町1-13-26,,,,,〇,"月・水・木・金曜日　午前9時～午後5時
火曜日　午前9時～午後7時　
土曜日　午前9時～午後1時",待合室
清瀬市,元気堂清瀬梅園薬局,梅園3-2-1,,,,,〇,"月曜日～金曜日　午前9時～午後6時　
土曜日午前9時～午後2時30分",待合室
清瀬市,日本調剤　ひろ薬局,元町1-13-29,,,,,〇,"月・火・木・金曜日　午前9時～午後6時30分　水曜日　午前9時～午後6時　
土曜日午前9時～午後4時",待合室
清瀬市,ひらの薬局,下清戸1-23-1,,,,,〇,"月曜日～金曜日　午前9時～午後5時
土曜日　午前9時～午後2時",待合室
清瀬市,ひらの薬局旭が丘店,旭が丘2-5-7-102,,,,,〇,"月曜日～金曜日午前9時～午後6時30分
土曜日　午前9時～午後5時",待合室
清瀬市,まいにち薬局秋津店,野塩５-299-4,,,,,〇,"月・水・金・土・日・祝日　午前10時～午後7時
火・木曜日　午前10時～午後9時",待合室
清瀬市,緑の薬局,松山3-5-11,,,,,〇,月・火・水・金曜日　午前9時～午後6時30分　土曜日　午前9時～午後12時30分,待合室
清瀬市,アイン薬局清瀬店,竹丘3-1-15,,,,,〇,"月曜日～金曜日　午前9時～午後5時30分
土曜日　午前9時～午後1時",待合室
清瀬市,あおい調剤薬局清瀬店,下清戸5-858-2-1階,,,,,〇,"月・火・木・金・土　午前9時～午後6時30分
水曜日　午前9時～午後6時",待合室
清瀬市,アビック薬局清瀬の森店,竹丘1-17-26,,,,,〇,"月曜日～金曜日　午前9時～午後6時
土曜日　午前9時～午後1時",待合室
清瀬市,清瀬郵便局,元町2-28-12,,〇,"月曜日～金曜日　午前9時～午後5時
（年末年始を除く）
※郵便局の営業時間内とする",10人,〇,"月曜日～金曜日　午前9時～午後5時
（年末年始を除く）
※郵便局の営業時間内とする",1階ロビー
清瀬市,清瀬駅前郵便局,松山1-4-2,,〇,"月曜日～金曜日　午前9時～午後5時
（年末年始を除く）
※郵便局の営業時間内とする",10人,〇,"月曜日～金曜日　午前9時～午後5時
（年末年始を除く）
※郵便局の営業時間内とする",1階ロビー
清瀬市,清瀬松山郵便局,松山3-1-27,,〇,"月曜日～金曜日　午前9時～午後5時
（年末年始を除く）
※郵便局の営業時間内とする",10人,〇,"月曜日～金曜日　午前9時～午後5時
（年末年始を除く）
※郵便局の営業時間内とする",1階ロビー
清瀬市,清瀬野塩郵便局,野塩1-194-3,,〇,"月曜日～金曜日　午前9時～午後5時
（年末年始を除く）
※郵便局の営業時間内とする",10人,〇,"月曜日～金曜日　午前9時～午後5時
（年末年始を除く）
※郵便局の営業時間内とする",1階ロビー
清瀬市,清瀬中里郵便局　,中里4-825,,〇,"月曜日～金曜日　午前9時～午後5時
（年末年始を除く）
※郵便局の営業時間内とする",10人,〇,"月曜日～金曜日　午前9時～午後5時
（年末年始を除く）
※郵便局の営業時間内とする",1階ロビー
清瀬市,清瀬旭が丘郵便局,旭が丘2-5-1,,〇,"月曜日～金曜日　午前9時～午後5時
（年末年始を除く）
※郵便局の営業時間内とする",10人,〇,"月曜日～金曜日　午前9時～午後5時
（年末年始を除く）
※郵便局の営業時間内とする",1階ロビー
清瀬市,清瀬中清戸郵便局,中清戸5-83-278,,〇,"月曜日～金曜日　午前9時～午後5時
（年末年始を除く）
※郵便局の営業時間内とする",10人,〇,"月曜日～金曜日　午前9時～午後5時
（年末年始を除く）
※郵便局の営業時間内とする",1階ロビー
清瀬市,えーるプラザ野塩,野塩2-467,https://www.city.kiyose.lg.jp/shisetsu/syogaigakusyu/1012026.html,,,,〇,"9：00～22：00
休館日：12月29日～1月3日まで",１階フロアー
清瀬市,南部児童館等複合施設(まつぼっくる),清瀬市梅園1-2-77,,〇,月・火・木・金・土・日午前9時～午後9時（年末年始、臨時休館日を除く）,30人,〇,月・火・木・金・土・日午前9時～午後9時（年末年始、臨時休館日を除く）,1階エントランスホール
清瀬市,清瀬市シルバー人材センター,清瀬市松山3-13-16,,〇,"月・火・水・木・土・日
午前9時～午後4時
（年末年始、臨時休館日を除く）",20人,〇,"月・火・水・木・土・日
午前9時～午後4時
（年末年始、臨時休館日を除く）","家具リサイクル
展示販売所"
清瀬市,清瀬市シルバー人材センター,清瀬市松山3-13-16,,〇,"月曜日～金曜日
午後1時～午後4時
第2日曜日は午前10時～正午
（年末年始、臨時休業日を除く）",10人,〇,"月曜日～金曜日
午後1時～午後4時
第2日曜日は午前10時～正午
（年末年始、臨時休業日を除く）","駄菓子屋
きよちゃん"
清瀬市,飯能信用金庫清瀬支店,清瀬市上清戸1-9-32,,〇,"月曜日～金曜日
午前9時～午後3時
（年末年始、土日祝を除く）",20人,〇,"月曜日～金曜日
午前9時～午後3時
（年末年始、土日祝を除く）",１階店舗ロビー
清瀬市,あくつ薬局,清瀬市松山1-41-18,,,,,〇,"月曜日～土曜日
午前9時～午後8時",待合室
清瀬市,"家族葬の長坂
清瀬松山",清瀬市松山1-45-16,,〇,"月～日
午前9時から午後５時
（年末年始、臨時休業日を除く）","10人
※式中は別途スタッフの指示による",〇,"月～日
午前9時から午後５時
（年末年始、臨時休業日を除く）","ロビー、式場
※式中は別途スタッフの指示による"
清瀬市,"家族葬の長坂
清瀬中里",清瀬市中里5-2-16,,〇,"月～日
午前9時から午後５時
（年末年始、臨時休業日を除く）","12人
※式中は別途スタッフの指示による",〇,"月～日
午前9時から午後５時
（年末年始、臨時休業日を除く）","ロビー、式場
※式中は別途スタッフの指示による"
東久留米市,東久留米市役所,本町3－3－1,https://www.city.higashikurume.lg.jp/shisetsu/shikanren/shiyakusho/1002029.html,〇,"月曜日～日曜日の8:30～21:30
土曜日、日曜日及び祝日は9:00～
2階ロビー部分は平日の8:30～17:30","1階　40
2階　15",,,
東久留米市,西部地域センター,滝山4-1-10,https://www.city.higashikurume.lg.jp/shisetsu/shikanren/chiiki/1002033.html,〇,"月曜日～日曜日の9:00～22:00
毎月第2金曜日は、17:00まで
休館日：年末年始、施設点検日",28名,,,
東久留米市,南部地域センター,ひばりが丘団地185号,https://www.city.higashikurume.lg.jp/shisetsu/shikanren/chiiki/1002034.html,〇,"月曜日～日曜日の9:00～22:00
毎月第4金曜日は、17:00まで
休館日：年末年始、施設点検日",27名,,,
東久留米市,東部地域センター,大門町2-10-5,https://www.city.higashikurume.lg.jp/shisetsu/shikanren/chiiki/1002035.html,〇,"月曜日～日曜日の9:00～22:00
毎月第3金曜日は、17:00まで
休館日：年末年始、施設点検日",33名,,,
東久留米市,上の原連絡所,上の原1-4-11-105,https://www.city.higashikurume.lg.jp/shisetsu/shikanren/shiyakusho/1002030.html,〇,"月曜日～金曜日の8:30～17:00
休館日：土曜日、日曜日、祝日、年末年始",2名,,,
東久留米市,野火止地区センター,野火止2-1-83,https://www.city.higashikurume.lg.jp/shisetsu/shikanren/chiku/1002090.html,〇,"月曜日～日曜日の9:00～17:00
休館日：火曜日（火曜日が祝日の場合は翌日も休館）、祝日、年末年始",6名,,,
東久留米市,南町地区センター,南町3-9-45,https://www.city.higashikurume.lg.jp/shisetsu/shikanren/chiku/1002092.html,〇,"月曜日～日曜日の9:00～17:00
休館日：火曜日（火曜日が祝日の場合は翌日も休館）、祝日、年末年始",9名,,,
東久留米市,中央町地区センター,中央町6-1-1,https://www.city.higashikurume.lg.jp/shisetsu/shikanren/chiku/1002096.html,〇,"月曜日～日曜日の9:00～17:00
休館日：火曜日（火曜日が祝日の場合は翌日も休館）、祝日、年末年始",8名,,,
東久留米市,さいわい福祉センター,幸町3-9-28,https://www.city.higashikurume.lg.jp/shisetsu/fukushi/shogai/1002103.html,〇,"月曜日～金曜日の9:00～18:00
休館日：年末年始",6名,,,
東久留米市,わくわく健康プラザ,滝山4-3-14,https://www.city.higashikurume.lg.jp/shisetsu/fukushi/hoken/1002100.html,〇,"月曜日～日曜日の8:30～21:30
休館日：年末年始",10名,,,
東久留米市,中央児童館,中央町1-10-11,https://www.city.higashikurume.lg.jp/shisetsu/kodomo/jidou/1002140.html,〇,"月曜日～日曜日の9:00～21:00
日曜日、祝日は18:00まで
休館日：年末年始、館内整理日",4名,〇,"月曜日～日曜日の9:00～21:00
日曜日、祝日は18:00まで
休館日：年末年始、館内整理日",館内
東久留米市,子どもセンターひばり,ひばりが丘団地8-11,https://www.city.higashikurume.lg.jp/shisetsu/kodomo/jidou/1002143.html,〇,"月曜日～日曜日の9:00～21:00
日曜日、祝日は18:00まで
休館日：年末年始、館内整理日",2名,〇,"月曜日～日曜日の9:00～21:00
日曜日、祝日は18:00まで
休館日：年末年始、館内整理日",館内
東久留米市,子どもセンターあおぞら,前沢4-25-8,https://www.city.higashikurume.lg.jp/shisetsu/kodomo/jidou/1011080.html,〇,"月曜日～日曜日の9:00～21:00
日曜日、祝日は18:00まで
休館日：年末年始、館内整理日",2名,〇,"月曜日～日曜日の9:00～21:00
日曜日、祝日は18:00まで
休館日：年末年始、館内整理日",館内
東久留米市,生涯学習センター,中央町2-6-23,https://www.city.higashikurume.lg.jp/shisetsu/shakai/1002046.html,〇,"月曜日～日曜日の9:00～22:00
休館日：第4月曜日（第4月曜日が祝日の場合はその翌日）",24名,〇,"月曜日～日曜日の9:00～22:00
休館日：第4月曜日（第4月曜日が祝日の場合はその翌日）",館内
東久留米市,東京ドームスポーツセンター東久留米,大門町2-14-37,https://www.city.higashikurume.lg.jp/shisetsu/sports/1002049.html,〇,"月曜日～日曜日の9:00～23:00
土曜日、日曜日及び祝日は21:30まで",30名,〇,"月曜日～日曜日の9:00～23:00
土曜日、日曜日及び祝日は21:30まで",館内
東久留米市,中央図書館,中央町2-6-23,https://www.city.higashikurume.lg.jp/shisetsu/shakai/1002043.html,〇,"月曜日～日曜日の9:00～19:00
休館日：毎週金曜日、第3火曜日、年末年始、特別整理期間",23名,〇,"月曜日～日曜日の9:00～19:00
休館日：毎週金曜日、第3火曜日、年末年始、特別整理期間",館内
東久留米市,イオンモール東久留米,南沢5-17-62,https://www.aeon.jp/sc/higashikurume/,〇,月曜日～日曜日の10:00～21:00,"6,567名",〇,月曜日～日曜日の10:00～21:00,館内
東久留米市,サンドラッグ滝山団地店,滝山4-1-40　1F,,〇,月曜日～日曜日の10:00～20:00,4名,〇,月曜日～日曜日の10:00～20:00,館内共用部分
東久留米市,東久留米郵便局,東久留米市中央町1-1-44,,,,,〇,"月曜日～金曜日　
9:00～19:00
土曜日　
9:00～15:00",お客さまルーム
東久留米市,東久留米下里郵便局,東久留米市下里3-17-11,,,,,〇,"月曜日～金曜日　
9:00～17:00",お客さまルーム
東久留米市,東久留米本村郵便局,東久留米市下里1-11-11,,,,,〇,"月曜日～金曜日　
9:00～12:00，13:00～17:00",お客さまルーム
東久留米市,東久留米南沢五郵便局,東久留米市南沢5-18-48,,,,,〇,"月曜日～金曜日　
9:00～17:00",お客さまルーム
東久留米市,東久留米団地内郵便局,東久留米市上の原1-4-11-101,,,,,〇,"月曜日～金曜日　
9:00～17:00",お客さまルーム
東久留米市,東久留米前沢郵便局,東久留米市前沢3-7-9,,,,,〇,"月曜日～金曜日　
9:00～17:00",お客さまルーム
東久留米市,東久留米滝山郵便局,東久留米市滝山4-1-22,,,,,〇,"月曜日～金曜日　
9:00～12:00，13:00～17:00",お客さまルーム
東久留米市,東久留米中央町郵便局,東久留米市中央町5-9-24,,,,,〇,"月曜日～金曜日　
9:00～17:00",お客さまルーム
東久留米市,東久留米本町郵便局,東久留米市本町1-2-22,,,,,〇,"月～金　
9:00～17:00",お客さまルーム
東久留米市,東久留米大門郵便局,東久留米市大門町2-6-5,,,,,〇,"月～金　
9:00～12:00，13:00～17:00",お客さまルーム
東久留米市,東久留米小山郵便局,東久留米市小山5-2-26,,,,,〇,"月～金　
9:00～17:00",お客さまルーム
東久留米市,東久留米学園町郵便局,東久留米市学園町2-1-24,,,,,〇,"月～金　
9:00～17:00",お客さまルーム
東久留米市,三共薬局　滝山店,東久留米市滝山４－１３－１２,,〇,"月曜日～土曜日の9:00～18:00
日曜日、祝日定休日",4名,〇,"月曜日～土曜日の9:00～18:00
日曜日、祝日定休日",調剤待合室
武蔵村山市,市役所本庁舎,武蔵村山市本町1-1-1,https://www.city.musashimurayama.lg.jp/shisetus/cityoffice/cityoffice/1004380.html,〇,"平日9:30～16:30
※武蔵村山市のクーリングシェルター開放期間・時間のみ開放（6/1～9/30の9：30～16：30）",50名,〇,"平日9:30～16:30
※武蔵村山市のクーリングシェルター開放期間・時間のみ開放（6/1～9/30の9：30～16：30）",1Fロビー
武蔵村山市,武蔵村山市役所緑が丘出張所,武蔵村山市緑が丘1460-1104号棟1階,https://www.city.musashimurayama.lg.jp/shisetus/cityoffice/1001863.html,〇,"平日9:30～16:30
※武蔵村山市のクーリングシェルター開放期間・時間のみ開放（6/1～9/30の9：30～16：30）",20名,〇,"平日9:30～16:30
※武蔵村山市のクーリングシェルター開放期間・時間のみ開放（6/1～9/30の9：30～16：30）",ロビー
武蔵村山市,武蔵村山市立緑が丘ふれあいセンター,武蔵村山市緑が丘1460-1111号棟1階,https://www.city.musashimurayama.lg.jp/shisetus/cityoffice/1001871.html,〇,"第1月曜日を除く9:30～16:30
※武蔵村山市のクーリングシェルター開放期間・時間のみ開放（6/1～9/30の9：30～16：30）",20名,〇,"第1月曜日を除く9:30～16:30
※武蔵村山市のクーリングシェルター開放期間・時間のみ開放（6/1～9/30の9：30～16：30）",ロビー
武蔵村山市,武蔵村山市福祉会館,武蔵村山市中央2-117-1,https://www.city.musashimurayama.lg.jp/shisetus/hoken/1004692.html,〇,"第1日曜日を除く9:30～16:30
※武蔵村山市のクーリングシェルター開放期間・時間のみ開放（6/1～9/30の9：30～16：30）",20名,〇,"第1日曜日を除く9:30～16:30
※武蔵村山市のクーリングシェルター開放期間・時間のみ開放（6/1～9/30の9：30～16：30）",1Fロビー
武蔵村山市,武蔵村山市第二老人福祉館,武蔵村山市残堀2-22-1,https://www.city.musashimurayama.lg.jp/shisetus/hoken/1004692.html,〇,"第1日曜日を除く9:30～16:30
※武蔵村山市のクーリングシェルター開放期間・時間のみ開放（6/1～9/30の9：30～16：30）",10名,〇,"第1日曜日を除く9:30～16:30
※武蔵村山市のクーリングシェルター開放期間・時間のみ開放（6/1～9/30の9：30～16：30）",ロビー
武蔵村山市,武蔵村山市第三老人福祉館,武蔵村山市本町4-40-1,https://www.city.musashimurayama.lg.jp/shisetus/hoken/1004692.html,〇,"第1日曜日を除く9:30～16:30
※武蔵村山市のクーリングシェルター開放期間・時間のみ開放（6/1～9/30の9：30～16：30）",10名,〇,"第1日曜日を除く9:30～16:30
※武蔵村山市のクーリングシェルター開放期間・時間のみ開放（6/1～9/30の9：30～16：30）",ロビー
武蔵村山市,武蔵村山市第四老人福祉館,武蔵村山市岸3-47-7,https://www.city.musashimurayama.lg.jp/shisetus/hoken/1004692.html,〇,"第1日曜日を除く9:30～16:30
※武蔵村山市のクーリングシェルター開放期間・時間のみ開放（6/1～9/30の9：30～16：30）",10名,〇,"第1日曜日を除く9:30～16:30
※武蔵村山市のクーリングシェルター開放期間・時間のみ開放（6/1～9/30の9：30～16：30）",ロビー
武蔵村山市,武蔵村山市第五老人福祉館,武蔵村山市神明2-7,https://www.city.musashimurayama.lg.jp/shisetus/hoken/1004692.html,〇,"第1日曜日を除く9:30～16:30
※武蔵村山市のクーリングシェルター開放期間・時間のみ開放（6/1～9/30の9：30～16：30）",10名,〇,"第1日曜日を除く9:30～16:30
※武蔵村山市のクーリングシェルター開放期間・時間のみ開放（6/1～9/30の9：30～16：30）",ロビー
武蔵村山市,武蔵村山市さいかち老人福祉館,武蔵村山市緑が丘1460-1133号棟1階,https://www.city.musashimurayama.lg.jp/shisetus/hoken/1004692.html,〇,"第1日曜日を除く9:30～16:30
※武蔵村山市のクーリングシェルター開放期間・時間のみ開放（6/1～9/30の9：30～16：30）",10名,〇,"第1日曜日を除く9:30～16:30
※武蔵村山市のクーリングシェルター開放期間・時間のみ開放（6/1～9/30の9：30～16：30）",ロビー
武蔵村山市,武蔵村山市民総合センター,武蔵村山市学園4-5-1,https://www.city.musashimurayama.lg.jp/shisetus/cityoffice/sougoucenter/1004381.html,〇,"第4日曜日を除く9:30～16:30
※武蔵村山市のクーリングシェルター開放期間・時間のみ開放（6/1～9/30の9：30～16：30）",20名,〇,"第4日曜日を除く9:30～16:30
※武蔵村山市のクーリングシェルター開放期間・時間のみ開放（6/1～9/30の9：30～16：30）",ロビー
武蔵村山市,武蔵村山市公民館,武蔵村山市大南2-78-1,https://www.city.musashimurayama.lg.jp/shisetus/cityoffice/kouminkan/1004384.html,〇,"第1月曜日を除く9:30～16:30
※武蔵村山市のクーリングシェルター開放期間・時間のみ開放（6/1～9/30の9：30～16：30）",10名,〇,"第1月曜日を除く9:30～16:30
※武蔵村山市のクーリングシェルター開放期間・時間のみ開放（6/1～9/30の9：30～16：30）",ロビー
武蔵村山市,武蔵村山市公民館さいかち分館,武蔵村山市緑が丘1460-1133号棟1階,https://www.city.musashimurayama.lg.jp/shisetus/cityoffice/kouminkan/1004384.html,〇,"第1月曜日を除く9:30～16:30
※武蔵村山市のクーリングシェルター開放期間・時間のみ開放（6/1～9/30の9：30～16：30）",10名,〇,"第1月曜日を除く9:30～16:30
※武蔵村山市のクーリングシェルター開放期間・時間のみ開放（6/1～9/30の9：30～16：30）",ロビー
武蔵村山市,大南地区会館,武蔵村山市大南5-1-69,https://www.city.musashimurayama.lg.jp/shisetus/cityoffice/kouminkan/1004384.html,〇,"第1月曜日を除く9:30～16:30
※武蔵村山市のクーリングシェルター開放期間・時間のみ開放（6/1～9/30の9：30～16：30）",20名,〇,"第1月曜日を除く9:30～16:30
※武蔵村山市のクーリングシェルター開放期間・時間のみ開放（6/1～9/30の9：30～16：30）",ロビー
武蔵村山市,雷塚地区会館,武蔵村山市雷塚4-4,https://www.city.musashimurayama.lg.jp/shisetus/cityoffice/kouminkan/1004384.html,〇,"第1月曜日を除く9:30～16:30
※武蔵村山市のクーリングシェルター開放期間・時間のみ開放（6/1～9/30の9：30～16：30）",20名,〇,"第1月曜日を除く9:30～16:30
※武蔵村山市のクーリングシェルター開放期間・時間のみ開放（6/1～9/30の9：30～16：30）",ロビー
武蔵村山市,残堀・伊奈平地区会館,武蔵村山市残堀1-60-3,https://www.city.musashimurayama.lg.jp/shisetus/cityoffice/kouminkan/1004384.html,〇,"第1月曜日を除く9:30～16:30
※武蔵村山市のクーリングシェルター開放期間・時間のみ開放（6/1～9/30の9：30～16：30）",20名,〇,"第1月曜日を除く9:30～16:30
※武蔵村山市のクーリングシェルター開放期間・時間のみ開放（6/1～9/30の9：30～16：30）",ロビー
武蔵村山市,中藤地区会館,武蔵村山市中藤3-16,https://www.city.musashimurayama.lg.jp/shisetus/cityoffice/kouminkan/1004384.html,〇,"第1月曜日を除く9:30～16:30
※武蔵村山市のクーリングシェルター開放期間・時間のみ開放（6/1～9/30の9：30～16：30）",10名,〇,"第1月曜日を除く9:30～16:30
※武蔵村山市のクーリングシェルター開放期間・時間のみ開放（6/1～9/30の9：30～16：30）",ロビー
武蔵村山市,三ツ木地区会館,武蔵村山市三ツ木2-39-2,https://www.city.musashimurayama.lg.jp/shisetus/cityoffice/kouminkan/1004384.html,〇,"第1月曜日を除く9:30～16:30
※武蔵村山市のクーリングシェルター開放期間・時間のみ開放（6/1～9/30の9：30～16：30）",20名,〇,"第1月曜日を除く9:30～16:30
※武蔵村山市のクーリングシェルター開放期間・時間のみ開放（6/1～9/30の9：30～16：30）",ロビー
武蔵村山市,武蔵村山市民会館(さくらホール),武蔵村山市本町1-17-1,https://www.city.musashimurayama.lg.jp/shisetus/cityoffice/1001865.html,〇,"第1月曜日を除く9:30～16:30
※武蔵村山市のクーリングシェルター開放期間・時間のみ開放（6/1～9/30の9：30～16：30）",20名,〇,"第1月曜日を除く9:30～16:30
※武蔵村山市のクーリングシェルター開放期間・時間のみ開放（6/1～9/30の9：30～16：30）",1F、2Fロビー
武蔵村山市,武蔵村山市総合体育館,武蔵村山市岸3-45-6,https://www.city.musashimurayama.lg.jp/kurashi/taiiku/1011911/1000911.html,〇,"第1月曜日を除く9:30～16:30
※武蔵村山市のクーリングシェルター開放期間・時間のみ開放（6/1～9/30の9：30～16：30）",30名,〇,"第1月曜日を除く9:30～16:30
※武蔵村山市のクーリングシェルター開放期間・時間のみ開放（6/1～9/30の9：30～16：30）",ロビー
武蔵村山市,武蔵村山市立雷塚図書館,武蔵村山市学園4-4,https://www.city.musashimurayama.lg.jp/shisetus/cityoffice/1010396.html,〇,"第1月曜日・第3水曜日を除く9:30～16:30
※武蔵村山市のクーリングシェルター開放期間・時間のみ開放（6/1～9/30の9：30～16：30）",20名,〇,"第1月曜日・第3水曜日を除く9:30～16:30
※武蔵村山市のクーリングシェルター開放期間・時間のみ開放（6/1～9/30の9：30～16：30）",図書館内
武蔵村山市,大南地区図書館,武蔵村山市大南5-1-69,https://www.city.musashimurayama.lg.jp/shisetus/cityoffice/1010396.html,〇,"第1月曜日・第3水曜日を除く9:30～16:30
※武蔵村山市のクーリングシェルター開放期間・時間のみ開放（6/1～9/30の9：30～16：30）",20名,〇,"第1月曜日・第3水曜日を除く9:30～16:30
※武蔵村山市のクーリングシェルター開放期間・時間のみ開放（6/1～9/30の9：30～16：30）",図書館内
武蔵村山市,残堀・伊奈平地区図書館,武蔵村山市残堀1-60-3,https://www.city.musashimurayama.lg.jp/shisetus/cityoffice/1010396.html,〇,"第1月曜日・第3水曜日を除く9:30～16:30
※武蔵村山市のクーリングシェルター開放期間・時間のみ開放（6/1～9/30の9：30～16：30）",20名,〇,"第1月曜日・第3水曜日を除く9:30～16:30
※武蔵村山市のクーリングシェルター開放期間・時間のみ開放（6/1～9/30の9：30～16：30）",図書館内
武蔵村山市,武蔵村山市立中久保図書館,武蔵村山市本町2-77-1,https://www.city.musashimurayama.lg.jp/shisetus/cityoffice/1010396.html,〇,"第1月曜日・第3水曜日を除く9:30～16:30
※武蔵村山市のクーリングシェルター開放期間・時間のみ開放（6/1～9/30の9：30～16：30）",20名,〇,"第1月曜日・第3水曜日を除く9:30～16:30
※武蔵村山市のクーリングシェルター開放期間・時間のみ開放（6/1～9/30の9：30～16：30）",図書館内
武蔵村山市,中藤地区図書館,武蔵村山市中藤3-16,https://www.city.musashimurayama.lg.jp/shisetus/cityoffice/1010396.html,〇,"第1月曜日・第3水曜日を除く9:30～16:30
※武蔵村山市のクーリングシェルター開放期間・時間のみ開放（6/1～9/30の9：30～16：30）",20名,〇,"第1月曜日・第3水曜日を除く9:30～16:30
※武蔵村山市のクーリングシェルター開放期間・時間のみ開放（6/1～9/30の9：30～16：30）",図書館内
武蔵村山市,三ツ木地区図書館,武蔵村山市三ツ木2-39-2,https://www.city.musashimurayama.lg.jp/shisetus/cityoffice/1010396.html,〇,"第1月曜日・第3水曜日を除く9:30～16:30
※武蔵村山市のクーリングシェルター開放期間・時間のみ開放（6/1～9/30の9：30～16：30）",20名,〇,"第1月曜日・第3水曜日を除く9:30～16:30
※武蔵村山市のクーリングシェルター開放期間・時間のみ開放（6/1～9/30の9：30～16：30）",図書館内
武蔵村山市,西部地域包括支援センター,武蔵村山市伊奈平6-14-2(特別養護老人ホ-ム伊奈平苑内),https://inadairaen.com/pages/61/,〇,"日曜日・祝日を除く9:30～16:30
※武蔵村山市のクーリングシェルター開放期間・時間のみ開放（6/1～9/30の9：30～16：30）",10名,〇,"日曜日・祝日を除く9:30～16:30
※武蔵村山市のクーリングシェルター開放期間・時間のみ開放（6/1～9/30の9：30～16：30）",ロビー
武蔵村山市,ふらっとコミュニティみどり(村山団地高齢者みまもり相談室),武蔵村山市緑が丘1460-45号棟の4,https://sunshinehome.or.jp/facility/guard/,〇,"土・日曜日・祝日を除く9:30～16:30
※武蔵村山市のクーリングシェルター開放期間・時間のみ開放（6/1～9/30の9：30～16：30）",10名,〇,"土・日曜日・祝日を除く9:30～16:30
※武蔵村山市のクーリングシェルター開放期間・時間のみ開放（6/1～9/30の9：30～16：30）",ロビー
武蔵村山市,武蔵村山市立山王森児童館,武蔵村山市三ツ藤3-6-10,https://www.city.musashimurayama.lg.jp/shisetus/kosodate/jidoukan/1004385.html,〇,"日曜日・祝日・第2火曜日を除く9:30～16:30
※武蔵村山市のクーリングシェルター開放期間・時間のみ開放（6/1～9/30の9：30～16：30）",20名,〇,"日曜日・祝日・第2火曜日を除く9:30～16:30
※武蔵村山市のクーリングシェルター開放期間・時間のみ開放（6/1～9/30の9：30～16：30）",ロビー
武蔵村山市,武蔵村山市立さいかち地区児童館,武蔵村山市緑が丘1460-1133号棟1階,https://www.city.musashimurayama.lg.jp/shisetus/kosodate/jidoukan/1004385.html,〇,"日曜日・祝日・第4火曜日を除く9:30～16:30
※武蔵村山市のクーリングシェルター開放期間・時間のみ開放（6/1～9/30の9：30～16：30）",20名,〇,"日曜日・祝日・第4火曜日を除く9:30～16:30
※武蔵村山市のクーリングシェルター開放期間・時間のみ開放（6/1～9/30の9：30～16：30）",ロビー
武蔵村山市,武蔵村山市立保健相談センター,武蔵村山市本町1-23,https://www.city.musashimurayama.lg.jp/shisetus/hoken/1001876.html,〇,"平日9:30～16:30
※武蔵村山市のクーリングシェルター開放期間・時間のみ開放（6/1～9/30の9：30～16：30）",30名,〇,"平日9:30～16:30
※武蔵村山市のクーリングシェルター開放期間・時間のみ開放（6/1～9/30の9：30～16：30）",ロビー
武蔵村山市,イオンモールむさし村山,武蔵村山市榎1-1-3,https://musashimurayama-aeonmall.com/,〇,"9:30～16:30
※武蔵村山市のクーリングシェルター開放期間・時間のみ開放（6/1～9/30の9：30～16：30）","13,000名
以上",〇,"9:30～16:30
※武蔵村山市のクーリングシェルター開放期間・時間のみ開放（6/1～9/30の9：30～16：30）",館内
武蔵村山市,ダイハツ東京販売株式会社　武蔵村山店,武蔵村山市本町1-72-1,,〇,"毎週火曜日定休（不定休）9:30～16:30
※武蔵村山市のクーリングシェルター開放期間・時間のみ開放（6/1～9/30の9：30～16：30）",5名,〇,"毎週火曜日定休（不定休）9:30～16:30
※武蔵村山市のクーリングシェルター開放期間・時間のみ開放（6/1～9/30の9：30～16：30）",館内
武蔵村山市,ドラッグセイムス　残堀店,武蔵村山市残堀5-155-1,,〇,"9:30～16:30
※武蔵村山市のクーリングシェルター開放期間・時間のみ開放（6/1～9/30の9：30～16：30）",3名,〇,"9:30～16:30
※武蔵村山市のクーリングシェルター開放期間・時間のみ開放（6/1～9/30の9：30～16：30）",館内
武蔵村山市,ドラッグセイムス　伊奈平店,武蔵村山市伊奈平4-8-1,,〇,"9:30～16:30
※武蔵村山市のクーリングシェルター開放期間・時間のみ開放（6/1～9/30の9：30～16：30）",3名,〇,"9:30～16:30
※武蔵村山市のクーリングシェルター開放期間・時間のみ開放（6/1～9/30の9：30～16：30）",館内
武蔵村山市,ドラッグセイムス　西村山店,武蔵村山市岸1-37-2,,〇,"9:30～16:30
※武蔵村山市のクーリングシェルター開放期間・時間のみ開放（6/1～9/30の9：30～16：30）",3名,〇,"9:30～16:30
※武蔵村山市のクーリングシェルター開放期間・時間のみ開放（6/1～9/30の9：30～16：30）",館内
武蔵村山市,ドラッグセイムス　三ツ藤店,武蔵村山市三ツ藤3-1-3,,〇,"9:30～16:30
※武蔵村山市のクーリングシェルター開放期間・時間のみ開放（6/1～9/30の9：30～16：30）",3名,〇,"9:30～16:30
※武蔵村山市のクーリングシェルター開放期間・時間のみ開放（6/1～9/30の9：30～16：30）",館内
武蔵村山市,特定非営利活動法人村山たんぽぽ,武蔵村山市学園3-59-3コロコロセンター１F,,〇,"土・日曜日・祝日を除く9:30～16:30
※武蔵村山市のクーリングシェルター開放期間・時間のみ開放（6/1～9/30の9：30～16：30）",3名,〇,"土・日曜日・祝日を除く9:30～16:30
※武蔵村山市のクーリングシェルター開放期間・時間のみ開放（6/1～9/30の9：30～16：30）",館内
武蔵村山市,ウェルパーク薬局むさし村山店（調剤薬局）,武蔵村山市学園3-43-2,,〇,"日曜日・祝日を除く9:30～16:30
※武蔵村山市のクーリングシェルター開放期間・時間のみ開放（6/1～9/30の9：30～16：30）",3名,〇,"日曜日・祝日を除く9:30～16:30
※武蔵村山市のクーリングシェルター開放期間・時間のみ開放（6/1～9/30の9：30～16：30）",館内
多摩市,愛宕児童館,多摩市愛宕1-65-3,https://www.city.tama.lg.jp/kosodate/1008019/1008033/1011283/index.html,〇,"令和7年4月23日から10月22日まで
平日10:00～18:00
土曜日・夏季長期休業日9:30～18:00（日曜日・祝日は休館）",若干名,〇,"平日10:00～18:00
土曜日・夏季長期休業日9:30～18:00（日曜日・祝日は休館）",玄関
多摩市,愛宕かえで館（愛宕コミュニティセンター）,多摩市愛宕3-2,https://atago-kaedekan.jp/,〇,9:30～21:30（第2・4火曜日は休館）,24名,〇,9:30～21:30（第2・4火曜日は休館）,1階ロビー
多摩市,一ノ宮児童館,多摩市一ﾉ宮1-18-7,https://www.city.tama.lg.jp/map/kosodate/jidoukan/1003601.html,〇,"月曜日から土曜日9:00～19:00
第2・4日曜日の10:00～17:00
（祝日は休館）",若干名,〇,"月曜日から土曜日9:00～19:00
第2・4日曜日の10:00～17:00
（祝日は休館）",玄関
多摩市,多摩センター駅出張所,多摩市落合1-10-1,https://www.city.tama.lg.jp/map/shiyakusho/shisetsu/1004554.html,〇,8:30～17:00（日曜日・祝日は休所。祝日が土曜日の場合は開所）,5名,〇,8:30～17:00（日曜日・祝日は休所　祝日が土曜日の場合は開所）,出張所内待合
多摩市,多摩市立中央図書館,多摩市落合2-35,https://www.city.tama.lg.jp/map/bunka/toshokan/index.html,〇,9:30～20:00（第1・3木曜日は休館（祝日の場合は開館））,100名,〇,9:30～20:00（第1・3木曜日は休館（祝日の場合は開館））,館内
多摩市,多摩市立複合文化施設（パルテノン多摩）,多摩市落合2-35,https://www.parthenon.or.jp/,〇,"9:00～22:00
（施設点検日（不定期）は休館）",約42名,〇,"9:00～22:00
（施設点検日（不定期）は休館）",2階ロビー、4階ライブラリーラウンジ
多摩市,TOM HOUSE（鶴牧・落合・南野コミュニティセンター）,多摩市落合6-5,http://tomhouse.net/,〇,9時00分～21時30分（第1・3火曜日は休館）,15名,〇,9時00分～21時30分（第1・3火曜日は休館）,2階ロビー
多摩市,市民活動・交流センター,多摩市貝取1-26-1,https://tama-kitakai.com/,〇,9:00～20:30（第2月曜日は休館（祝日の場合は翌平日））,約30名,〇,9:00～20:30（第2月曜日は休館（祝日の場合は翌平日））,1階交流スペース
多摩市,貝取こぶし館（貝取コミュニティセンター）,多摩市貝取4-5-1,http://kobushi-kan.net/index.php,〇,9時00分～21時20分（第2・4月曜日は休館）,30名,〇,9時00分～21時20分（第2・4月曜日は休館）,1階ロビー
多摩市,乞田・貝取ふれあい館（乞田・貝取コミュニティセンター）,多摩市乞田810,https://www.city.tama.lg.jp/map/bunka/community/1003170.html,〇,9:30～21:30（第1・3月曜日は休館）,12名,〇,9:30～21:30（第1・3月曜日は休館）,1階ロビー
多摩市,ゆう桜ヶ丘（桜ヶ丘コミュニティセンター）,多摩市桜ヶ丘1-17-7,https://www.u-sakuragaoka.gr.jp/,〇,"9;30～21;30（第1・3月曜日は休館）
※令和7年度から令和8年度までは改修工事等により開放不可",20名,〇,"9;30～21;30（第1・3月曜日は休館）
※令和7年度から令和8年度までは改修工事等により開放不可",1階ロビー  1階サロン
多摩市,諏訪児童館,多摩市諏訪2-8,https://www.city.tama.lg.jp/map/kosodate/jidoukan/1003640.html,〇,9:00～18:00（日曜日・祝日は休館）,若干名,〇,9:00～18:00（日曜日・祝日は休館）,玄関
多摩市,武道館,多摩市諏訪4-9,https://www.city.tama.lg.jp/map/sports/1003837.html,〇,"9:00～20:00（第3月曜日は休館（祝日の場合は翌平日））
日曜日・祝日9:00～18:00",5名,〇,"9:00～20:00（第3月曜日は休館（祝日の場合は翌平日））
日曜日・祝日9:00～18:00",ロビー
多摩市,多摩市立資源化センター（エコプラザ多摩）,多摩市諏訪6-3-2,https://www.city.tama.lg.jp/kurashi/gomi/ecoplaza/1008290.html,〇,平日8:30～17:00,10名,〇,平日8:30～17:00,2階ロビー
多摩市,多摩市立関戸図書館,多摩市関戸1-1-5ザ・スクエア2階,https://www.city.tama.lg.jp/map/bunka/toshokan/index.html,〇,"平日9:30～19:30（木曜日は休館（祝日の場合は開館））
土・日曜日、祝日9:30～17:00　",30名,〇,"平日9:30～19:30（木曜日は休館（祝日の場合は開館））
土・日曜日・祝日9:30～17:00　",館内
多摩市,多摩市立健康センター,多摩市関戸4-19-5,https://www.city.tama.lg.jp/map/iryo/1002738.html,〇,平日8時30分～17時00分,20名,〇,平日8時30分～17時00分,1階ロビー
多摩市,関・一つむぎ館（関戸・一ノ宮コミュニティセンター）,多摩市関戸4-19-5,http://www.tsumugikan.net/,〇,9時00分～21時30分（第1・3月曜日は休館）,27名,〇,9時00分～21時30分（第1・3月曜日は休館）,3階ロビー
多摩市,関戸公民館（ヴィータ・コミューネ７階）,多摩市関戸4-72,https://www.city.tama.lg.jp/kenkofukushi/katsudo/kouminkan/annai/1003182.html,〇,9:00～22:00（第1・3月曜日は休館（祝日の場合は開館））,50名,〇,9:00～22:00（第1・3月曜日は休館（祝日の場合は開館））,7階市民ロビー
多摩市,本庁舎,多摩市関戸6-12-1,https://www.city.tama.lg.jp/,〇,平日8:30～17:00,約30名,〇,平日8:30～17:00,1階ロビー
多摩市,からきだ菖蒲館（唐木田コミュニティセンター）,多摩市鶴牧6-14,https://karakida.org/,〇,9時00分～21時30分（第2・4月曜日は休館）,20名,〇,9時00分～21時30分（第2・4月曜日は休館）,1階ラウンジ
多摩市,多摩市立唐木田図書館,多摩市鶴牧6-14からきだ菖蒲館1階,https://www.city.tama.lg.jp/map/bunka/toshokan/index.html,〇,10:00～17:00（月曜日・祝日は休館）,10名,〇,10:00～17:00（月曜日・祝日は休館）,館内
多摩市,多摩市立豊ヶ丘図書館,多摩市豊ヶ丘5-6,https://www.city.tama.lg.jp/map/bunka/toshokan/index.html,〇,10:00～17:00（木曜日・祝日は休館）,10名,〇,10:00～17:00（木曜日・祝日は休館）,館内
多摩市,永山公民館（ベルブ永山）,多摩市永山1-5,https://www.city.tama.lg.jp/kenkofukushi/katsudo/kouminkan/annai/1003181.html,〇,9:00～22:00（第1・3木曜日は休館（祝日の場合は開館））,50名,〇,9:00～22:00（第1・3木曜日は休館（祝日の場合は開館））,3階ロビー、談話コーナー
多摩市,多摩市立永山図書館,多摩市永山1-5ベルブ永山3階,https://www.city.tama.lg.jp/map/bunka/toshokan/index.html,〇,"9:30～19:30（木曜日は休館（祝日の場合は開館））
土・日曜日、祝日9:30～17:00　",30名,〇,"9:30～19:30（木曜日は休館（祝日の場合は開館））
土・日曜日、祝日9:30～17:00　",館内
多摩市,永山児童館,多摩市永山3-6,https://www.city.tama.lg.jp/map/kosodate/jidoukan/1003607.html,〇,"月曜日から土曜日9:00～19:00
第2・4日曜日10:00～17:00
（祝日は休館）",若干名,〇,"月曜日から土曜日9:00～19:00
第2・4日曜日10:00～17:00
（祝日は休館）",玄関
多摩市,リフォームプライス多摩アリーナ（総合体育館）,多摩市東寺方588-1,https://tama-sports.com/facility/gym,〇,9:00～21:00（第3月曜日は休館（祝日の場合は翌平日））,20名,〇,9:00～21:00（第3月曜日は休館（祝日の場合は翌平日））,1階ロビー、レストラン横スペース
多摩市,多摩市立聖ヶ丘図書館,多摩市聖ヶ丘2-21-1,https://www.city.tama.lg.jp/map/bunka/toshokan/index.html,〇,10:00～17:00（木曜日・祝日は休館）,10名,〇,10:00～17:00（木曜日・祝日は休館）,館内
多摩市,ひじり館（聖ヶ丘コミュニティセンター）,多摩市聖ヶ丘2-21-1,http://hijirican.org/,〇,9時00分～21時30分（第1・3木曜日は休館）,10名,〇,9時00分～21時30分（第1・3木曜日は休館）,1階ロビー
多摩市,二幸産業・NSP健幸福祉プラザ（多摩市総合福祉センター）,多摩市南野3-15-1,https://www.tama-fukushi.org/,〇,"平日8:30～22:00（第2土曜日とその翌日の日曜日は休館）
※いこいの広場については19:00まで（平日・土曜日のみ開設） ",30名,〇,"平日8:30～22:00（第2土曜日とその翌日の日曜日は休館）
※いこいの広場については19:00まで（平日・土曜日のみ開設） ",3階ロビー、いこいの広場
多摩市,多摩市立温水プール　アクアブルー多摩,多摩市南野3-15-2,https://www.tama-pool.org/,〇,"9:00～21:45（毎月第2・4火曜日は休館 （7月の第2火曜日は開館））
日曜日・祝日9:00～19:45（7・8月は9:00～21:45）",20名,〇,"9:00～21:45（毎月第2・4火曜日は休館 （7月の第2火曜日は開館））
日曜日・祝日9:00～19:45（7・8月は9:00～21:45）",3階交流スペース、3階ミーティングルーム内
多摩市,ココスモ連光寺（連光寺コミュニティ会館）,多摩市連光寺3-57-1,https://www.city.tama.lg.jp/map/bunka/community/1003178.html,〇,9:30～17:00（日曜日、祝日、第2・4月曜日は休館）,20名,〇,9:30～17:00（日曜日、祝日、第2・4月曜日は休館）,1階ラウンジ
多摩市,三方の森コミュニティ会館,多摩市和田1254-12,https://www.city.tama.lg.jp/map/bunka/community/1003177.html,〇,9:30～17:00（日曜日 第2・4月曜日は休館）,20名,〇,9:30～17:00（日曜日 第2・4月曜日は休館）,1階ロビー
多摩市,大栗川・かるがも館（和田・東寺方コミュニティセンター）,多摩市和田2006-4,https://tama-karugamo.tokyo/,〇,9時00分～21時30分（第2・4月曜日は休館）,約15名,〇,9時00分～21時30分（第2・4月曜日は休館）,1階ロビー
多摩市,多摩市立グリーンライブセンター,多摩市落合2-35 多摩中央公園内,https://tama-glc.jp/,〇,"火～日曜日　9:30～17:00
（月曜日は休館。ただし祝日の場合は開館し、翌平日が休館）",約15名,〇,"火～日曜日　9:30～17:00
（月曜日は休館。ただし祝日の場合は開館し、翌平日が休館）",1階ライブホール
多摩市,多摩中央公園　クリエイティブキャンパス企画室,多摩市落合2-35 多摩中央公園内,https://tama-central-park.jp/,〇,月・木・土・日曜日　9時～17時,約20名,〇,月・木・土・日曜日　9時～17時,クリエイティブキャンパス企画室
多摩市,豊ヶ丘老人福祉館・地区市民ホール,多摩市豊ヶ丘5-6,https://www.city.tama.lg.jp/map/bunka/hall/1007001.html,,,,〇,平日・土曜日9:00～17:00（第3月曜除く）,2階ロビー
多摩市,諏訪老人福祉館・地区市民ホール,多摩市諏訪5-4,https://www.city.tama.lg.jp/map/bunka/hall/1007002.html,,,,〇,平日・土曜日9:00～17:00（第3月曜除く）,1階図書コーナー前スペース
多摩市,東寺方老人福祉館・地区市民ホール,多摩市東寺方626-7,https://www.city.tama.lg.jp/map/bunka/hall/1007003.html,,,,〇,平日・土曜日8:30～17:00（第3月曜除く）,利用されていない諸室
多摩市,多摩市立東寺方図書館,多摩市東寺方626-7,https://www.city.tama.lg.jp/map/bunka/toshokan/index.html,,,,〇,10:00～17:00（木曜日・祝日は休館）,館内
多摩市,東京都立埋蔵文化財調査センター,多摩市落合1-14-2,https://www.tomaibun.jp/,,,,〇,9:30～17:00,展示ホール他
多摩市,AFFIDAMENTO BAGEL,多摩市山王下1-12-12福満ビル2F,https://bagel.affidamento.jp/,〇,9:00～17:00（土曜日のみ）,約10名,〇,9:00～17:00（土曜日のみ）,店内（イートインスペース）
多摩市,トヨタモビリティ東京株式会社 多摩ニュータウン店,多摩市関戸6-5-2,https://www.toyota-mobi-tokyo.co.jp/shop/37B,〇,"10時00分～18時00分
定休日：火曜日、第1・3月曜日(一部、特別営業日があります）、GW休暇、夏季休暇を除く",5名,〇,"10時00分～18時00分
定休日：火曜日、第1・3月曜日(一部、特別営業日があります）、GW休暇、夏季休暇を除く",ショールーム
多摩市,トヨタモビリティ東京株式会社 U-Car多摩ニュータウン店,多摩市関戸6-6-11,https://www.toyota-mobi-tokyo.co.jp/shop/37D,〇,"10時00分～18時00分
定休日：火曜日、第1・3月曜日(一部、特別営業日があります）、GW休暇、夏季休暇を除く",5名,〇,"10時00分～18時00分
定休日：火曜日、第1・3月曜日(一部、特別営業日があります）、GW休暇、夏季休暇を除く",ショールーム
多摩市,トヨタモビリティ東京株式会社 多摩永山店,多摩市永山1-2-1,https://www.toyota-mobi-tokyo.co.jp/shop/37A/,〇,"10時00分～18時00分
定休日：火曜日、第1・3月曜日(一部、特別営業日があります）、GW休暇、夏季休暇を除く",5名,〇,"10時00分～18時00分
定休日：火曜日、第1・3月曜日(一部、特別営業日があります）、GW休暇、夏季休暇を除く",ショールーム
多摩市,トレーニングスタジオest.多摩諏訪店,多摩市諏訪3-14-10　ホワイトハウス1F,https://studio-est.jp/suwa.html,〇,月曜日から金曜日10:00～16:00,2名,〇,月曜日から金曜日10:00～16:00,休憩スペース
多摩市,トレーニングスタジオest.多摩鶴牧店,多摩市鶴牧5-1-1　エステート鶴牧101,https://studio-est.jp/tsurumaki.html,〇,"月曜日10時00分～14時30分
火曜日から土曜日10時00分～16時00分",2名,〇,"月曜日10時00分～14時30分
火曜日から土曜日10時00分～16時00分",休憩スペース
多摩市,東京南農協協同組合多摩支店,多摩市関戸6-11-1,https://www.ja-tm.or.jp/,〇,"月曜日から金曜日9:00～15:00
祝日・振替休日を除く",約3名,〇,"月曜日から金曜日9:00～15:00
祝日・振替休日を除く",金融店舗ATMコーナー横
多摩市,京王聖蹟桜ヶ丘ショッピングセンター,東京都多摩市関戸1-10-1,https://www.keio-sc.jp/,〇,10:00～20:00（元日など全館休館日を除く）,約10名,〇,10:00～20:00（元日など全館休館日を除く）,Ｂ館8階レストラン街（共用部）
多摩市,龍生堂薬局　多摩センター店,多摩市落合1-44　丘の上プラザ101,https://www.ryuseido.co.jp/shop/16.html,〇,月曜日から日曜日9:00～20:00,3名,〇,月曜日から日曜日9:00～20:00,店内　調剤待合室
多摩市,龍生堂薬局　永山店,多摩市永山1-4　グリナード永山3F,https://www.ryuseido.co.jp/shop/05.html,〇,月曜日から日曜日（休館日除く）10:00～20:00,10名,〇,月曜日から日曜日（休館日除く）10:00～20:00,店内　調剤待合室
多摩市,龍生堂薬局　永山調剤店,多摩市永山1-4　グリナード永山5F,https://www.ryuseido.co.jp/shop/35.html,〇,"月曜日から日曜日（祝祭日除く）
月、水、金：9時30分～20時00分
火、木、土：9時30分～18時30分
日：午前11時～20時",3名,〇,"月曜日から日曜日（祝祭日除く）
月、水、金：9時30分～20時00分
火、木、土：9時30分～18時30分
日：午前11時～20時",店内　調剤待合室
多摩市,龍生堂薬局　ベルブ永山店,多摩市永山1-5　ベルブ永山2F,https://www.ryuseido.co.jp/shop/20.html,〇,"月曜日から土曜日（日曜日、祝日除く）
月、火、水、金：9時～19時
木、土：9時～18時",3名,〇,"月曜日から土曜日（日曜日、祝日除く）
月、火、水、金：9時～19時
木、土：9時～18時",店内　調剤待合室
多摩市,ネコサポグリナード永山店,多摩市永山1-4　グリナード永山3F,https://www.kuronekoyamato.co.jp/nekosapo/tama/,〇,月曜日から日曜日10時～20時まで,2名,〇,月曜日から日曜日10時～20時まで,店舗内カウンター部分
多摩市,ダイハツ東京販売株式会社　U-CAR多摩センター店,多摩市落合1-2-24,,〇,"9時30分～18時00分
（定休日：火曜日、第1・3水曜日が休みの場合があります。GW休暇、夏季休暇を除く）",2名,,,ショールーム
多摩市,さくら薬局聖蹟桜ヶ丘店,多摩市関戸2-39-10,https://kahoku-chozai.com/,〇,"月曜日から日曜日10時～17時30分
祝日、夏季休暇を除く",3名,〇,"月曜日から日曜日10時～17時30分
祝日、夏季休暇を除く",調剤待合室
多摩市,ニッカホーム株式会社　多摩営業所,多摩市関戸6-6-7　ジュネス桜ヶ丘1階,https://tama-nikka.com/,〇,"月曜日から日曜日9時～17時30分
夏季休暇を除く",5名,〇,"月曜日から日曜日9時～17時30分
夏季休暇を除く",ショールーム内（椅子設置場所）
多摩市,有限会社もしもし,多摩市落合2-38 D'ｸﾞﾗﾌｫｰﾄ多摩ｾﾝﾀｰ煉瓦坂103号,https://mosimosi.biz/,,,,〇,土・日・祝を除く9:00～18:00,応接エリア、会議室及び作業場
多摩市,多摩郵便局,多摩市鶴牧1-24-2,http://www.post.japanpost.jp,,,,〇,土・日・祝を除く9:00～19:00,お客様ロビー
多摩市,多摩関戸郵便局,多摩市関戸5-11-1,http://www.post.japanpost.jp,,,,〇,土・日・祝日を除く9:00～17:00,お客様ロビー
多摩市,多摩永山郵便局,多摩市永山4-2-6,http://www.post.japanpost.jp,,,,〇,土・日・祝日を除く9:00～17:00,お客様ロビー
多摩市,多摩和田郵便局,多摩市和田3-2-1,http://www.post.japanpost.jp,,,,〇,土・日・祝日を除く9:00～17:00,お客様ロビー
多摩市,永山駅前郵便局,多摩市永山1-5　ベルブ永山,http://www.post.japanpost.jp,,,,〇,土・日・祝日を除く9:00～17:00,お客様ロビー
多摩市,多摩落合郵便局,多摩市落合3-17-1,http://www.post.japanpost.jp,,,,〇,土・日・祝日を除く9:00～17:00,お客様ロビー
多摩市,多摩貝取郵便局,多摩市貝取4-2-1,http://www.post.japanpost.jp,,,,〇,土・日・祝日を除く9:00～17:00,お客様ロビー
多摩市,聖蹟桜ヶ丘郵便局,多摩市東寺方1-2-13,http://www.post.japanpost.jp,,,,〇,土・日・祝日を除く9:00～17:00,お客様ロビー
多摩市,多摩鶴牧郵便局,多摩市鶴牧5-2-6,http://www.post.japanpost.jp,,,,〇,土・日・祝日を除く9:00～17:00,お客様ロビー
多摩市,多摩貝取北郵便局,多摩市貝取1-45-1-105,http://www.post.japanpost.jp,,,,〇,土・日・祝日を除く9:00～17:00,お客様ロビー
多摩市,多摩聖ヶ丘郵便局,多摩市聖ヶ丘2-20-4,http://www.post.japanpost.jp,,,,〇,土・日・祝日を除く9:00～17:00,お客様ロビー
多摩市,多摩桜ヶ丘郵便局,多摩市桜ヶ丘4-1-2,http://www.post.japanpost.jp,,,,〇,土・日・祝日を除く9:00～17:00,お客様ロビー
多摩市,唐木田駅前郵便局,多摩市唐木田1-1-22,http://www.post.japanpost.jp,,,,〇,土・日・祝日を除く9:00～17:00,お客様ロビー
多摩市,多摩センター郵便局,多摩市愛宕4-17-11,http://www.post.japanpost.jp,,,,〇,土・日・祝日を除く9:00～17:00,お客様ロビー
多摩市,せいせきC館内郵便局,多摩市関戸1-7-5,http://www.post.japanpost.jp,,,,〇,土・日・祝日を除く9:00～17:00,お客様ロビー
多摩市,Caféあさの葉,多摩市落合6-1-1-108,https://www.asanoha.jp/,,,,〇,"月～金9:30～15:00
（祝日・振替休日・臨時休業日を除く）",店内
稲城市,稲城市福祉センター,稲城市百村7,https://www.city.inagi.tokyo.jp/shisetsu/fukushi/1004993/1004994.html,〇,"毎日（祝日を除く）
9:00～17:00",20名,〇,"毎日（祝日を除く）
9:00～17:00",1階ロビー
稲城市,ふれあいセンター平尾,稲城市平尾3-1-1 平尾住宅35-102（喫茶ポーポーの木内）,https://www.city.inagi.tokyo.jp/shisetsu/fukushi/1004993/1004996.html,〇,"月・水・金曜日（祝日を除く、夏季休館日あり）
10:00～15:00",10名,〇,"月・水・金曜日（祝日を除く、夏季休館日あり）
10:00～15:00",
稲城市,ふれあいセンター押立,稲城市押立410-3（ｼﾞｮｲﾊｳｽたまがわ集会室）,https://www.city.inagi.tokyo.jp/shisetsu/fukushi/1004993/1004996.html,〇,"月・水・金曜日（祝日を除く、夏季休館日あり）
10:00～15:00",5名,〇,"月・水・金曜日（祝日を除く、夏季休館日あり）
10:00～15:00",
稲城市,ふれあいセンター坂浜,稲城市坂浜2996-2（稲城老名会館内）,https://www.city.inagi.tokyo.jp/shisetsu/fukushi/1004993/1004996.html,〇,"月・水・金曜日（祝日を除く、夏季休館日あり）
10:00～15:00",10名,〇,"月・水・金曜日（祝日を除く、夏季休館日あり）
10:00～15:00",
稲城市,ふれあいセンター矢野口,稲城市矢野口1604（矢野口自治会館内）,https://www.city.inagi.tokyo.jp/shisetsu/fukushi/1004993/1004996.html,〇,"月・水・金曜日（祝日を除く、夏季休館日あり）
10:00～15:00",10名,〇,"月・水・金曜日（祝日を除く、夏季休館日あり）
10:00～15:00",
稲城市,ふれあいセンター百村・東長沼,稲城市百村7（福祉センター内）,https://www.city.inagi.tokyo.jp/shisetsu/fukushi/1004993/1004996.html,〇,"月・水・金曜日（祝日を除く、夏季休館日あり）
10:00～15:00",10名,〇,"月・水・金曜日（祝日を除く、夏季休館日あり）
10:00～15:00",
稲城市,ふれあいセンター向陽台,稲城市向陽台3-2（向陽台小学校内）,https://www.city.inagi.tokyo.jp/shisetsu/fukushi/1004993/1004996.html,〇,"月・水・金曜日（祝日を除く、夏季休館日あり）
10:00～15:00",10名,〇,"月・水・金曜日（祝日を除く、夏季休館日あり）
10:00～15:00",
稲城市,ふれあいセンター大丸,稲城市大丸1171（オーエンス健康プラザ内）,https://www.city.inagi.tokyo.jp/shisetsu/fukushi/1004993/1004996.html,〇,"月・木・金曜日（祝日を除く、夏季休館日あり）
10:00～15:00",10名,〇,"月・木・金曜日（祝日を除く、夏季休館日あり）
10:00～15:00",
稲城市,ふれあいセンター若葉台,"若葉台４丁目５
（若葉台小学校内）",https://www.city.inagi.tokyo.jp/shisetsu/fukushi/1004993/1004996.html,〇,"月・木・金曜日（祝日を除く、夏季休館日あり）
10:00～15:00",10名,〇,"月・木・金曜日（祝日を除く、夏季休館日あり）
10:00～15:00",
稲城市,野村不動産いなぎアリーナ（稲城中央公園総合体育館）,稲城市長峰1-1,https://www.city.inagi.tokyo.jp/shisetsu/sports/1004857/1004858/1004860.html,〇,"毎日（第2・4月曜日を除く、ただし第2・4月曜日が祝日の場合はその翌日）
9:00～21:00",50名,〇,"毎日（第2・4月曜日を除く、ただし第2・4月曜日が祝日の場合はその翌日）
9:00～21:00",1階ロビー
稲城市,中央文化センター,稲城市東長沼2111,https://www.city.inagi.tokyo.jp/shisetsu/bunka/1004842/1004843.html,〇,"毎日（第1・3・5月曜日を除く）
○火～土曜日　9:00～22:00
○日曜日・祝日、第2・4月曜日　9:00～17:00",42名,〇,"毎日（第1・3・5月曜日を除く）
○火～土曜日　9:00～22:00
○日曜日・祝日、第2・4月曜日　9:00～17:00",1階ロビー
稲城市,第二文化センター,稲城市矢野口1780,https://www.city.inagi.tokyo.jp/shisetsu/bunka/1004842/1004844.html,〇,"毎日（第1・3・5月曜日、祝日を除く）○火～土曜日　　9:00～22:00
○日曜日、第2・4月曜日  9:00～17:00",6名,〇,"毎日（第1・3・5月曜日、祝日を除く）○火～土曜日　　9:00～22:00
○日曜日、第2・4月曜日  9:00～17:00",1階ロビー
稲城市,第二文化センター,稲城市矢野口1780,https://www.city.inagi.tokyo.jp/kosodate/shakaikyouiku/1003854/1003856.html,〇,毎日（第1・3・5月曜日、祝日を除く）9:00～17:00,20名,〇,毎日（第1・3・5月曜日、祝日を除く）9:00～17:00,2階生活文化施設やのくち談話室
稲城市,第三文化センター,稲城市平尾1-20-5,https://www.city.inagi.tokyo.jp/shisetsu/bunka/1004842/1004845.html,〇,"毎日（第1・3・5月曜日、祝日を除く）
○火～土曜日　9:00～22:00
○日曜日、第2・4月曜日  9:00～17:00",12名,〇,"毎日（第1・3・5月曜日、祝日を除く）
○火～土曜日　9:00～22:00
○日曜日、第2・4月曜日  9:00～17:00",1階ロビー
稲城市,第四文化センター,稲城市東長沼271,https://www.city.inagi.tokyo.jp/shisetsu/bunka/1004842/1004846.html,〇,"毎日（第1・3・5月曜日、祝日を除く）○火～土曜日　9:00～22:00
○日曜日、第2・4月曜日  9:00～17:00",10名,〇,"毎日（第1・3・5月曜日、祝日を除く）○火～土曜日　9:00～22:00
○日曜日、第2・4月曜日  9:00～17:00",1階ロビー
稲城市,城山文化センター,稲城市向陽台6-7,https://www.city.inagi.tokyo.jp/shisetsu/bunka/1004842/1004847.html,〇,"毎日（第1・3・5月曜日、祝日を除く）
○火～土曜日　9:00～22:00
○日曜日、第2・4月曜日  9:00～17:00",35名,〇,"毎日（第1・3・5月曜日、祝日を除く）
○火～土曜日　9:00～22:00
○日曜日、第2・4月曜日  9:00～17:00",1階ロビー
稲城市,稲城市立ｉプラザ,稲城市若葉台2-5-2,https://www.city.inagi.tokyo.jp/shisetsu/shougaigakushuu/1004899.html,〇,"毎日（第2・4月曜日を除く、ただし第2・4月曜日が祝日の場合はその翌日）
8:30～22:00",20名,〇,"毎日（第2・4月曜日を除く、ただし第2・4月曜日が祝日の場合はその翌日）
8:30～22:00",1階エントランスホール・図書館入り口前
稲城市,稲城市立中央図書館（交流エリア）,稲城市向陽台4-6-18（城山公園内）,https://www.city.inagi.tokyo.jp/shisetsu/bunka/1004848/1004849.html,〇,"毎日（第4月曜日を除く、ただし第4月曜日が祝日の場合はその翌日）
9:00～20:00",199名,〇,"毎日（第4月曜日を除く、ただし第4月曜日が祝日の場合はその翌日）
9:00～20:00",
稲城市,稲城市複合施設ふれんど平尾,稲城市平尾1-9-1,https://www.city.inagi.tokyo.jp/shisetsu/shougaigakushuu/1004900.html,〇,毎日（月曜日を除く）9:00～21:00,25名,〇,毎日（月曜日を除く）9:00～21:00,1階談話室
稲城市,長峰オアシス,稲城市長峰2-1-1（あすか創建株式会社敷地内）,https://www.city.inagi.tokyo.jp/shisetsu/community/1005025/1005026.html,〇,平日　10:00～18:00,25名,〇,平日　10:00～18:00,
稲城市,城南信用金庫　稲城支店,稲城市矢野口589,https://www.jsbank.co.jp/search/052.html,〇,平日　午前9時～午後3時,5名,〇,平日　午前9時～午後3時,
羽村市,羽村市役所庁舎,羽村市緑ヶ丘5-2-1,https://www.city.hamura.tokyo.jp/0000002127.html,〇,平日8:30～17:00,10～15名,〇,平日8:30～17:00,1Fロビー
羽村市,羽村市保健センター,羽村市緑ケ丘5-5-2,https://www.city.hamura.tokyo.jp/0000001484.html,〇,平日8:30～17:00,20名,〇,平日8:30～17:00,1Fロビー
羽村市,プリモホールゆとろぎ,羽村市緑ヶ丘1-11-5,https://www.city.hamura.tokyo.jp/prsite/0000002093.html,〇,9:00～22:00（月曜日・年末年始を除く）,20名,〇,9:00～22:00（月曜日・年末年始を除く）,1Fロビー
羽村市,S＆Dスポーツアリーナ羽村,羽村市羽加美1-29-5,https://www.city.hamura.tokyo.jp/prsite/0000002102.html,〇,8:40～22:00（月曜日・年末年始を除く）,14名,〇,8:40～22:00（月曜日・年末年始を除く）,1Fロビー
羽村市,S＆Dスイミングプラザ羽村,羽村市五ノ神319-3,https://www.city.hamura.tokyo.jp/prsite/0000002101.html,〇,8:40～22:00（月曜日・年末年始を除く）,15名,〇,8:40～22:00（月曜日・年末年始を除く）,1F談話室
羽村市,羽村市福祉センター,羽村市栄町2-18-1,https://www.city.hamura.tokyo.jp/0000002103.html,〇,平日8:30～17:00,20名,〇,平日8:30～17:00,1Fふれあい広場
羽村市,羽村市産業福祉センター,羽村市緑ヶ丘2-11-1,https://www.city.hamura.tokyo.jp/0000015017.html,〇,9:00～21:30（月曜日・年末年始を除く）,8名,〇,9:00～21:30（月曜日・年末年始を除く）,1Fロビー
羽村市,羽村市東児童館,羽村市神明台3-30-2,https://www.city.hamura.tokyo.jp/prsite/0000014553.html,〇,9:00～17:00（木曜日・年末年始を除く）10月1日～１12月末まで休館,10名,〇,9:00～17:00（木曜日・年末年始を除く）10月1日～１12月末まで休館,1Fホール
羽村市,羽村市中央児童館,羽村市羽中3-6-19,https://www.city.hamura.tokyo.jp/prsite/0000014551.html,〇,9:00～17:00（金曜日・年末年始を除く）,10名,〇,9:00～17:00（金曜日・年末年始を除く）,1Fホール
羽村市,羽村市西児童館,羽村市小作台5-28-3,https://www.city.hamura.tokyo.jp/prsite/0000014552.html,〇,9:00～17:00（火曜日・年末年始を除く）,10名,〇,9:00～17:00（火曜日・年末年始を除く）,1Fホール
羽村市,老人福祉センターいこいの里,羽村市羽加美4-18-6,https://www.city.hamura.tokyo.jp/0000001167.html,〇,9:00～16:30（日曜日・年末年始を除く）,6名,〇,9:00～16:30（日曜日・年末年始を除く）,1Fロビー
羽村市,羽村市水道事務所,羽村市緑ヶ丘2-18-5,,〇,平日8:30～17:00,9名,〇,平日8:30～17:00,1Fロビー
あきる野市,あきる野市役所,あきる野市二宮350,https://www.city.akiruno.tokyo.jp/0000001004.html,〇,月曜日から土曜日8:30～17:15(水曜日のみ20時まで)※祝日除く,5～10名,〇,月曜日から土曜日8:30～17:15(水曜日のみ20時まで)※祝日除く,1Fコミュニティホール(状況により変更あり)
あきる野市,あきる野市役所五日市出張所,あきる野市五日市411,https://www.city.akiruno.tokyo.jp/0000004100.html,〇,毎日9:00～21:30,8名,〇,毎日9:00～21:30,1Fホール
あきる野市,あきる野市中央図書館,あきる野市秋川1-16-2,https://www.library.akiruno.tokyo.jp/TOSHOW/asp/index.aspx,〇,月曜日から木曜日10:00～20:00、土曜日・日曜日・祝日10:00～18:00、※金曜日・第3火曜日休館,"12名
(相席含む)",〇,月曜日から木曜日10:00～20:00、土曜日・日曜日・祝日10:00～18:00、※金曜日・第3火曜日休館,1Fフリースペース
あきる野市,あきる野市東部図書館エル,あきる野市野辺39-27,https://www.library.akiruno.tokyo.jp/TOSHOW/asp/index.aspx,〇,"日曜日・火曜日から土曜日10:00～18:00(水曜日のみ20:00まで)
※月曜日、祝日休館",6名,〇,"日曜日・火曜日から土曜日10:00～18:00(水曜日のみ20:00まで)
※月曜日、祝日休館",1Fギャラリー
あきる野市,あきる野市五日市図書館,あきる野市五日市368,https://www.library.akiruno.tokyo.jp/TOSHOW/asp/index.aspx,〇,"日曜日・火曜日から土曜日10:00～18:00(木曜日のみ20:00まで)
※月曜日、祝日休館",5名,〇,"日曜日・火曜日から土曜日10:00～18:00(木曜日のみ20:00まで)
※月曜日、祝日休館",1Fブラウジングコーナー
あきる野市,あきる野市中央図書館増戸分室,あきる野市伊奈1157-5,https://www.library.akiruno.tokyo.jp/TOSHOW/asp/index.aspx,〇,"日曜日・火曜日から土曜日10:00～18:00
※月曜日、祝日休館",2名,〇,"日曜日・火曜日から土曜日10:00～18:00
※月曜日、祝日休館",1F雑誌コーナー付近
あきる野市,あきる野市中央公民館,あきる野市二宮683,https://www.city.akiruno.tokyo.jp/0000010123.html,〇,毎日9:00～22:00、※第1・第3・第5火曜日休館(祝日の場合は開館),約30名,〇,毎日9:00～22:00、※第1・第3・第5火曜日休館(祝日の場合は開館),1Fロビー
あきる野市,秋川ふれあいセンター,あきる野市平沢175-4,https://akiruno-shakyo.or.jp/fureai-center/,〇,平日8:30～17:15,30名,〇,平日8:30～17:15,1Fアトリウムなど
あきる野市,武蔵五日市駅前拠点施設「フレア五日市」,あきる野市舘谷台26-1,https://www.city.akiruno.tokyo.jp/kanko/0000018064.html,〇,"毎日9:00～22:00
※中のひろばは施設予約がない場合のみ開放",12～52名,〇,"毎日9:00～22:00
※中のひろばは施設予約がない場合のみ開放","・五日市ラウンジ
・中のひろば"
あきる野市,あきる野市秋川体育館,あきる野市二宮683,https://www.city.akiruno.tokyo.jp/0000007656.html,〇,毎日9:00～22:00、※第1・第3・第5火曜日休館(祝日の場合は開館),25～30名,〇,毎日9:00～22:00、※第1・第3・第5火曜日休館(祝日の場合は開館),1Fロビー
あきる野市,いきいきセンター,あきる野市雨間1946,https://www.city.akiruno.tokyo.jp/0000012691.html,〇,"日曜日・月曜日・水曜日から土曜日8：30～17：15
※火曜日休館",20名,〇,"日曜日・月曜日・水曜日から土曜日8：30～17：15
※火曜日休館",1Fホール
あきる野市,横川観光ファインプラザ（五日市ファインプラザ）,あきる野市伊奈859-3,https://www.city.akiruno.tokyo.jp/0000007655.html,〇,毎日9:00～21:30、※第1・第3水曜日休館(祝日の場合は開館),20名,〇,毎日9:00～21:30、※第1・第3水曜日休館(祝日の場合は開館),1Fロビー
あきる野市,二宮考古館,あきる野市二宮1151,https://www.city.akiruno.tokyo.jp/0000001066.html,〇,"日曜日・水曜日から土曜日10：00～16：00
※月曜日、火曜日、祝日休館",4～5名,〇,"日曜日・水曜日から土曜日10：00～16：00
※月曜日、火曜日、祝日休館",1Fロビー
あきる野市,トラストルピア（あきる野ルピア）,あきる野市秋川1-8,https://www.city.akiruno.tokyo.jp/0000003944.html,〇,"月～日　10：00～19:00
※第2水曜日休館日",15名,〇,"月～日　10：00～19:00
※第2水曜日休館日",イベントプラザ
あきる野市,開戸センター,あきる野市渕上332-1,,〇,"月～金　9:00～17:00
※祝日は閉館",10名,〇,"月～金　9:00～17:00
※祝日は閉館",
あきる野市,五日市センター,あきる野市舘谷台17,,〇,"月～金　10:00～16:00
※祝日は閉館",10名,〇,"月～金　10:00～16:00
※祝日は閉館",
あきる野市,萩野センター,あきる野市雨間533-1,,〇,"月～金　9:00～17:00
※祝日は閉館",10名,〇,"月～金　9:00～17:00
※祝日は閉館",
あきる野市,みどり薬局五日市,あきる野市五日市72,,〇,"月～土　9:00～18:30
※祝日休業",3名,,,
あきる野市,みどり薬局上町,あきる野市五日市973,,〇,"月・火・水・金　8:30～18:00
土　8:30～12:00
※祝日休業",5名,,,
あきる野市,みどり薬局草花,あきる野市草花1439-1,,〇,"月～金　9:00～19:00
土・日・祝　9:00～17:00",5名,,,
あきる野市,みどり薬局東秋留,あきる野市二宮1021-7,,〇,"月・火・木・金　9:00～18:30
水　9:00～17:00
土　9:00～13:00
日　9:00～12:30
※第2・第4日曜、祝日休業",5名,,,
あきる野市,みどり薬局,あきる野市引田92-4,,〇,"月～金　8:30～18:00
土・祝　8:30～12:00",5名,,,
あきる野市,株式会社グラム　中川薬局　あきる野店,あきる野市草花2730-4,,〇,"月～土　9:00～18:00
※祝日休業",5名,,,
あきる野市,こすげ薬局,あきる野市野辺375-1,,〇,"月～土　9:00～19:00
※日曜・祝日休業",3名,,,
あきる野市,こすげ調剤薬局,あきる野市野辺1001-5,,〇,"月・火・木・金　9:00～12:00/14:30～18:00
水・土　9:00～12:00
※日曜・祝日休業
※12:00～14:30は休憩時間",2名,,,
あきる野市,井上薬局,あきる野市五日市148,,〇,"水・木　10:30～16:00
※クーリングシェルターとしての開放は水・木のみ",4名,,,
あきる野市,ダイハツ東京販売株式会社 あきる野店,あきる野市渕上198,,〇,"月・水・木・金・土・日　9:30～18:00
※火は休業日
※第1・第3水曜日は休業日",7名,,,
あきる野市,小峰ビジターセンター,あきる野市留原284-1,,,,,〇,開館時間:9:00～16:30　休館日:月曜日 (祝日の場合はその翌日 )・年末年始　12月29日～1月3日,館内各所
あきる野市,秋留台公園,あきる野市二宮673-1,https://www.tokyo-park.or.jp/park/akirudai/,,,,〇,"※水遊びができる屋外のスポットで、屋内施設ではありません。
未定、※電力ひっ迫時は運用を停止する可能性があります。",じゃぶじゃぶ池
西東京市,エコプラザ西東京,西東京市泉町3-12-35,https://www.city.nishitokyo.lg.jp/sisetu/other/ecoplaza.html,〇,"8:30～21:30
※8:30～17:00（第3月曜日のみ）",20名,〇,"8:30～21:30
※8:30～17:00（第3月曜日のみ）",プラザ棟1　1階ロビー
西東京市,西東京市役所田無庁舎,西東京市南町5-6-13,https://www.city.nishitokyo.lg.jp/sisetu/city/tanasi.html,〇,8:30～17:00（第２土曜日は9：00～12：30及び14：00～17：00、第４土曜日は9：00～12：30に２階のみ利用可能）,37名,〇,8:30～17:00（第２土曜日は9：00～12：30及び14：00～17：00、第４土曜日は9：00～12：30に２階のみ利用可能）,1階ロビー・2階ロビー
西東京市,西東京市役所保谷庁舎（防災・保谷保健福祉総合センター）,西東京市中町1-5-1,https://www.city.nishitokyo.lg.jp/sisetu/city/hoyachosha/bousai_houyahokenhukushisougou.html,〇,8:30～17:00（第２土曜日は9：00～12：30及び14：00～17：00、第４土曜日は9：00～12：30に２階のみ利用可能）,8名,〇,8:30～17:00（第２土曜日は9：00～12：30及び14：00～17：00、第４土曜日は9：00～12：30に２階のみ利用可能）,1階ロビー
西東京市,柳沢公民館,西東京市柳沢1-15-1,https://www.city.nishitokyo.lg.jp/sisetu/lib_komin/yagisawa_komin.html,〇,9:00～22:00（第4月曜日を除く）,90名,〇,9:00～22:00（第4月曜日を除く）,ロビー
西東京市,田無公民館,西東京市南町5-6-11,https://www.city.nishitokyo.lg.jp/sisetu/lib_komin/tanashi_kominkan.html,〇,9:00～22:00（第4月曜日を除く）,40名,〇,9:00～22:00（第4月曜日を除く）,ロビー
西東京市,芝久保公民館,西東京市芝久保5-4-48,https://www.city.nishitokyo.lg.jp/sisetu/lib_komin/sibakubo_komin.html,〇,9:00～22:00（第4月曜日を除く）,54名,〇,9:00～22:00（第4月曜日を除く）,ロビー
西東京市,谷戸公民館,西東京市谷戸町1-17-2,https://www.city.nishitokyo.lg.jp/sisetu/lib_komin/yatokouminkan.html,〇,9:00～22:00（第4月曜日を除く）,36名,〇,9:00～22:00（第4月曜日を除く）,ロビー
西東京市,ひばりが丘公民館,西東京市ひばりが丘2-3-4,https://www.city.nishitokyo.lg.jp/sisetu/lib_komin/hibarigaoka_komin.html,〇,9:00～22:00（第4月曜日を除く）,20名,〇,9:00～22:00（第4月曜日を除く）,ロビー
西東京市,保谷駅前公民館,西東京市東町3-14-30,https://www.city.nishitokyo.lg.jp/sisetu/lib_komin/hoyaekimae_komin.html,〇,9:00～22:00（第4月曜日を除く）,29名,〇,9:00～22:00（第4月曜日を除く）,ロビー
西東京市,緑町コミュニティセンター,西東京市緑町1-5-1,https://www.city.nishitokyo.lg.jp/sisetu/community/midori.html,〇,9:00～21:00（毎週木曜日を除く）,5名,〇,9:00～21:00（毎週木曜日を除く）,談話室
西東京市,芝久保コミュニティセンター,西東京市芝久保町3-15-10,https://www.city.nishitokyo.lg.jp/sisetu/community/sibakubo.html,〇,9:00～21:00（毎週木曜日を除く）,5名,〇,9:00～21:00（毎週木曜日を除く）,談話室
西東京市,東伏見コミュニティセンター,西東京市東伏見5-10-22,https://www.city.nishitokyo.lg.jp/sisetu/community/higasihusimi_com.html,〇,9:00～21:00（毎週月曜日を除く）,5名,〇,9:00～21:00（毎週月曜日を除く）,ロビー
西東京市,北町コミュニティセンター,西東京市北町1-3-14,https://www.city.nishitokyo.lg.jp/sisetu/community/hureai.html,〇,9:30～21:00（毎週水曜日を除く）,5名,〇,9:30～21:00（毎週水曜日を除く）,ロビー
西東京市,市民協働推進センターゆめこらぼ,西東京市南町5-6-18 イングビル1階,https://www.yumecollabo.jp/,〇,10:00～19:00（毎週日曜日、祝日を除く）,5名,〇,10:00～19:00（毎週日曜日、祝日を除く）,サロン
西東京市,消費者センター分館,西東京市住吉町6-1-5,"【1階】https://www.city.nishitokyo.lg.jp/kosodate/kids/asobiba/bunnkann.html
【2階】https://www.city.nishitokyo.lg.jp/sisetu/other/syohisya.html",〇,"【1階】15:00～18:00（水曜日・木曜日・金曜日（祝日を除く））
【2階】9:00～17:00","【1階】20名
【2階】8名
",〇,"【1階】15:00～18:00（水曜日・木曜日・金曜日（祝日を除く））
【2階】9:00～17:00","【1階】図書コーナー、学習室、プレイルーム等
【2階】展示コーナー、資料室"
西東京市,住吉会館,西東京住吉町6-15-6,https://www.city.nishitokyo.lg.jp/sisetu/hukusi/sumiyosikaikan.html,〇,9:00～22:00（祝日を除く）,20名,〇,9:00～22:00（祝日を除く）,1F交流ホール
西東京市,旭のかりん糖 西東京市スポーツセンター,西東京市中町1-5-1,https://www.city.nishitokyo.lg.jp/sisetu/sports/sports.html,〇,9:00～21:00（第１火曜日、休館日を除く）,27人,〇,9:00～21:00（第１火曜日、休館日を除く）,1Fロビー及び自販機スペース
西東京市,総合体育館,西東京市向台町5-4-20,https://www.city.nishitokyo.lg.jp/sisetu/sports/sogo.html,〇,9：00～21：00（第１火曜日・休館日を除く),15人,〇,9：00～21：00（第１火曜日・休館日を除く),地下2F自販機スペース
西東京市,南町スポーツ・文化交流センター「きらっと」,西東京市南町5-6-5,https://www.city.nishitokyo.lg.jp/sisetu/sports/taiikukan.html,〇,9：00～21：00（第１火曜日・休館日を除く),27人,〇,9：00～21：00（第１火曜日・休館日を除く),1Fラウンジ
西東京市,トヨタモビリティ東京株式会社　保谷本町店,西東京市保谷町3-17-29,https://www.toyota-mobi-tokyo.co.jp/shop/33A,〇,10:00～18:00（毎週火曜日、第1・第3月曜日、ＧＷ休暇・夏季休暇を除く）,5名,〇,10:00～18:00（毎週火曜日、第1・第3月曜日、ＧＷ休暇・夏季休暇を除く）,ショールーム
西東京市,トヨタモビリティ東京株式会社　田無芝久保店,西東京市芝久保町5-5-36,https://www.toyota-mobi-tokyo.co.jp/shop/33B,〇,10:00～18:00（毎週火曜日、第1・第3月曜日、ＧＷ休暇・夏季休暇を除く）,5名,〇,10:00～18:00（毎週火曜日、第1・第3月曜日、ＧＷ休暇・夏季休暇を除く）,ショールーム
西東京市,トヨタモビリティ東京株式会社　保谷富士町店,西東京市富士町3-1-19,https://www.toyota-mobi-tokyo.co.jp/shop/33C,〇,10:00～18:00（毎週火曜日、第1・第3月曜日、ＧＷ休暇・夏季休暇を除く）,5名,〇,10:00～18:00（毎週火曜日、第1・第3月曜日、ＧＷ休暇・夏季休暇を除く）,ショールーム
西東京市,トヨタモビリティ東京株式会社　田無西原町店,西東京市田無町5-6-16,https://www.toyota-mobi-tokyo.co.jp/shop/33D,〇,10:00～18:00（毎週火曜日、第1・第3月曜日、ＧＷ休暇・夏季休暇を除く）,5名,〇,10:00～18:00（毎週火曜日、第1・第3月曜日、ＧＷ休暇・夏季休暇を除く）,ショールーム
西東京市,アスタ専門店街,西東京市田無町2-1-1,https://www.asta.co.jp,〇,10:00～22:00,32名,〇,10:00～22:00,2階共用通路ベンチ
西東京市,イオンタウン田無芝久保,西東京市芝久保町1-12-5,https://www.aeontown.co.jp/tanashishibakubo/,,,,〇,9:00～20:00,1階イートインスペース
西東京市,ＯＮＥ ＦＯＲ ＡＬＬ西東京,西東京市田無町4-15-12,https://ofa-nishitokyo.com/,〇,"平日8:30～19:00
土曜日8:30～17:00",80名,〇,"平日8:30～19:00
土曜日8:30～17:00",1階　地域交流センターＯＦＡ西東京（地域交流スペース、キッズコーナー）
西東京市,どろんこ作業所手づくり山,泉町2-20-20サンハイツ泉１階,http://www.onyx.dti.ne.jp/~doronko/sagyousyo.html#tedukuri,,,,〇,9:00～16:45（日曜日・月曜日・祝日を除く）,どろんこオアシス
西東京市,ヘアーサロン　アベ,芝久保町1-20-1,,〇,平日9:00～19;00（月曜日・火曜日を除く）,2名,〇,平日9:00～19;00（月曜日・火曜日を除く）,客待ちスペース
西東京市,MUFG PARK,柳沢4-4-40,https://www.mufgpark.mufg.jp/library/,,,,〇,10:00～17:30（月曜日・火曜日を除く）,ライブラリー
西東京市,株式会社グラム　向台薬局,向台町3-3-24,,〇,"平日10:00～17:00
土曜日10:00～14:00",5名,〇,"平日10:00～17:00
土曜日10:00～14:00",待合室
西東京市,薬局ホームケアファーマシ―田無店,田無町4-28-18第三カモシダビル1、2階,https://e-okusuri.co.jp/parmacy/%E8%96%AC%E5%B1%80-hcp-%E7%94%B0%E7%84%A1%E5%BA%97,〇,9:00～17:00（日曜日を除く）,2名,〇,9:00～17:00（日曜日を除く）,待合室
西東京市,ウェルパーク調剤薬局田無芝久保店,芝久保町1-4-2,https://store.welcia.co.jp/welcia/spot/detail?code=8331C&category=21,〇,"平日9:00～19:00
土曜日9:00～17:00",3～4名,〇,"平日9:00～19:00
土曜日9:00～17:00",待合室
西東京市,薬局トモズ アスタ田無店,田無町2-1-1田無アスタ専門店街2階,https://shop.tomods.jp/detail/912/,〇,10:00～20:00,10名,〇,10:00～20:00,待合室
西東京市,ハッピィ調剤薬局 たなし店,芝久保町3-4-30ケルン田無1 1階C号室,https://www.seibu-yaku.jp/pages/220/,〇,平日9:00～16:00,3名,〇,平日9:00～16:00,待合室
西東京市,西東京グリーン薬局,田無町2-2-1,https://www.green-ph1.com/tokyo#6,〇,"平日9:00～18:00
土曜日9:00～13:00",1～2名,〇,"平日9:00～18:00
土曜日9:00～13:00",待合室
西東京市,あけぼの薬局ひばりが丘南店,谷戸町2-1-41ひばりが丘南店メディカルスクエア1階,https://www.ph-k.co.jp/pharmacy/hibarigaoka/,〇,9:00～18:00（日曜日・祝日を除く）,1～5名,〇,9:00～18:00（日曜日・祝日を除く）,待合室
西東京市,薬局ここ楽 ひばりヶ丘店,谷戸町2-13-1,https://www.seibu-yaku.jp/pages/247/,〇,"平日9:00～13:00、14:30～18:30（木曜日を除く）
土曜日9:00～13:00",5名,〇,"平日9:00～13:00、14:30～18:30（木曜日を除く）
土曜日9:00～13:00",待合室
西東京市,わかば調剤薬局,下保谷4-2-20,http://wakaba-pharmacy-hoya.com/#contact-2,〇,"平日9:00～19:00
土曜日9:00～12:00",10名,〇,"平日9:00～19:00
土曜日9:00～12:00",待合室
西東京市,和光調剤薬局,田無町7-4-4,https://www.seibu-yaku.jp/pages/256/,〇,平日9:00～17:00,3名,〇,平日9:00～17:00,待合室
西東京市,エコ薬局,新町1-14-9,https://www.hbsankyo.co.jp/storeinfo.html,〇,13:00～15:00（日曜日を除く）,2名,〇,13:00～15:00（日曜日を除く）,待合室
西東京市,くすりのダイイチ薬局東町郵便局前店,東町2-16-24,https://www.kusu1.com/shop.html,〇,"平日9:00～17:00
土曜日9:00～13:00",3名,〇,"平日9:00～17:00
土曜日9:00～13:00",待合室
西東京市,くすりのダイイチ薬局東町店,東町2-14-11,https://www.kusu1.com/shop.html,〇,"平日9:00～17:00
土曜日9:00～13:00",3名,〇,"平日9:00～17:00
土曜日9:00～13:00",待合室
西東京市,くすりのダイイチ薬局ソレイユ保谷店,東町3-13-19,https://www.kusu1.com/shop.html,〇,9:00～17:00（日曜日を除く）,10名,〇,9:00～17:00（日曜日を除く）,待合室
西東京市,くすりのダイイチ薬局東伏見店,東伏見3-1-25,https://www.kusu1.com/shop.html,〇,9:00～17:00（日曜日を除く）,5名,〇,9:00～17:00（日曜日を除く）,待合室
西東京市,薬局キッズファーマシー,南町5-13-18,https://www.seibu-yaku.jp/pages/246/,〇,平日10:00～12:00、15:00～17:00（木曜日を除く）,2名,〇,平日10:00～12:00、15:00～17:00（木曜日を除く）,待合室
西東京市,田無プラザ薬局,田無町4-21-11,https://e-okusuri.co.jp/parmacy/%E7%94%B0%E7%84%A1%E3%83%97%E3%83%A9%E3%82%B6%E8%96%AC%E5%B1%80,〇,9:00～17:00（日曜日を除く）,1名,〇,9:00～17:00（日曜日を除く）,待合室
西東京市,たなし白十字薬局,田無町4-22-12プランドールイトウ1-107,https://www.seibu-yaku.jp/pages/207/,〇,平日9:00～16:30,3名,〇,平日9:00～16:30,待合室
西東京市,田無本町調剤薬局,田無町4-25-5カモシダビル1階,https://e-okusuri.co.jp/parmacy/%E7%94%B0%E7%84%A1%E6%9C%AC%E7%94%BA%E8%AA%BF%E5%89%A4%E8%96%AC%E5%B1%80,〇,9:00～17:00（日曜日を除く）,2名,〇,9:00～17:00（日曜日を除く）,待合室
西東京市,南町調剤薬局,南町3-25-4アベニュート1階,https://e-okusuri.co.jp/parmacy/%E5%8D%97%E7%94%BA%E8%AA%BF%E5%89%A4%E8%96%AC%E5%B1%80,〇,9:00～17:30（日曜日を除く）,2名,〇,9:00～17:30（日曜日を除く）,待合室
西東京市,あすなろ薬局,ひばりが丘北4-5-20,https://www.asunaro-ph-hibarigaoka.com,〇,9:00～16:00（日曜日・祝日を除く）,2名,〇,9:00～16:00（日曜日・祝日を除く）,待合室
西東京市,西東京郵便局,田無町3-2-2,https://map.japanpost.jp/p/search/dtl/300101147000/?&cond1=2&cond200=1&&his=sw,,,,〇,"平日9:00～19:00
土曜日9:00～15:00",待合スペース
西東京市,ゆうちょ銀行西東京店,田無町3-2-2,https://map.japanpost.jp/p/search/dtl/300101147000/?&cond1=2&cond200=1&&his=sw,,,,〇,平日9:00～16:00,待合スペース
西東京市,下保谷二郵便局,下保谷2-4-12,https://map.japanpost.jp/p/search/dtl/300100743000/?&cond1=2&cond200=1&&his=sw,,,,〇,"平日9:00～17:00
（12:00～13:00を除く）",待合スペース
西東京市,田無北芝久保郵便局,芝久保町4-14-2,https://map.japanpost.jp/p/search/dtl/300100742000/?&cond1=2&cond200=1&&his=sw,,,,〇,"平日9:00～17:00
（12:00～13:00を除く）",待合スペース
西東京市,田無芝久保二郵便局,芝久保町2-14-33,https://map.japanpost.jp/p/search/dtl/300101389000/?&cond1=2&cond200=1&&his=sw,,,,〇,"平日9:00～17:00
（12:00～13:00を除く）",待合スペース
西東京市,田無芝久保郵便局,芝久保町1-3-1,https://map.japanpost.jp/p/search/dtl/300100534000/?&cond1=2&cond200=1&&his=sw,,,,〇,平日9:00～17:00,待合スペース
西東京市,田無西原郵便局,西原町5-4-17,https://map.japanpost.jp/p/search/dtl/300100531000/?&cond1=2&cond200=1&&his=sw,,,,〇,"平日9:00～17:00
（12:00～13:00を除く）",待合スペース
西東京市,田無緑町郵便局,緑町3-5-19,https://map.japanpost.jp/p/search/dtl/300100708000/?&cond1=2&cond200=1&&his=sw,,,,〇,平日9:00～17:00,待合スペース
西東京市,田無南町二郵便局,南町2-1-15,https://map.japanpost.jp/p/search/dtl/300100716000/?&cond1=2&cond200=1&&his=sw,,,,〇,"平日9:00～17:00
（12:00～13:00を除く）",待合スペース
西東京市,田無向台郵便局,南町5-14-23,https://map.japanpost.jp/p/search/dtl/300100861000/,,,,〇,平日9:00～17:00,待合スペース
西東京市,ひばりが丘北郵便局,ひばりが丘北3-5-17,https://map.japanpost.jp/p/search/dtl/300100707000/?&cond1=2&cond200=1&&his=sw,,,,〇,平日9:00～17:00,待合スペース
西東京市,ひばりが丘郵便局,谷戸町3-25-3,https://map.japanpost.jp/p/search/dtl/300100358000/?&cond1=2&cond200=1&&his=sw,,,,〇,平日9:00～17:00,待合スペース
西東京市,伏見通郵便局,中町6-12-40,https://map.japanpost.jp/p/search/dtl/300100893000/?&cond1=2&cond200=1&&his=sw,,,,〇,平日9:00～17:00,待合スペース
西東京市,保谷駅前郵便局,下保谷4-15-11,https://map.japanpost.jp/p/search/dtl/300100533000/,,,,〇,"平日9:00～17:00
（12:00～13:00を除く）",待合スペース
西東京市,保谷住吉郵便局,住吉町1-2-1,https://map.japanpost.jp/p/search/dtl/300100617000/?&cond1=2&cond200=1&&his=sw,,,,〇,平日9:00～17:00,待合スペース
西東京市,保谷中町四郵便局,中町4-8-25,https://map.japanpost.jp/p/search/dtl/300100744000/?&cond1=2&cond200=1&&his=sw,,,,〇,"平日9:00～17:00
（12:00～13:00を除く）",待合スペース
西東京市,保谷東伏見郵便局,東伏見6-6-15,https://map.japanpost.jp/p/search/dtl/300100150000/?&cond1=2&cond200=1&&his=sw,,,,〇,平日9:00～17:00,待合スペース
西東京市,保谷富士町郵便局,富士町4-5-23,https://map.japanpost.jp/p/search/dtl/300100471000/?&cond1=2&cond200=1&&his=sw,,,,〇,平日9:00～17:00,待合スペース
西東京市,柳沢駅前郵便局,保谷町3-10-16,https://map.japanpost.jp/p/search/dtl/300100357000/?&cond1=2&cond200=1&&his=sw,,,,〇,平日9:00～17:00,待合スペース
西東京市,株式会社いなげや　西東京富士町店,富士町6-1-30,https://stores.inageya.co.jp/sp/store/?s=205,,,,〇,平日9:00～21:30,休憩所
西東京市,株式会社ウェルパーク　ウェルパーク薬局西東京富士町店,富士町3-8-6,https://store.welcia.co.jp/welcia/spot/detail?code=8320D,〇,"平日9:00～18:00
（13:00～14:00を除く）",2名,〇,"平日9:00～18:00
（13:00～14:00を除く）",待合スペース
西東京市,医療法人社団薫風会　西東京市障害者総合支援センター　フレンドリー,田無町4-17-14,https://nishitokyo-friendly.jp,〇,9:00～18:30,10名,〇,9:00～18:30,市民交流スペース
瑞穂町,瑞穂町役場,瑞穂町大字箱根ケ崎2335番地,http://www.town.mizuho.tokyo.jp,〇,平日8:30～17:00,12名,〇,平日8:30～17:00,1階ロビー
瑞穂町,長岡コミュニティセンター,瑞穂町大字箱根ケ崎1180番地,https://www.town.mizuho.tokyo.jp/tyosei/022/004/p002876.html,〇,9:00～22:00(毎月第2水曜日、祝日(第2水曜日の場合はその翌日)を除く),15名,〇,9:00～22:00(毎月第2水曜日、祝日(第2水曜日の場合はその翌日)を除く),1階ロビー
瑞穂町,武蔵野コミュニティセンター,瑞穂町むさし野一丁目5番地,https://www.town.mizuho.tokyo.jp/tyosei/022/004/p002868.html,〇,9:00～21:30(毎月第2水曜日、祝日(第2水曜日の場合はその翌日)を除く),10名,〇,9:00～21:30(毎月第2水曜日、祝日(第2水曜日の場合はその翌日)を除く),1階ロビー
瑞穂町,元狭山コミュニティセンター,瑞穂町大字二本木673番地1,https://www.town.mizuho.tokyo.jp/tyosei/022/004/p002874.html,〇,9:00～22:00(毎月第2水曜日、祝日(第2水曜日の場合はその翌日)を除く),8名,〇,9:00～22:00(毎月第2水曜日、祝日(第2水曜日の場合はその翌日)を除く),1階ロビー
瑞穂町,ふれあいセンター,瑞穂町大字石畑2008番地,https://www.town.mizuho.tokyo.jp/tyosei/022/004/p002841.html,〇,"9:00～22:00(毎月第3火曜日(祝日にあたる場合はその翌日)を除く)
※利用状況により、18:30に終了する場合があります。",20名,〇,"9:00～22:00(毎月第3火曜日(祝日にあたる場合はその翌日)を除く)
※利用状況により、18:30に終了する場合があります。",2階休憩コーナー
瑞穂町,寄り合いハウスいこい,瑞穂町大字殿ケ谷874番地3,https://www.town.mizuho.tokyo.jp/tyosei/022/004/p002866.html,〇,平日10:00～16:00,8名,〇,平日10:00～16:00,多目的ホール
瑞穂町,瑞穂町図書館,瑞穂町大字石畑1962番地,http://library.mizuho.tokyo.jp,〇,9:00～18:00、木曜日のみ9:00～20:00（月曜日、第3金曜日を除く）,79名,〇,9:00～18:00、木曜日のみ9:00～20:00（月曜日、第3金曜日を除く）,全域
瑞穂町,多世代交流センターMIZCUL,瑞穂町大字殿ケ谷1106番地,https://mizuhoci.machikatsu.co.jp/mizcul/,〇,"9:00～20:00
（毎月第3日曜日を除く）",50名,〇,"9:00～20:00
（毎月第3日曜日を除く）",1階パブリックスペース
瑞穂町,郷土資料館けやき館,瑞穂町大字駒形富士山316番地5,http://www.mizuhokyodo.jp/,〇,"9：00～17：00
（毎月第3月曜日（祝日にあたる場合はその翌日）、臨時休館日を除く）",50名,〇,"9：00～17：00
（毎月第3月曜日（祝日にあたる場合はその翌日）、臨時休館日を除く）",ロビー
瑞穂町,特別養護老人ホーム　不老の郷,瑞穂町大字二本木1319番地,https://www.furounosato.org,〇,日曜日から土曜日　10:00～16:00,3名,〇,日曜日から土曜日　10:00～16:00,1階ロビー
瑞穂町,特別養護老人ホーム　良友園,瑞穂町大字箱根ケ崎670番地1,https://www.ryoyuen.com,〇,日曜日から土曜日　10:00～17:00,5名,〇,日曜日から土曜日　10:00～17:00,1階ロビー
瑞穂町,特別養護老人ホーム　みずほ園,瑞穂町大字箱根ケ崎922番地1,https://mizuhoen.jp,〇,日曜日から土曜日　10:30～17:30,2名,〇,日曜日から土曜日　10:30～17:30,1階ロビー
瑞穂町,フラワープラム,瑞穂町大字長岡長谷部83番地1,https://flowerplum.jp,〇,月曜日から土曜日　9:00～17:00,24名,〇,月曜日から土曜日　9:00～17:00,地域交流サロンKIZUNA
瑞穂町,介護老人保健施設　けんちの苑みずほ,瑞穂町大字長岡長谷部31番地1,https://www.kenchinosono-mizuho.com,〇,月曜日から土曜日　9:00～16:00,3名,〇,月曜日から土曜日　9:00～16:00,1階面会室
瑞穂町,介護老人保健施設　菜の花,瑞穂町大字殿ケ谷454番地,www.kanjinkai.net/nanohana,〇,日曜日から土曜日　9:00～17:00,5名,〇,日曜日から土曜日　9:00～17:00,1階ロビー
瑞穂町,介護医療院　ユニット菜の花,瑞穂町大字殿ケ谷454番地2,www.kanjinkai.net/unit-nanohana,〇,日曜日から土曜日　9:00～17:00,3名,〇,日曜日から土曜日　9:00～17:00,1階ロビー
瑞穂町,ジョイフル本田瑞穂店,瑞穂町大字殿ケ谷442番地,https://www.joyfulhonda.com/shoplist/mizuho/,〇,営業日に準ずる　9:00～20:00,100名,〇,営業日に準ずる　9:00～20:00,館内
日の出町,日の出町役場庁舎,日の出町平井2780,https://www.town.hinode.tokyo.jp/,〇,月～金　9:00～17:00　※祝日を除く,20名,〇,月～金　9:00～17:00　※祝日を除く,
日の出町,図書館,日の出町平井2780,,〇,"火～日　10:30～16:30
※図書館の開館日に準ずる。祝日を除く",6名,〇,"火～日　10:30～16:30
※図書館の開館日に準ずる。祝日を除く",
日の出町,やまびこホール,日の出町大久野1165-2,,〇,"火～土　9:00～17:00
※祝日を除く。月曜日が祝日の場合は火曜日も休館日のため除く
※開設時間内であっても、閉まっている場合がありますので、来館される場合はやまびこホールへ確認をお願いします。（電話042-597-2256）",9名,,,
日の出町,ひのでグリーンプラザ,日の出町平井3231-1,https://042-597-0270.com/kaikan-kaniri/,〇,月～金　9:30～16:30　※祝日を除く,10名,,,
日の出町,大久野老人福祉センター,日の出町大久野2120-1,,〇,月～金　9:30～16:30　※祝日を除く,3名,,,
日の出町,大久野健康いきいきセンター,日の出町大久野696-1,,〇,"（月・木）9:30～18:00
（火・水・金）9:30～16:30
※祝日を除く",3名,,,
日の出町,本宿老人福祉センター,日の出町平井1982,,〇,"（水・金）9:30～18:00
（月・火・木）9:30～16:30
※祝日を除く",5名,,,
日の出町,平井・生涯青春ふれあい総合福祉センター,日の出町平井4118,,〇,"（火・木）9:30～18:00
（月・水・金）9:30～16:30
※祝日を除く",5名,,,
日の出町,肝要の里,日の出町大久野4089,,〇,土、日、祝日　10:30～15:30,15名,,,
日の出町,イオンモール日の出,日の出町平井237-3,https://hinode-aeonmall.com/,〇,月～日　午前10時～午後9時,"13,421名",〇,月～日　午前10時～午後9時,館内
日の出町,協同乳業株式会社東京工場,日の出町平井20-1,,〇,月～金　午前9時30分～午後5時,15人,,,
日の出町,平井郵便局,日の出町平井1186,,,,,〇,月曜日～金曜日　午前9時～午後5時,局内
日の出町,大久野郵便局,日の出町大久野1177,,,,,〇,月曜日～金曜日　午前9時～午後5時,局内
檜原村,檜原都民の森,檜原村7146,https://www.hinohara-mori.jp/,,,,〇,"開館時間：3月16日〜 7月20日　9:30〜16:30 7月21日〜 8月31日  9:30〜17:30 9月 1日〜11月15日 9:30〜16:30 11月16日〜 3月15日 9:30〜16:00 休館日：月曜日 (祝日の場合はその翌日 )・年末年始　12月29日〜1月3日
※ただし下記期間は無休
ゴールデンウィーク4月29日〜5月5日夏休み期間7月21日〜8月31日紅葉シーズン10月1日〜11月30日",館内各所
奥多摩町,奥多摩水と緑のふれあい館,奥多摩町原5番地,https://www.waterworks.metro.tokyo.lg.jp/kouhou/pr/okutama/,,,,〇,"休館日:水曜日(水曜日が祝日の場合は翌日)・年末年始(12月28日から1月4日まで)
開館時間:9:30～17:00",館内各所
奥多摩町,奥多摩ビジターセンター,奥多摩町氷川171-1,https://okutamavc.ces-net.jp/,,,,〇,開館時間:9:00～16:30　休館日:月曜日 (祝日の場合はその翌日 )・年末年始　12月29日～1月3日,館内各所
奥多摩町,山のふるさと村ビジターセンター,奥多摩町川野1740,https://www.yamafuru.com/facility/visitorcenter/,,,,〇,開館時間:9:00～16:30　休館日:年末年始　12月29日～1月3日,館内各所
大島町,東京大島かめりあ空港ターミナル,大島町元町字北の山270,https://www.kouwan.metro.tokyo.lg.jp/rito/tmg-airport/oshima/,,,,〇,【開館時間】8:30～17:30(10月から2月は16:30まで),館内各所
大島町,岡田港船客待合所,大島町岡田横町83-1,,,,,〇,【開館時間】9時～16時30分(定期船欠航時を除く。水曜日で、かつ定期船が元町港を出帆する場合は、休館),館内各所
大島町,元町港船客待合所,大島町元町1-18-3,,,,,〇,【開館時間】8:00～17:30,館内各所
大島町,大島支庁,大島町元町字オンダシ222-1,https://www.soumu.metro.tokyo.lg.jp/11osima/index.html,,,,〇,休館日:土日祝、利用時間:9:00～17:00,館内各所
大島町,生涯学習センター郷　図書館,大島町元町丸塚548番1,https://www.town.oshima.tokyo.jp/soshiki/tosho/tosyokankaikan.html,,,,〇,"火曜日から日曜日　9:00～17:00
月曜日・祝日休館",図書館内
大島町,勤労福祉会館,大島町差木地字クダッチ,https://www.town.oshima.tokyo.jp/soshiki/kinpuku/,,,,〇,"木曜日から火曜日　9:00～21:00
水曜日休館",1階娯楽談話室
利島村,利島港船客待合所,利島村2439,,,,,〇,【開館時間】9:00～16:30(定期船欠航時を除く),館内
新島村,新島港船客待合所,新島村黒根2-1,,,,,〇,【開館時間】9:00～16:30(定期船欠航時を除く),館内各所
新島村,野伏漁港船客待合所,新島村式根島918,,,,,〇,【開館時間】8:15～17:00,館内各所
新島村,新島空港ターミナル,新島村字川原,https://www.kouwan.metro.tokyo.lg.jp/rito/tmg-airport/niijima/,,,,〇,【開館時間】8:30～16:30(4月21日～5月10日、7月16日～8月31日は17:15まで),館内各所
神津島村,神津島空港ターミナル,神津島村字金長,https://www.kouwan.metro.tokyo.lg.jp/rito/tmg-airport/kozushima/,,,,〇,【開館時間】8:30～16:30(4月21日～5月10日、7月16日～8月31日は17:15まで),待合ロビー
神津島村,神津島港船客待合所,神津島村37-2,,,,,〇,【開館時間】9:00～16:30,待合ロビー
三宅村,三宅島空港ターミナル,三宅村坪田1378,https://www.kouwan.metro.tokyo.lg.jp/rito/tmg-airport/miyakejima/,〇,"月～日　9：00～17：00
",5,〇,【開館時間】9:00～17:00(4月21日～5月10日、7月16日～8月31日は17:15まで),館内各所
三宅村,阿古漁港船客待合所,三宅村阿古672-3,,〇,月～日　9：00～17：00,20,〇,【開館時間】早朝(定期船の運航状況によって変動あり)～17:00,館内1階
三宅村,三宅支庁,三宅村伊豆642,https://www.soumu.metro.tokyo.lg.jp/14miyake/miyakehp/index.html,,,,〇,休館日:土日祝、利用時間:9:00～17:00,館内各所
三宅村,三宅村郷土資料館,三宅村阿古497,https://www.vill.miyake.tokyo.jp/kurashi/shisetsu/index.html,〇,月～日　10:00～17:00　※水曜日除く,10,〇,月～日　10:00～17:00　※水曜日除く,1階ホール
三宅村,三宅村文化会館,三宅村坪田3050-1,https://www.vill.miyake.tokyo.jp/kakuka/kyouikuiinkai/shisetsu/annai.html#bunkakaikan05,〇,月～金　13：10～17：00　※土日祝除く,10,,,玄関ホール
八丈町,八丈支庁,八丈町大賀郷2466-2,https://www.soumu.metro.tokyo.lg.jp/09hatijou/,,,,〇,休館日:土日祝、利用時間9:00～17:00,2階エントランスの一部
八丈町,八丈ビジターセンター,八丈町大賀郷2843,https://www.tokyo-park.or.jp/nature/hachijo/,,,,〇,開館時間:9:00～16:45　年中無休,館内各所
八丈町,神湊(底土)港船客待合所,八丈町三根4184-1,,,,,〇,【開館時間】8:30～16:30、※定期船の運航状況によって変動あり,館内各所
八丈町,八丈島空港ターミナル,八丈町大賀郷2839-2,https://www.kouwan.metro.tokyo.lg.jp/rito/tmg-airport/hachijojima/,,,,〇,利用時間7:45～17:30,待合ロビー
小笠原村,小笠原ビジターセンター,小笠原村父島字西町,https://www.tokyo-park.or.jp/nature/ogasawara/,,,,〇,開館時間:8:30～17:00　開館日:おがさわら丸・観光船入港中,館内各所
小笠原村,小笠原支庁,小笠原村父島字西町,https://www.soumu.metro.tokyo.lg.jp/07ogasawara/,,,,〇,休館日:土日祝、利用時間:9:00～17:00,館内各所